2026-09-26 22:17:13,866 INFO Loaded 1732544 baseline V1 predictions
2026-09-26 22:17:14,349 INFO Complete initial fallback files exist in student_resource\output_v9
2026-09-26 22:17:15,384 INFO Using existing V8 blend_50, threshold 0.620
2026-09-26 22:17:15,395 INFO Inference country priority: ['india', 'us', 'france']
2026-09-26 22:17:16,357 INFO BATCH india 400 records: exact=0.40s ann=0.00s model=0.55s total=0.96s 416.6 rows/s; time_left=210.0min
2026-09-26 22:17:17,209 INFO BATCH india 400 records: exact=0.31s ann=0.00s model=0.51s total=0.84s 476.9 rows/s; time_left=210.0min
2026-09-26 22:17:18,005 INFO BATCH india 400 records: exact=0.29s ann=0.00s model=0.49s total=0.79s 506.3 rows/s; time_left=210.0min
2026-09-26 22:17:18,863 INFO BATCH india 400 records: exact=0.33s ann=0.00s model=0.50s total=0.84s 474.4 rows/s; time_left=209.9min
2026-09-26 22:17:19,691 INFO BATCH india 400 records: exact=0.31s ann=0.00s model=0.49s total=0.82s 490.7 rows/s; time_left=209.9min
2026-09-26 22:17:20,725 INFO BATCH india 400 records: exact=0.48s ann=0.00s model=0.53s total=1.02s 391.5 rows/s; time_left=209.9min
2026-09-26 22:17:21,611 INFO BATCH india 400 records: exact=0.39s ann=0.00s model=0.46s total=0.87s 459.2 rows/s; time_left=209.9min
2026-09-26 22:17:22,517 INFO BATCH india 400 records: exact=0.41s ann=0.00s model=0.47s total=0.89s 448.0 rows/s; time_left=209.9min
2026-09-26 22:17:23,402 INFO BATCH india 400 records: exact=0.37s ann=0.00s model=0.49s total=0.87s 459.3 rows/s; time_left=209.9min
2026-09-26 22:17:24,254 INFO BATCH india 400 records: exact=0.37s ann=0.00s model=0.46s total=0.84s 476.8 rows/s; time_left=209.9min
2026-09-26 22:17:25,163 INFO BATCH india 400 records: exact=0.40s ann=0.00s model=0.48s total=0.90s 446.4 rows/s; time_left=209.8min
2026-09-26 22:17:25,994 INFO BATCH india 400 records: exact=0.35s ann=0.00s model=0.46s total=0.83s 483.8 rows/s; time_left=209.8min
2026-09-26 22:17:26,842 INFO BATCH india 400 records: exact=0.36s ann=0.00s model=0.47s total=0.84s 474.5 rows/s; time_left=209.8min
2026-09-26 22:17:26,854 INFO PROGRESS 5200/1732544 enhanced_rows=3948 fallback_rows=0
2026-09-26 22:17:27,720 INFO BATCH india 400 records: exact=0.37s ann=0.00s model=0.48s total=0.86s 462.6 rows/s; time_left=209.8min
2026-09-26 22:17:28,676 INFO BATCH india 400 records: exact=0.42s ann=0.00s model=0.51s total=0.94s 424.0 rows/s; time_left=209.8min
2026-09-26 22:17:29,598 INFO BATCH india 400 records: exact=0.40s ann=0.00s model=0.49s total=0.91s 441.2 rows/s; time_left=209.8min
2026-09-26 22:17:30,468 INFO BATCH india 400 records: exact=0.37s ann=0.00s model=0.48s total=0.86s 466.6 rows/s; time_left=209.7min
2026-09-26 22:17:31,367 INFO BATCH india 400 records: exact=0.39s ann=0.00s model=0.48s total=0.88s 452.5 rows/s; time_left=209.7min
2026-09-26 22:17:32,194 INFO BATCH india 400 records: exact=0.35s ann=0.00s model=0.45s total=0.81s 492.5 rows/s; time_left=209.7min
2026-09-26 22:17:33,092 INFO BATCH india 400 records: exact=0.39s ann=0.00s model=0.49s total=0.89s 447.8 rows/s; time_left=209.7min
2026-09-26 22:17:34,015 INFO BATCH india 400 records: exact=0.40s ann=0.00s model=0.49s total=0.91s 439.9 rows/s; time_left=209.7min
2026-09-26 22:17:34,862 INFO BATCH india 400 records: exact=0.35s ann=0.00s model=0.47s total=0.83s 479.9 rows/s; time_left=209.7min
2026-09-26 22:17:35,860 INFO BATCH india 400 records: exact=0.43s ann=0.00s model=0.55s total=0.98s 406.6 rows/s; time_left=209.7min
2026-09-26 22:17:36,719 INFO BATCH india 400 records: exact=0.39s ann=0.00s model=0.45s total=0.85s 468.2 rows/s; time_left=209.6min
2026-09-26 22:17:37,619 INFO BATCH india 400 records: exact=0.40s ann=0.00s model=0.47s total=0.89s 451.2 rows/s; time_left=209.6min
2026-09-26 22:17:37,623 INFO PROGRESS 10000/1732544 enhanced_rows=7550 fallback_rows=0
2026-09-26 22:17:38,524 INFO BATCH india 400 records: exact=0.40s ann=0.00s model=0.49s total=0.90s 444.4 rows/s; time_left=209.6min
2026-09-26 22:17:39,469 INFO BATCH india 400 records: exact=0.42s ann=0.00s model=0.50s total=0.93s 429.4 rows/s; time_left=209.6min
2026-09-26 22:17:40,419 INFO BATCH india 400 records: exact=0.41s ann=0.00s model=0.51s total=0.93s 427.9 rows/s; time_left=209.6min
2026-09-26 22:17:41,342 INFO BATCH india 400 records: exact=0.42s ann=0.00s model=0.48s total=0.91s 440.2 rows/s; time_left=209.6min
2026-09-26 22:17:42,217 INFO BATCH india 400 records: exact=0.37s ann=0.00s model=0.47s total=0.86s 464.9 rows/s; time_left=209.6min
2026-09-26 22:17:43,104 INFO BATCH india 400 records: exact=0.38s ann=0.00s model=0.48s total=0.88s 457.1 rows/s; time_left=209.5min
2026-09-26 22:17:43,984 INFO BATCH india 400 records: exact=0.38s ann=0.00s model=0.47s total=0.87s 462.3 rows/s; time_left=209.5min
2026-09-26 22:17:44,826 INFO BATCH india 400 records: exact=0.35s ann=0.00s model=0.46s total=0.83s 483.1 rows/s; time_left=209.5min
2026-09-26 22:17:45,660 INFO BATCH india 400 records: exact=0.36s ann=0.00s model=0.45s total=0.82s 487.6 rows/s; time_left=209.5min
2026-09-26 22:17:46,551 INFO BATCH india 400 records: exact=0.39s ann=0.00s model=0.47s total=0.88s 455.5 rows/s; time_left=209.5min
2026-09-26 22:17:47,390 INFO BATCH india 400 records: exact=0.37s ann=0.00s model=0.45s total=0.83s 479.8 rows/s; time_left=209.5min
2026-09-26 22:17:48,266 INFO BATCH india 400 records: exact=0.38s ann=0.00s model=0.47s total=0.86s 464.3 rows/s; time_left=209.5min
2026-09-26 22:17:49,166 INFO BATCH india 400 records: exact=0.39s ann=0.00s model=0.49s total=0.90s 446.8 rows/s; time_left=209.4min
2026-09-26 22:17:49,179 INFO PROGRESS 15200/1732544 enhanced_rows=11513 fallback_rows=0
2026-09-26 22:17:49,991 INFO BATCH india 400 records: exact=0.34s ann=0.00s model=0.45s total=0.81s 493.3 rows/s; time_left=209.4min
2026-09-26 22:17:50,900 INFO BATCH india 400 records: exact=0.40s ann=0.00s model=0.49s total=0.90s 443.8 rows/s; time_left=209.4min
2026-09-26 22:17:51,787 INFO BATCH india 400 records: exact=0.39s ann=0.00s model=0.47s total=0.87s 458.4 rows/s; time_left=209.4min
2026-09-26 22:17:52,678 INFO BATCH india 400 records: exact=0.38s ann=0.00s model=0.49s total=0.89s 451.4 rows/s; time_left=209.4min
2026-09-26 22:17:53,562 INFO BATCH india 400 records: exact=0.38s ann=0.00s model=0.47s total=0.87s 459.9 rows/s; time_left=209.4min
2026-09-26 22:17:54,490 INFO BATCH india 400 records: exact=0.41s ann=0.00s model=0.49s total=0.91s 437.6 rows/s; time_left=209.3min
2026-09-26 22:17:55,373 INFO BATCH india 400 records: exact=0.38s ann=0.00s model=0.48s total=0.88s 456.1 rows/s; time_left=209.3min
2026-09-26 22:17:56,285 INFO BATCH india 400 records: exact=0.38s ann=0.00s model=0.51s total=0.91s 440.7 rows/s; time_left=209.3min
2026-09-26 22:17:57,141 INFO BATCH india 400 records: exact=0.36s ann=0.00s model=0.47s total=0.85s 469.9 rows/s; time_left=209.3min
2026-09-26 22:17:58,087 INFO BATCH india 400 records: exact=0.41s ann=0.00s model=0.51s total=0.93s 428.8 rows/s; time_left=209.3min
2026-09-26 22:17:58,910 INFO BATCH india 400 records: exact=0.35s ann=0.00s model=0.46s total=0.82s 488.3 rows/s; time_left=209.3min
2026-09-26 22:17:59,860 INFO BATCH india 400 records: exact=0.41s ann=0.00s model=0.51s total=0.95s 423.3 rows/s; time_left=209.3min
2026-09-26 22:17:59,873 INFO PROGRESS 20000/1732544 enhanced_rows=15156 fallback_rows=0
2026-09-26 22:18:00,762 INFO BATCH india 400 records: exact=0.39s ann=0.00s model=0.49s total=0.89s 450.2 rows/s; time_left=209.2min
2026-09-26 22:18:01,658 INFO BATCH india 400 records: exact=0.38s ann=0.00s model=0.49s total=0.88s 453.0 rows/s; time_left=209.2min
2026-09-26 22:18:02,523 INFO BATCH india 400 records: exact=0.37s ann=0.00s model=0.47s total=0.86s 466.7 rows/s; time_left=209.2min
2026-09-26 22:18:03,377 INFO BATCH india 400 records: exact=0.35s ann=0.00s model=0.48s total=0.84s 476.1 rows/s; time_left=209.2min
2026-09-26 22:18:04,251 INFO BATCH india 400 records: exact=0.37s ann=0.00s model=0.49s total=0.87s 459.5 rows/s; time_left=209.2min
2026-09-26 22:18:05,139 INFO BATCH india 400 records: exact=0.39s ann=0.00s model=0.48s total=0.88s 453.8 rows/s; time_left=209.2min
2026-09-26 22:18:06,004 INFO BATCH india 400 records: exact=0.35s ann=0.00s model=0.49s total=0.85s 469.7 rows/s; time_left=209.2min
2026-09-26 22:18:06,946 INFO BATCH india 400 records: exact=0.42s ann=0.00s model=0.50s total=0.94s 426.3 rows/s; time_left=209.1min
2026-09-26 22:18:07,769 INFO BATCH india 400 records: exact=0.35s ann=0.00s model=0.46s total=0.82s 487.8 rows/s; time_left=209.1min
2026-09-26 22:18:08,626 INFO BATCH india 400 records: exact=0.37s ann=0.00s model=0.47s total=0.85s 468.7 rows/s; time_left=209.1min
2026-09-26 22:18:09,561 INFO BATCH india 400 records: exact=0.40s ann=0.00s model=0.51s total=0.93s 429.5 rows/s; time_left=209.1min
2026-09-26 22:18:10,452 INFO BATCH india 400 records: exact=0.38s ann=0.00s model=0.49s total=0.89s 451.7 rows/s; time_left=209.1min
2026-09-26 22:18:11,295 INFO BATCH india 400 records: exact=0.35s ann=0.00s model=0.46s total=0.83s 481.4 rows/s; time_left=209.1min
2026-09-26 22:18:11,298 INFO PROGRESS 25200/1732544 enhanced_rows=19091 fallback_rows=0
2026-09-26 22:18:12,215 INFO BATCH india 400 records: exact=0.40s ann=0.00s model=0.50s total=0.92s 436.5 rows/s; time_left=209.1min
2026-09-26 22:18:13,085 INFO BATCH india 400 records: exact=0.39s ann=0.00s model=0.46s total=0.87s 461.6 rows/s; time_left=209.0min
2026-09-26 22:18:13,940 INFO BATCH india 400 records: exact=0.36s ann=0.00s model=0.46s total=0.84s 475.8 rows/s; time_left=209.0min
2026-09-26 22:18:14,789 INFO BATCH india 400 records: exact=0.35s ann=0.00s model=0.47s total=0.84s 478.4 rows/s; time_left=209.0min
2026-09-26 22:18:15,657 INFO BATCH india 400 records: exact=0.36s ann=0.00s model=0.48s total=0.85s 467.9 rows/s; time_left=209.0min
2026-09-26 22:18:16,511 INFO BATCH india 400 records: exact=0.34s ann=0.00s model=0.49s total=0.85s 471.1 rows/s; time_left=209.0min
2026-09-26 22:18:17,323 INFO BATCH india 400 records: exact=0.33s ann=0.00s model=0.47s total=0.81s 495.1 rows/s; time_left=209.0min
2026-09-26 22:18:18,187 INFO BATCH india 400 records: exact=0.34s ann=0.00s model=0.49s total=0.85s 470.4 rows/s; time_left=209.0min
2026-09-26 22:18:19,039 INFO BATCH india 400 records: exact=0.35s ann=0.00s model=0.47s total=0.84s 477.4 rows/s; time_left=208.9min
2026-09-26 22:18:19,932 INFO BATCH india 400 records: exact=0.37s ann=0.00s model=0.50s total=0.88s 455.1 rows/s; time_left=208.9min
2026-09-26 22:18:20,798 INFO BATCH india 400 records: exact=0.35s ann=0.00s model=0.49s total=0.85s 469.1 rows/s; time_left=208.9min
2026-09-26 22:18:21,669 INFO BATCH india 400 records: exact=0.36s ann=0.00s model=0.48s total=0.86s 466.4 rows/s; time_left=208.9min
2026-09-26 22:18:21,682 INFO PROGRESS 30000/1732544 enhanced_rows=22792 fallback_rows=0
2026-09-26 22:18:22,481 INFO BATCH india 400 records: exact=0.34s ann=0.00s model=0.44s total=0.80s 501.3 rows/s; time_left=208.9min
2026-09-26 22:18:23,381 INFO BATCH india 400 records: exact=0.35s ann=0.00s model=0.52s total=0.89s 451.3 rows/s; time_left=208.9min
2026-09-26 22:18:24,205 INFO BATCH india 400 records: exact=0.32s ann=0.00s model=0.48s total=0.82s 488.2 rows/s; time_left=208.9min
2026-09-26 22:18:25,043 INFO BATCH india 400 records: exact=0.33s ann=0.00s model=0.48s total=0.82s 485.4 rows/s; time_left=208.8min
2026-09-26 22:18:25,881 INFO BATCH india 400 records: exact=0.33s ann=0.00s model=0.49s total=0.83s 480.7 rows/s; time_left=208.8min
2026-09-26 22:18:26,736 INFO BATCH india 400 records: exact=0.34s ann=0.00s model=0.49s total=0.84s 475.8 rows/s; time_left=208.8min
2026-09-26 22:18:27,616 INFO BATCH india 400 records: exact=0.35s ann=0.00s model=0.50s total=0.87s 462.2 rows/s; time_left=208.8min
2026-09-26 22:18:28,421 INFO BATCH india 400 records: exact=0.31s ann=0.00s model=0.46s total=0.79s 506.0 rows/s; time_left=208.8min
2026-09-26 22:18:29,234 INFO BATCH india 400 records: exact=0.32s ann=0.00s model=0.47s total=0.81s 494.4 rows/s; time_left=208.8min
2026-09-26 22:18:30,109 INFO BATCH india 400 records: exact=0.37s ann=0.00s model=0.49s total=0.87s 459.3 rows/s; time_left=208.8min
2026-09-26 22:18:30,956 INFO BATCH india 400 records: exact=0.34s ann=0.00s model=0.49s total=0.84s 475.6 rows/s; time_left=208.7min
2026-09-26 22:18:31,771 INFO BATCH india 400 records: exact=0.33s ann=0.00s model=0.46s total=0.80s 498.9 rows/s; time_left=208.7min
2026-09-26 22:18:32,663 INFO BATCH india 400 records: exact=0.36s ann=0.00s model=0.51s total=0.88s 455.1 rows/s; time_left=208.7min
2026-09-26 22:18:32,676 INFO PROGRESS 35200/1732544 enhanced_rows=26721 fallback_rows=0
2026-09-26 22:18:33,554 INFO BATCH india 400 records: exact=0.35s ann=0.00s model=0.51s total=0.88s 456.0 rows/s; time_left=208.7min
2026-09-26 22:18:34,440 INFO BATCH india 400 records: exact=0.34s ann=0.00s model=0.52s total=0.87s 458.4 rows/s; time_left=208.7min
2026-09-26 22:18:35,262 INFO BATCH india 400 records: exact=0.32s ann=0.00s model=0.47s total=0.81s 494.8 rows/s; time_left=208.7min
2026-09-26 22:18:36,148 INFO BATCH india 400 records: exact=0.36s ann=0.00s model=0.50s total=0.87s 458.6 rows/s; time_left=208.7min
2026-09-26 22:18:37,024 INFO BATCH india 400 records: exact=0.34s ann=0.00s model=0.51s total=0.87s 460.0 rows/s; time_left=208.6min
2026-09-26 22:18:37,853 INFO BATCH india 400 records: exact=0.33s ann=0.00s model=0.48s total=0.82s 485.5 rows/s; time_left=208.6min
2026-09-26 22:18:38,756 INFO BATCH india 400 records: exact=0.36s ann=0.00s model=0.51s total=0.89s 449.9 rows/s; time_left=208.6min
2026-09-26 22:18:39,603 INFO BATCH india 400 records: exact=0.34s ann=0.00s model=0.48s total=0.83s 479.6 rows/s; time_left=208.6min
2026-09-26 22:18:40,436 INFO BATCH india 400 records: exact=0.34s ann=0.00s model=0.46s total=0.82s 488.3 rows/s; time_left=208.6min
2026-09-26 22:18:41,351 INFO BATCH india 400 records: exact=0.37s ann=0.00s model=0.52s total=0.90s 444.2 rows/s; time_left=208.6min
2026-09-26 22:18:42,272 INFO BATCH india 400 records: exact=0.37s ann=0.00s model=0.52s total=0.91s 440.8 rows/s; time_left=208.6min
2026-09-26 22:18:43,134 INFO BATCH india 400 records: exact=0.35s ann=0.00s model=0.48s total=0.85s 471.3 rows/s; time_left=208.5min
2026-09-26 22:18:43,139 INFO PROGRESS 40000/1732544 enhanced_rows=30427 fallback_rows=0
2026-09-26 22:18:43,969 INFO BATCH india 400 records: exact=0.34s ann=0.00s model=0.48s total=0.83s 482.8 rows/s; time_left=208.5min
2026-09-26 22:18:44,811 INFO BATCH india 400 records: exact=0.31s ann=0.00s model=0.50s total=0.83s 482.6 rows/s; time_left=208.5min
2026-09-26 22:18:45,783 INFO BATCH india 400 records: exact=0.41s ann=0.00s model=0.52s total=0.96s 417.6 rows/s; time_left=208.5min
2026-09-26 22:18:46,665 INFO BATCH india 400 records: exact=0.35s ann=0.00s model=0.51s total=0.87s 457.7 rows/s; time_left=208.5min
2026-09-26 22:18:47,533 INFO BATCH india 400 records: exact=0.36s ann=0.00s model=0.48s total=0.86s 463.4 rows/s; time_left=208.5min
2026-09-26 22:18:48,473 INFO BATCH india 400 records: exact=0.36s ann=0.00s model=0.55s total=0.93s 432.1 rows/s; time_left=208.4min
2026-09-26 22:18:49,371 INFO BATCH india 400 records: exact=0.37s ann=0.00s model=0.50s total=0.88s 452.5 rows/s; time_left=208.4min
2026-09-26 22:18:50,275 INFO BATCH india 400 records: exact=0.37s ann=0.00s model=0.51s total=0.90s 445.2 rows/s; time_left=208.4min
2026-09-26 22:18:51,138 INFO BATCH india 400 records: exact=0.36s ann=0.00s model=0.48s total=0.85s 470.8 rows/s; time_left=208.4min
2026-09-26 22:18:51,978 INFO BATCH india 400 records: exact=0.34s ann=0.00s model=0.48s total=0.83s 479.6 rows/s; time_left=208.4min
2026-09-26 22:18:52,858 INFO BATCH india 400 records: exact=0.35s ann=0.00s model=0.51s total=0.88s 456.8 rows/s; time_left=208.4min
2026-09-26 22:18:53,761 INFO BATCH india 400 records: exact=0.36s ann=0.00s model=0.51s total=0.89s 449.6 rows/s; time_left=208.4min
2026-09-26 22:18:54,619 INFO BATCH india 400 records: exact=0.34s ann=0.00s model=0.49s total=0.84s 474.4 rows/s; time_left=208.3min
2026-09-26 22:18:54,622 INFO PROGRESS 45200/1732544 enhanced_rows=34405 fallback_rows=0
2026-09-26 22:18:55,520 INFO BATCH india 400 records: exact=0.37s ann=0.00s model=0.51s total=0.90s 446.2 rows/s; time_left=208.3min
2026-09-26 22:18:56,429 INFO BATCH india 400 records: exact=0.37s ann=0.00s model=0.52s total=0.90s 446.4 rows/s; time_left=208.3min
2026-09-26 22:18:57,316 INFO BATCH india 400 records: exact=0.37s ann=0.00s model=0.49s total=0.87s 458.5 rows/s; time_left=208.3min
2026-09-26 22:18:58,161 INFO BATCH india 400 records: exact=0.35s ann=0.00s model=0.48s total=0.84s 475.5 rows/s; time_left=208.3min
2026-09-26 22:18:59,015 INFO BATCH india 400 records: exact=0.35s ann=0.00s model=0.48s total=0.84s 475.5 rows/s; time_left=208.3min
2026-09-26 22:18:59,900 INFO BATCH india 400 records: exact=0.36s ann=0.00s model=0.50s total=0.88s 454.5 rows/s; time_left=208.3min
2026-09-26 22:19:00,709 INFO BATCH india 400 records: exact=0.31s ann=0.00s model=0.47s total=0.80s 502.2 rows/s; time_left=208.2min
2026-09-26 22:19:01,572 INFO BATCH india 400 records: exact=0.35s ann=0.00s model=0.49s total=0.85s 471.0 rows/s; time_left=208.2min
2026-09-26 22:19:02,487 INFO BATCH india 400 records: exact=0.39s ann=0.00s model=0.51s total=0.91s 439.4 rows/s; time_left=208.2min
2026-09-26 22:19:03,319 INFO BATCH india 400 records: exact=0.32s ann=0.00s model=0.49s total=0.83s 483.2 rows/s; time_left=208.2min
2026-09-26 22:19:04,129 INFO BATCH india 400 records: exact=0.33s ann=0.00s model=0.46s total=0.81s 496.7 rows/s; time_left=208.2min
2026-09-26 22:19:04,960 INFO BATCH india 400 records: exact=0.34s ann=0.00s model=0.47s total=0.83s 483.4 rows/s; time_left=208.2min
2026-09-26 22:19:04,971 INFO PROGRESS 50000/1732544 enhanced_rows=38054 fallback_rows=0
2026-09-26 22:19:05,830 INFO BATCH india 400 records: exact=0.35s ann=0.00s model=0.49s total=0.86s 466.2 rows/s; time_left=208.2min
2026-09-26 22:19:06,729 INFO BATCH india 400 records: exact=0.36s ann=0.00s model=0.51s total=0.89s 451.3 rows/s; time_left=208.1min
2026-09-26 22:19:07,539 INFO BATCH india 400 records: exact=0.31s ann=0.00s model=0.47s total=0.80s 502.0 rows/s; time_left=208.1min
2026-09-26 22:19:08,373 INFO BATCH india 400 records: exact=0.32s ann=0.00s model=0.49s total=0.83s 482.5 rows/s; time_left=208.1min
2026-09-26 22:19:09,243 INFO BATCH india 400 records: exact=0.36s ann=0.00s model=0.49s total=0.86s 462.8 rows/s; time_left=208.1min
2026-09-26 22:19:10,146 INFO BATCH india 400 records: exact=0.37s ann=0.00s model=0.51s total=0.90s 444.8 rows/s; time_left=208.1min
2026-09-26 22:19:10,988 INFO BATCH india 400 records: exact=0.33s ann=0.00s model=0.47s total=0.83s 484.5 rows/s; time_left=208.1min
2026-09-26 22:19:11,811 INFO BATCH india 400 records: exact=0.33s ann=0.00s model=0.47s total=0.82s 487.7 rows/s; time_left=208.1min
2026-09-26 22:19:12,612 INFO BATCH india 400 records: exact=0.31s ann=0.00s model=0.46s total=0.79s 507.4 rows/s; time_left=208.0min
2026-09-26 22:19:13,473 INFO BATCH india 400 records: exact=0.34s ann=0.00s model=0.50s total=0.86s 467.3 rows/s; time_left=208.0min
2026-09-26 22:19:14,365 INFO BATCH india 400 records: exact=0.37s ann=0.00s model=0.49s total=0.88s 454.9 rows/s; time_left=208.0min
2026-09-26 22:19:15,261 INFO BATCH india 400 records: exact=0.36s ann=0.00s model=0.51s total=0.88s 453.6 rows/s; time_left=208.0min
2026-09-26 22:19:16,141 INFO BATCH india 400 records: exact=0.36s ann=0.00s model=0.50s total=0.88s 457.0 rows/s; time_left=208.0min
2026-09-26 22:19:16,146 INFO PROGRESS 55200/1732544 enhanced_rows=42088 fallback_rows=0
2026-09-26 22:19:16,947 INFO BATCH india 400 records: exact=0.31s ann=0.00s model=0.47s total=0.80s 500.2 rows/s; time_left=208.0min
2026-09-26 22:19:17,842 INFO BATCH india 400 records: exact=0.36s ann=0.00s model=0.50s total=0.88s 454.5 rows/s; time_left=208.0min
2026-09-26 22:19:18,684 INFO BATCH india 400 records: exact=0.33s ann=0.00s model=0.49s total=0.84s 478.3 rows/s; time_left=207.9min
2026-09-26 22:19:19,563 INFO BATCH india 400 records: exact=0.35s ann=0.00s model=0.50s total=0.87s 462.3 rows/s; time_left=207.9min
2026-09-26 22:19:20,427 INFO BATCH india 400 records: exact=0.37s ann=0.00s model=0.48s total=0.86s 465.6 rows/s; time_left=207.9min
2026-09-26 22:19:21,210 INFO BATCH india 400 records: exact=0.31s ann=0.00s model=0.46s total=0.78s 514.2 rows/s; time_left=207.9min
2026-09-26 22:19:22,073 INFO BATCH india 400 records: exact=0.36s ann=0.00s model=0.48s total=0.85s 470.5 rows/s; time_left=207.9min
2026-09-26 22:19:22,940 INFO BATCH india 400 records: exact=0.35s ann=0.00s model=0.49s total=0.86s 464.0 rows/s; time_left=207.9min
2026-09-26 22:19:23,859 INFO BATCH india 400 records: exact=0.38s ann=0.00s model=0.52s total=0.91s 437.2 rows/s; time_left=207.9min
2026-09-26 22:19:24,726 INFO BATCH india 400 records: exact=0.35s ann=0.00s model=0.50s total=0.86s 463.4 rows/s; time_left=207.8min
2026-09-26 22:19:25,551 INFO BATCH india 400 records: exact=0.33s ann=0.00s model=0.48s total=0.82s 488.1 rows/s; time_left=207.8min
2026-09-26 22:19:26,408 INFO BATCH india 400 records: exact=0.35s ann=0.00s model=0.48s total=0.84s 473.6 rows/s; time_left=207.8min
2026-09-26 22:19:26,421 INFO PROGRESS 60000/1732544 enhanced_rows=45742 fallback_rows=0
2026-09-26 22:19:27,264 INFO BATCH india 400 records: exact=0.34s ann=0.00s model=0.49s total=0.84s 474.8 rows/s; time_left=207.8min
2026-09-26 22:19:28,131 INFO BATCH india 400 records: exact=0.34s ann=0.00s model=0.49s total=0.85s 469.3 rows/s; time_left=207.8min
2026-09-26 22:19:29,017 INFO BATCH india 400 records: exact=0.35s ann=0.00s model=0.51s total=0.87s 458.3 rows/s; time_left=207.8min
2026-09-26 22:19:29,834 INFO BATCH india 400 records: exact=0.31s ann=0.00s model=0.48s total=0.80s 498.4 rows/s; time_left=207.8min
2026-09-26 22:19:30,751 INFO BATCH india 400 records: exact=0.37s ann=0.00s model=0.52s total=0.90s 442.2 rows/s; time_left=207.7min
2026-09-26 22:19:31,632 INFO BATCH india 400 records: exact=0.36s ann=0.00s model=0.50s total=0.87s 460.9 rows/s; time_left=207.7min
2026-09-26 22:19:32,514 INFO BATCH india 400 records: exact=0.36s ann=0.00s model=0.51s total=0.88s 455.9 rows/s; time_left=207.7min
2026-09-26 22:19:33,347 INFO BATCH india 400 records: exact=0.32s ann=0.00s model=0.48s total=0.82s 487.8 rows/s; time_left=207.7min
2026-09-26 22:19:34,210 INFO BATCH india 400 records: exact=0.34s ann=0.00s model=0.48s total=0.85s 471.0 rows/s; time_left=207.7min
2026-09-26 22:19:35,017 INFO BATCH india 400 records: exact=0.31s ann=0.00s model=0.48s total=0.80s 499.4 rows/s; time_left=207.7min
2026-09-26 22:19:35,922 INFO BATCH india 400 records: exact=0.38s ann=0.00s model=0.50s total=0.89s 448.8 rows/s; time_left=207.7min
2026-09-26 22:19:36,837 INFO BATCH india 400 records: exact=0.37s ann=0.00s model=0.51s total=0.90s 443.4 rows/s; time_left=207.6min
2026-09-26 22:19:37,625 INFO BATCH india 400 records: exact=0.30s ann=0.00s model=0.47s total=0.78s 510.5 rows/s; time_left=207.6min
2026-09-26 22:19:37,637 INFO PROGRESS 65200/1732544 enhanced_rows=49711 fallback_rows=0
2026-09-26 22:19:38,520 INFO BATCH india 400 records: exact=0.31s ann=0.00s model=0.56s total=0.88s 453.8 rows/s; time_left=207.6min
2026-09-26 22:19:39,409 INFO BATCH india 400 records: exact=0.35s ann=0.00s model=0.51s total=0.88s 456.9 rows/s; time_left=207.6min
2026-09-26 22:19:40,273 INFO BATCH india 400 records: exact=0.34s ann=0.00s model=0.50s total=0.85s 469.6 rows/s; time_left=207.6min
2026-09-26 22:19:41,142 INFO BATCH india 400 records: exact=0.33s ann=0.00s model=0.50s total=0.85s 468.2 rows/s; time_left=207.6min
2026-09-26 22:19:41,964 INFO BATCH india 400 records: exact=0.32s ann=0.00s model=0.49s total=0.82s 489.1 rows/s; time_left=207.6min
2026-09-26 22:19:42,759 INFO BATCH india 400 records: exact=0.31s ann=0.00s model=0.47s total=0.79s 506.4 rows/s; time_left=207.5min
2026-09-26 22:19:43,584 INFO BATCH india 400 records: exact=0.32s ann=0.00s model=0.48s total=0.81s 493.9 rows/s; time_left=207.5min
2026-09-26 22:19:44,371 INFO BATCH india 400 records: exact=0.30s ann=0.00s model=0.46s total=0.77s 516.7 rows/s; time_left=207.5min
2026-09-26 22:19:45,169 INFO BATCH india 400 records: exact=0.31s ann=0.00s model=0.46s total=0.78s 510.0 rows/s; time_left=207.5min
2026-09-26 22:19:46,045 INFO BATCH india 400 records: exact=0.34s ann=0.00s model=0.51s total=0.87s 458.9 rows/s; time_left=207.5min
2026-09-26 22:19:46,877 INFO BATCH india 400 records: exact=0.32s ann=0.00s model=0.50s total=0.83s 483.5 rows/s; time_left=207.5min
2026-09-26 22:19:47,708 INFO BATCH india 400 records: exact=0.33s ann=0.00s model=0.49s total=0.83s 483.6 rows/s; time_left=207.5min
2026-09-26 22:19:47,721 INFO PROGRESS 70000/1732544 enhanced_rows=53434 fallback_rows=0
2026-09-26 22:19:48,503 INFO BATCH india 400 records: exact=0.30s ann=0.00s model=0.47s total=0.78s 512.0 rows/s; time_left=207.4min
2026-09-26 22:19:49,262 INFO BATCH india 400 records: exact=0.29s ann=0.00s model=0.44s total=0.75s 536.9 rows/s; time_left=207.4min
2026-09-26 22:19:50,104 INFO BATCH india 400 records: exact=0.31s ann=0.00s model=0.51s total=0.84s 477.6 rows/s; time_left=207.4min
2026-09-26 22:19:50,929 INFO BATCH india 400 records: exact=0.30s ann=0.00s model=0.50s total=0.81s 493.1 rows/s; time_left=207.4min
2026-09-26 22:19:51,745 INFO BATCH india 400 records: exact=0.32s ann=0.00s model=0.47s total=0.80s 498.9 rows/s; time_left=207.4min
2026-09-26 22:19:52,553 INFO BATCH india 400 records: exact=0.29s ann=0.00s model=0.48s total=0.79s 503.7 rows/s; time_left=207.4min
2026-09-26 22:19:53,341 INFO BATCH india 400 records: exact=0.29s ann=0.00s model=0.47s total=0.77s 516.4 rows/s; time_left=207.4min
2026-09-26 22:19:54,196 INFO BATCH india 400 records: exact=0.34s ann=0.00s model=0.49s total=0.85s 470.9 rows/s; time_left=207.4min
2026-09-26 22:19:55,067 INFO BATCH india 400 records: exact=0.33s ann=0.00s model=0.51s total=0.86s 466.3 rows/s; time_left=207.3min
2026-09-26 22:19:55,886 INFO BATCH india 400 records: exact=0.32s ann=0.00s model=0.47s total=0.81s 496.4 rows/s; time_left=207.3min
2026-09-26 22:19:56,597 INFO BATCH india 400 records: exact=0.25s ann=0.00s model=0.43s total=0.70s 574.9 rows/s; time_left=207.3min
2026-09-26 22:19:57,388 INFO BATCH india 400 records: exact=0.29s ann=0.00s model=0.47s total=0.78s 515.0 rows/s; time_left=207.3min
2026-09-26 22:19:58,253 INFO BATCH india 400 records: exact=0.34s ann=0.00s model=0.50s total=0.86s 465.0 rows/s; time_left=207.3min
2026-09-26 22:19:58,266 INFO PROGRESS 75200/1732544 enhanced_rows=57362 fallback_rows=0
2026-09-26 22:19:59,030 INFO BATCH india 400 records: exact=0.29s ann=0.00s model=0.46s total=0.76s 524.6 rows/s; time_left=207.3min
2026-09-26 22:19:59,854 INFO BATCH india 400 records: exact=0.31s ann=0.00s model=0.48s total=0.81s 493.8 rows/s; time_left=207.3min
2026-09-26 22:20:00,732 INFO BATCH india 400 records: exact=0.35s ann=0.00s model=0.50s total=0.86s 463.4 rows/s; time_left=207.2min
2026-09-26 22:20:01,575 INFO BATCH india 400 records: exact=0.33s ann=0.00s model=0.48s total=0.83s 482.6 rows/s; time_left=207.2min
2026-09-26 22:20:02,463 INFO BATCH india 400 records: exact=0.36s ann=0.00s model=0.51s total=0.88s 453.2 rows/s; time_left=207.2min
2026-09-26 22:20:03,241 INFO BATCH india 400 records: exact=0.30s ann=0.00s model=0.46s total=0.77s 516.7 rows/s; time_left=207.2min
2026-09-26 22:20:04,126 INFO BATCH india 400 records: exact=0.35s ann=0.00s model=0.50s total=0.87s 459.3 rows/s; time_left=207.2min
2026-09-26 22:20:04,968 INFO BATCH india 400 records: exact=0.32s ann=0.00s model=0.49s total=0.83s 483.0 rows/s; time_left=207.2min
2026-09-26 22:20:05,834 INFO BATCH india 400 records: exact=0.35s ann=0.00s model=0.48s total=0.85s 469.7 rows/s; time_left=207.2min
2026-09-26 22:20:06,649 INFO BATCH india 400 records: exact=0.32s ann=0.00s model=0.46s total=0.80s 499.5 rows/s; time_left=207.1min
2026-09-26 22:20:07,546 INFO BATCH india 400 records: exact=0.36s ann=0.00s model=0.51s total=0.88s 452.8 rows/s; time_left=207.1min
2026-09-26 22:20:08,424 INFO BATCH india 400 records: exact=0.36s ann=0.00s model=0.50s total=0.87s 457.6 rows/s; time_left=207.1min
2026-09-26 22:20:08,428 INFO PROGRESS 80000/1732544 enhanced_rows=61021 fallback_rows=0
2026-09-26 22:20:09,274 INFO BATCH india 400 records: exact=0.34s ann=0.00s model=0.49s total=0.85s 473.1 rows/s; time_left=207.1min
2026-09-26 22:20:10,061 INFO BATCH india 400 records: exact=0.31s ann=0.00s model=0.45s total=0.77s 517.3 rows/s; time_left=207.1min
2026-09-26 22:20:10,980 INFO BATCH india 400 records: exact=0.38s ann=0.00s model=0.52s total=0.91s 437.7 rows/s; time_left=207.1min
2026-09-26 22:20:11,752 INFO BATCH india 400 records: exact=0.29s ann=0.00s model=0.46s total=0.77s 522.4 rows/s; time_left=207.1min
2026-09-26 22:20:12,624 INFO BATCH india 400 records: exact=0.36s ann=0.00s model=0.49s total=0.86s 465.5 rows/s; time_left=207.0min
2026-09-26 22:20:13,448 INFO BATCH india 400 records: exact=0.33s ann=0.00s model=0.48s total=0.82s 488.8 rows/s; time_left=207.0min
2026-09-26 22:20:14,302 INFO BATCH india 400 records: exact=0.35s ann=0.00s model=0.48s total=0.84s 475.5 rows/s; time_left=207.0min
2026-09-26 22:20:15,165 INFO BATCH india 400 records: exact=0.35s ann=0.00s model=0.50s total=0.86s 465.6 rows/s; time_left=207.0min
2026-09-26 22:20:16,007 INFO BATCH india 400 records: exact=0.33s ann=0.00s model=0.49s total=0.84s 478.3 rows/s; time_left=207.0min
2026-09-26 22:20:16,895 INFO BATCH india 400 records: exact=0.37s ann=0.00s model=0.49s total=0.87s 457.8 rows/s; time_left=207.0min
2026-09-26 22:20:17,733 INFO BATCH india 400 records: exact=0.34s ann=0.00s model=0.47s total=0.82s 485.9 rows/s; time_left=207.0min
2026-09-26 22:20:18,593 INFO BATCH india 400 records: exact=0.34s ann=0.00s model=0.50s total=0.86s 467.6 rows/s; time_left=206.9min
2026-09-26 22:20:19,463 INFO BATCH india 400 records: exact=0.35s ann=0.00s model=0.49s total=0.85s 468.8 rows/s; time_left=206.9min
2026-09-26 22:20:19,474 INFO PROGRESS 85200/1732544 enhanced_rows=65008 fallback_rows=0
2026-09-26 22:20:20,286 INFO BATCH india 400 records: exact=0.32s ann=0.00s model=0.48s total=0.81s 493.4 rows/s; time_left=206.9min
2026-09-26 22:20:21,141 INFO BATCH india 400 records: exact=0.35s ann=0.00s model=0.48s total=0.84s 476.9 rows/s; time_left=206.9min
2026-09-26 22:20:22,045 INFO BATCH india 400 records: exact=0.34s ann=0.00s model=0.54s total=0.89s 448.6 rows/s; time_left=206.9min
2026-09-26 22:20:22,852 INFO BATCH india 400 records: exact=0.31s ann=0.00s model=0.48s total=0.80s 498.7 rows/s; time_left=206.9min
2026-09-26 22:20:23,682 INFO BATCH india 400 records: exact=0.32s ann=0.00s model=0.49s total=0.82s 489.5 rows/s; time_left=206.9min
2026-09-26 22:20:24,621 INFO BATCH india 400 records: exact=0.37s ann=0.00s model=0.53s total=0.93s 431.9 rows/s; time_left=206.8min
2026-09-26 22:20:25,432 INFO BATCH india 400 records: exact=0.31s ann=0.00s model=0.48s total=0.81s 496.3 rows/s; time_left=206.8min
2026-09-26 22:20:26,285 INFO BATCH india 400 records: exact=0.34s ann=0.00s model=0.50s total=0.85s 471.1 rows/s; time_left=206.8min
2026-09-26 22:20:27,150 INFO BATCH india 400 records: exact=0.34s ann=0.00s model=0.50s total=0.85s 470.6 rows/s; time_left=206.8min
2026-09-26 22:20:28,011 INFO BATCH india 400 records: exact=0.33s ann=0.00s model=0.50s total=0.85s 472.2 rows/s; time_left=206.8min
2026-09-26 22:20:28,824 INFO BATCH india 400 records: exact=0.31s ann=0.00s model=0.47s total=0.80s 500.5 rows/s; time_left=206.8min
2026-09-26 22:20:29,657 INFO BATCH india 400 records: exact=0.32s ann=0.00s model=0.48s total=0.83s 483.6 rows/s; time_left=206.8min
2026-09-26 22:20:29,670 INFO PROGRESS 90000/1732544 enhanced_rows=68680 fallback_rows=0
2026-09-26 22:20:30,516 INFO BATCH india 400 records: exact=0.35s ann=0.00s model=0.48s total=0.85s 473.1 rows/s; time_left=206.7min
2026-09-26 22:20:31,429 INFO BATCH india 400 records: exact=0.37s ann=0.00s model=0.51s total=0.90s 444.7 rows/s; time_left=206.7min
2026-09-26 22:20:32,314 INFO BATCH india 400 records: exact=0.37s ann=0.00s model=0.50s total=0.88s 453.9 rows/s; time_left=206.7min
2026-09-26 22:20:33,177 INFO BATCH india 400 records: exact=0.34s ann=0.00s model=0.49s total=0.85s 471.4 rows/s; time_left=206.7min
2026-09-26 22:20:34,028 INFO BATCH india 400 records: exact=0.34s ann=0.00s model=0.49s total=0.85s 472.4 rows/s; time_left=206.7min
2026-09-26 22:20:34,869 INFO BATCH india 400 records: exact=0.34s ann=0.00s model=0.48s total=0.83s 482.5 rows/s; time_left=206.7min
2026-09-26 22:20:35,650 INFO BATCH india 400 records: exact=0.30s ann=0.00s model=0.46s total=0.78s 515.1 rows/s; time_left=206.7min
2026-09-26 22:20:36,512 INFO BATCH india 400 records: exact=0.36s ann=0.00s model=0.48s total=0.86s 466.7 rows/s; time_left=206.6min
2026-09-26 22:20:37,367 INFO BATCH india 400 records: exact=0.33s ann=0.00s model=0.50s total=0.85s 470.4 rows/s; time_left=206.6min
2026-09-26 22:20:38,278 INFO BATCH india 400 records: exact=0.37s ann=0.00s model=0.51s total=0.90s 446.0 rows/s; time_left=206.6min
2026-09-26 22:20:39,139 INFO BATCH india 400 records: exact=0.33s ann=0.00s model=0.50s total=0.86s 467.5 rows/s; time_left=206.6min
2026-09-26 22:20:39,957 INFO BATCH india 400 records: exact=0.32s ann=0.00s model=0.47s total=0.80s 497.8 rows/s; time_left=206.6min
2026-09-26 22:20:40,750 INFO BATCH india 400 records: exact=0.31s ann=0.00s model=0.46s total=0.78s 513.8 rows/s; time_left=206.6min
2026-09-26 22:20:40,755 INFO PROGRESS 95200/1732544 enhanced_rows=72678 fallback_rows=0
2026-09-26 22:20:41,521 INFO BATCH india 400 records: exact=0.30s ann=0.00s model=0.45s total=0.76s 522.9 rows/s; time_left=206.6min
2026-09-26 22:20:42,299 INFO BATCH india 400 records: exact=0.28s ann=0.00s model=0.46s total=0.76s 524.2 rows/s; time_left=206.6min
2026-09-26 22:20:43,188 INFO BATCH india 400 records: exact=0.36s ann=0.00s model=0.51s total=0.88s 452.0 rows/s; time_left=206.5min
2026-09-26 22:20:43,952 INFO BATCH india 400 records: exact=0.29s ann=0.00s model=0.45s total=0.75s 533.2 rows/s; time_left=206.5min
2026-09-26 22:20:44,865 INFO BATCH india 400 records: exact=0.37s ann=0.00s model=0.52s total=0.91s 439.9 rows/s; time_left=206.5min
2026-09-26 22:20:45,800 INFO BATCH india 400 records: exact=0.40s ann=0.00s model=0.51s total=0.92s 434.7 rows/s; time_left=206.5min
2026-09-26 22:20:46,640 INFO BATCH india 400 records: exact=0.32s ann=0.00s model=0.48s total=0.82s 490.1 rows/s; time_left=206.5min
2026-09-26 22:20:47,524 INFO BATCH india 400 records: exact=0.34s ann=0.00s model=0.51s total=0.87s 459.5 rows/s; time_left=206.5min
2026-09-26 22:20:48,358 INFO BATCH india 400 records: exact=0.33s ann=0.00s model=0.48s total=0.82s 487.0 rows/s; time_left=206.5min
2026-09-26 22:20:49,188 INFO BATCH india 400 records: exact=0.32s ann=0.00s model=0.48s total=0.81s 491.8 rows/s; time_left=206.4min
2026-09-26 22:20:50,049 INFO BATCH india 400 records: exact=0.35s ann=0.00s model=0.48s total=0.86s 466.9 rows/s; time_left=206.4min
2026-09-26 22:20:50,885 INFO BATCH india 400 records: exact=0.34s ann=0.00s model=0.46s total=0.82s 487.4 rows/s; time_left=206.4min
2026-09-26 22:20:50,897 INFO PROGRESS 100000/1732544 enhanced_rows=76277 fallback_rows=0
2026-09-26 22:20:51,679 INFO BATCH india 400 records: exact=0.29s ann=0.00s model=0.47s total=0.78s 512.2 rows/s; time_left=206.4min
2026-09-26 22:20:52,522 INFO BATCH india 400 records: exact=0.31s ann=0.00s model=0.51s total=0.83s 482.1 rows/s; time_left=206.4min
2026-09-26 22:20:53,358 INFO BATCH india 400 records: exact=0.31s ann=0.00s model=0.49s total=0.82s 487.4 rows/s; time_left=206.4min
2026-09-26 22:20:54,190 INFO BATCH india 400 records: exact=0.31s ann=0.00s model=0.50s total=0.83s 484.7 rows/s; time_left=206.4min
2026-09-26 22:20:55,034 INFO BATCH india 400 records: exact=0.32s ann=0.00s model=0.49s total=0.83s 482.0 rows/s; time_left=206.3min
2026-09-26 22:20:55,901 INFO BATCH india 400 records: exact=0.33s ann=0.00s model=0.50s total=0.85s 468.7 rows/s; time_left=206.3min
2026-09-26 22:20:56,733 INFO BATCH india 400 records: exact=0.32s ann=0.00s model=0.48s total=0.82s 489.2 rows/s; time_left=206.3min
2026-09-26 22:20:57,558 INFO BATCH india 400 records: exact=0.32s ann=0.00s model=0.48s total=0.81s 492.4 rows/s; time_left=206.3min
2026-09-26 22:20:58,429 INFO BATCH india 400 records: exact=0.34s ann=0.00s model=0.51s total=0.86s 466.3 rows/s; time_left=206.3min
2026-09-26 22:20:59,162 INFO BATCH india 400 records: exact=0.27s ann=0.00s model=0.45s total=0.73s 549.1 rows/s; time_left=206.3min
2026-09-26 22:20:59,973 INFO BATCH india 400 records: exact=0.29s ann=0.00s model=0.49s total=0.80s 501.5 rows/s; time_left=206.3min
2026-09-26 22:21:00,747 INFO BATCH india 400 records: exact=0.29s ann=0.00s model=0.46s total=0.76s 526.1 rows/s; time_left=206.2min
2026-09-26 22:21:01,564 INFO BATCH india 400 records: exact=0.32s ann=0.00s model=0.47s total=0.80s 498.2 rows/s; time_left=206.2min
2026-09-26 22:21:01,568 INFO PROGRESS 105200/1732544 enhanced_rows=80268 fallback_rows=0
2026-09-26 22:21:02,373 INFO BATCH india 400 records: exact=0.32s ann=0.00s model=0.47s total=0.80s 497.4 rows/s; time_left=206.2min
2026-09-26 22:21:03,185 INFO BATCH india 400 records: exact=0.30s ann=0.00s model=0.48s total=0.80s 501.9 rows/s; time_left=206.2min
2026-09-26 22:21:04,005 INFO BATCH india 400 records: exact=0.31s ann=0.00s model=0.48s total=0.81s 496.7 rows/s; time_left=206.2min
2026-09-26 22:21:04,804 INFO BATCH india 400 records: exact=0.30s ann=0.00s model=0.47s total=0.78s 510.4 rows/s; time_left=206.2min
2026-09-26 22:21:05,638 INFO BATCH india 400 records: exact=0.32s ann=0.00s model=0.49s total=0.83s 482.5 rows/s; time_left=206.2min
2026-09-26 22:21:06,415 INFO BATCH india 400 records: exact=0.29s ann=0.00s model=0.46s total=0.77s 519.1 rows/s; time_left=206.1min
2026-09-26 22:21:07,214 INFO BATCH india 400 records: exact=0.30s ann=0.00s model=0.48s total=0.79s 508.9 rows/s; time_left=206.1min
2026-09-26 22:21:07,962 INFO BATCH india 400 records: exact=0.26s ann=0.00s model=0.46s total=0.73s 545.8 rows/s; time_left=206.1min
2026-09-26 22:21:08,760 INFO BATCH india 400 records: exact=0.29s ann=0.00s model=0.47s total=0.78s 510.2 rows/s; time_left=206.1min
2026-09-26 22:21:09,596 INFO BATCH india 400 records: exact=0.31s ann=0.00s model=0.49s total=0.82s 486.8 rows/s; time_left=206.1min
2026-09-26 22:21:10,413 INFO BATCH india 400 records: exact=0.31s ann=0.00s model=0.49s total=0.81s 492.2 rows/s; time_left=206.1min
2026-09-26 22:21:11,292 INFO BATCH india 400 records: exact=0.34s ann=0.00s model=0.50s total=0.87s 462.3 rows/s; time_left=206.1min
2026-09-26 22:21:11,306 INFO PROGRESS 110000/1732544 enhanced_rows=83978 fallback_rows=0
2026-09-26 22:21:12,120 INFO BATCH india 400 records: exact=0.32s ann=0.00s model=0.48s total=0.81s 491.8 rows/s; time_left=206.1min
2026-09-26 22:21:12,947 INFO BATCH india 400 records: exact=0.31s ann=0.00s model=0.48s total=0.81s 491.6 rows/s; time_left=206.0min
2026-09-26 22:21:13,764 INFO BATCH india 400 records: exact=0.30s ann=0.00s model=0.49s total=0.80s 497.8 rows/s; time_left=206.0min
2026-09-26 22:21:14,538 INFO BATCH india 400 records: exact=0.27s ann=0.00s model=0.48s total=0.77s 519.9 rows/s; time_left=206.0min
2026-09-26 22:21:15,397 INFO BATCH india 400 records: exact=0.34s ann=0.00s model=0.49s total=0.84s 473.4 rows/s; time_left=206.0min
2026-09-26 22:21:16,203 INFO BATCH india 400 records: exact=0.31s ann=0.00s model=0.47s total=0.79s 504.8 rows/s; time_left=206.0min
2026-09-26 22:21:17,101 INFO BATCH india 400 records: exact=0.35s ann=0.00s model=0.52s total=0.88s 452.8 rows/s; time_left=206.0min
2026-09-26 22:21:17,962 INFO BATCH india 400 records: exact=0.35s ann=0.00s model=0.48s total=0.85s 472.2 rows/s; time_left=206.0min
2026-09-26 22:21:18,745 INFO BATCH india 400 records: exact=0.30s ann=0.00s model=0.45s total=0.77s 519.2 rows/s; time_left=205.9min
2026-09-26 22:21:19,583 INFO BATCH india 400 records: exact=0.33s ann=0.00s model=0.48s total=0.82s 484.9 rows/s; time_left=205.9min
2026-09-26 22:21:20,482 INFO BATCH india 400 records: exact=0.38s ann=0.00s model=0.49s total=0.88s 452.4 rows/s; time_left=205.9min
2026-09-26 22:21:21,378 INFO BATCH india 400 records: exact=0.37s ann=0.00s model=0.50s total=0.89s 448.9 rows/s; time_left=205.9min
2026-09-26 22:21:22,207 INFO BATCH india 400 records: exact=0.33s ann=0.00s model=0.47s total=0.81s 494.5 rows/s; time_left=205.9min
2026-09-26 22:21:22,220 INFO PROGRESS 115200/1732544 enhanced_rows=87924 fallback_rows=0
2026-09-26 22:21:23,042 INFO BATCH india 400 records: exact=0.32s ann=0.00s model=0.49s total=0.82s 487.1 rows/s; time_left=205.9min
2026-09-26 22:21:23,899 INFO BATCH india 400 records: exact=0.35s ann=0.00s model=0.49s total=0.85s 469.4 rows/s; time_left=205.9min
2026-09-26 22:21:24,748 INFO BATCH india 400 records: exact=0.33s ann=0.00s model=0.49s total=0.84s 478.8 rows/s; time_left=205.8min
2026-09-26 22:21:25,657 INFO BATCH india 400 records: exact=0.37s ann=0.00s model=0.51s total=0.90s 443.1 rows/s; time_left=205.8min
2026-09-26 22:21:26,496 INFO BATCH india 400 records: exact=0.33s ann=0.00s model=0.48s total=0.82s 485.8 rows/s; time_left=205.8min
2026-09-26 22:21:27,310 INFO BATCH india 400 records: exact=0.31s ann=0.00s model=0.49s total=0.81s 493.9 rows/s; time_left=205.8min
2026-09-26 22:21:28,189 INFO BATCH india 400 records: exact=0.35s ann=0.00s model=0.51s total=0.87s 457.3 rows/s; time_left=205.8min
2026-09-26 22:21:29,053 INFO BATCH india 400 records: exact=0.33s ann=0.00s model=0.50s total=0.85s 470.3 rows/s; time_left=205.8min
2026-09-26 22:21:29,984 INFO BATCH india 400 records: exact=0.38s ann=0.00s model=0.53s total=0.92s 435.3 rows/s; time_left=205.8min
2026-09-26 22:21:30,770 INFO BATCH india 400 records: exact=0.29s ann=0.00s model=0.47s total=0.77s 518.1 rows/s; time_left=205.7min
2026-09-26 22:21:31,627 INFO BATCH india 400 records: exact=0.33s ann=0.00s model=0.50s total=0.84s 475.1 rows/s; time_left=205.7min
2026-09-26 22:21:32,546 INFO BATCH india 400 records: exact=0.36s ann=0.00s model=0.53s total=0.91s 441.7 rows/s; time_left=205.7min
2026-09-26 22:21:32,550 INFO PROGRESS 120000/1732544 enhanced_rows=91641 fallback_rows=0
2026-09-26 22:21:33,392 INFO BATCH india 400 records: exact=0.37s ann=0.00s model=0.46s total=0.84s 475.8 rows/s; time_left=205.7min
2026-09-26 22:21:34,271 INFO BATCH india 400 records: exact=0.36s ann=0.00s model=0.50s total=0.87s 457.3 rows/s; time_left=205.7min
2026-09-26 22:21:35,110 INFO BATCH india 400 records: exact=0.34s ann=0.00s model=0.48s total=0.83s 479.5 rows/s; time_left=205.7min
2026-09-26 22:21:36,012 INFO BATCH india 400 records: exact=0.36s ann=0.00s model=0.51s total=0.89s 450.7 rows/s; time_left=205.7min
2026-09-26 22:21:36,857 INFO BATCH india 400 records: exact=0.32s ann=0.00s model=0.49s total=0.83s 480.2 rows/s; time_left=205.6min
2026-09-26 22:21:37,668 INFO BATCH india 400 records: exact=0.31s ann=0.00s model=0.48s total=0.81s 496.0 rows/s; time_left=205.6min
2026-09-26 22:21:38,554 INFO BATCH india 400 records: exact=0.36s ann=0.00s model=0.50s total=0.87s 459.5 rows/s; time_left=205.6min
2026-09-26 22:21:39,425 INFO BATCH india 400 records: exact=0.33s ann=0.00s model=0.52s total=0.86s 465.8 rows/s; time_left=205.6min
2026-09-26 22:21:40,298 INFO BATCH india 400 records: exact=0.33s ann=0.00s model=0.51s total=0.86s 465.2 rows/s; time_left=205.6min
2026-09-26 22:21:41,175 INFO BATCH india 400 records: exact=0.34s ann=0.00s model=0.51s total=0.87s 458.8 rows/s; time_left=205.6min
2026-09-26 22:21:42,034 INFO BATCH india 400 records: exact=0.34s ann=0.00s model=0.49s total=0.85s 473.3 rows/s; time_left=205.6min
2026-09-26 22:21:42,918 INFO BATCH india 400 records: exact=0.35s ann=0.00s model=0.51s total=0.88s 455.8 rows/s; time_left=205.5min
2026-09-26 22:21:43,768 INFO BATCH india 400 records: exact=0.35s ann=0.00s model=0.48s total=0.84s 478.0 rows/s; time_left=205.5min
2026-09-26 22:21:43,773 INFO PROGRESS 125200/1732544 enhanced_rows=95582 fallback_rows=0
2026-09-26 22:21:44,600 INFO BATCH india 400 records: exact=0.33s ann=0.00s model=0.48s total=0.83s 483.8 rows/s; time_left=205.5min
2026-09-26 22:21:45,394 INFO BATCH india 400 records: exact=0.30s ann=0.00s model=0.48s total=0.79s 506.8 rows/s; time_left=205.5min
2026-09-26 22:21:46,267 INFO BATCH india 400 records: exact=0.35s ann=0.00s model=0.49s total=0.86s 465.6 rows/s; time_left=205.5min
2026-09-26 22:21:47,098 INFO BATCH india 400 records: exact=0.33s ann=0.00s model=0.48s total=0.83s 484.4 rows/s; time_left=205.5min
2026-09-26 22:21:48,000 INFO BATCH india 400 records: exact=0.36s ann=0.00s model=0.51s total=0.89s 450.2 rows/s; time_left=205.5min
2026-09-26 22:21:48,846 INFO BATCH india 400 records: exact=0.33s ann=0.00s model=0.49s total=0.83s 481.2 rows/s; time_left=205.4min
2026-09-26 22:21:49,663 INFO BATCH india 400 records: exact=0.32s ann=0.00s model=0.47s total=0.80s 498.0 rows/s; time_left=205.4min
2026-09-26 22:21:50,510 INFO BATCH india 400 records: exact=0.33s ann=0.00s model=0.49s total=0.83s 480.6 rows/s; time_left=205.4min
2026-09-26 22:21:51,331 INFO BATCH india 400 records: exact=0.31s ann=0.00s model=0.50s total=0.82s 489.7 rows/s; time_left=205.4min
2026-09-26 22:21:52,251 INFO BATCH india 400 records: exact=0.37s ann=0.00s model=0.52s total=0.91s 441.6 rows/s; time_left=205.4min
2026-09-26 22:21:53,024 INFO BATCH india 400 records: exact=0.30s ann=0.00s model=0.45s total=0.76s 526.2 rows/s; time_left=205.4min
2026-09-26 22:21:53,902 INFO BATCH india 400 records: exact=0.34s ann=0.00s model=0.51s total=0.86s 462.9 rows/s; time_left=205.4min
2026-09-26 22:21:53,916 INFO PROGRESS 130000/1732544 enhanced_rows=99233 fallback_rows=0
2026-09-26 22:21:54,762 INFO BATCH india 400 records: exact=0.34s ann=0.00s model=0.49s total=0.85s 473.2 rows/s; time_left=205.3min
2026-09-26 22:21:55,621 INFO BATCH india 400 records: exact=0.34s ann=0.00s model=0.49s total=0.84s 473.9 rows/s; time_left=205.3min
2026-09-26 22:21:56,456 INFO BATCH india 400 records: exact=0.32s ann=0.00s model=0.49s total=0.83s 481.6 rows/s; time_left=205.3min
2026-09-26 22:21:57,285 INFO BATCH india 400 records: exact=0.32s ann=0.00s model=0.48s total=0.81s 491.3 rows/s; time_left=205.3min
2026-09-26 22:21:58,095 INFO BATCH india 400 records: exact=0.31s ann=0.00s model=0.48s total=0.81s 496.2 rows/s; time_left=205.3min
2026-09-26 22:21:58,928 INFO BATCH india 400 records: exact=0.31s ann=0.00s model=0.50s total=0.82s 487.4 rows/s; time_left=205.3min
2026-09-26 22:21:59,804 INFO BATCH india 400 records: exact=0.36s ann=0.00s model=0.49s total=0.86s 463.5 rows/s; time_left=205.3min
2026-09-26 22:22:00,611 INFO BATCH india 400 records: exact=0.30s ann=0.00s model=0.47s total=0.79s 504.7 rows/s; time_left=205.2min
2026-09-26 22:22:01,438 INFO BATCH india 400 records: exact=0.32s ann=0.00s model=0.49s total=0.82s 486.3 rows/s; time_left=205.2min
2026-09-26 22:22:02,257 INFO BATCH india 400 records: exact=0.32s ann=0.00s model=0.48s total=0.82s 490.7 rows/s; time_left=205.2min
2026-09-26 22:22:03,092 INFO BATCH india 400 records: exact=0.32s ann=0.00s model=0.50s total=0.83s 481.7 rows/s; time_left=205.2min
2026-09-26 22:22:03,920 INFO BATCH india 400 records: exact=0.33s ann=0.00s model=0.48s total=0.82s 487.0 rows/s; time_left=205.2min
2026-09-26 22:22:04,653 INFO BATCH india 400 records: exact=0.26s ann=0.00s model=0.46s total=0.73s 548.2 rows/s; time_left=205.2min
2026-09-26 22:22:04,660 INFO PROGRESS 135200/1732544 enhanced_rows=103257 fallback_rows=0
2026-09-26 22:22:05,502 INFO BATCH india 400 records: exact=0.35s ann=0.00s model=0.48s total=0.84s 475.5 rows/s; time_left=205.2min
2026-09-26 22:22:06,379 INFO BATCH india 400 records: exact=0.34s ann=0.00s model=0.51s total=0.87s 458.1 rows/s; time_left=205.2min
2026-09-26 22:22:07,240 INFO BATCH india 400 records: exact=0.33s ann=0.00s model=0.50s total=0.85s 472.7 rows/s; time_left=205.1min
2026-09-26 22:22:08,040 INFO BATCH india 400 records: exact=0.30s ann=0.00s model=0.47s total=0.79s 508.0 rows/s; time_left=205.1min
2026-09-26 22:22:08,850 INFO BATCH india 400 records: exact=0.30s ann=0.00s model=0.48s total=0.80s 501.4 rows/s; time_left=205.1min
2026-09-26 22:22:09,671 INFO BATCH india 400 records: exact=0.31s ann=0.00s model=0.48s total=0.81s 496.1 rows/s; time_left=205.1min
2026-09-26 22:22:10,503 INFO BATCH india 400 records: exact=0.32s ann=0.00s model=0.50s total=0.83s 483.0 rows/s; time_left=205.1min
2026-09-26 22:22:11,301 INFO BATCH india 400 records: exact=0.29s ann=0.00s model=0.48s total=0.78s 510.5 rows/s; time_left=205.1min
2026-09-26 22:22:12,065 INFO BATCH india 400 records: exact=0.28s ann=0.00s model=0.46s total=0.75s 533.2 rows/s; time_left=205.1min
2026-09-26 22:22:12,913 INFO BATCH india 400 records: exact=0.33s ann=0.00s model=0.49s total=0.84s 479.0 rows/s; time_left=205.0min
2026-09-26 22:22:13,697 INFO BATCH india 400 records: exact=0.30s ann=0.00s model=0.46s total=0.77s 519.1 rows/s; time_left=205.0min
2026-09-26 22:22:14,510 INFO BATCH india 400 records: exact=0.30s ann=0.00s model=0.48s total=0.81s 494.4 rows/s; time_left=205.0min
2026-09-26 22:22:14,522 INFO PROGRESS 140000/1732544 enhanced_rows=106881 fallback_rows=0
2026-09-26 22:22:15,379 INFO BATCH india 400 records: exact=0.33s ann=0.00s model=0.51s total=0.86s 467.7 rows/s; time_left=205.0min
2026-09-26 22:22:16,240 INFO BATCH india 400 records: exact=0.31s ann=0.00s model=0.52s total=0.85s 471.4 rows/s; time_left=205.0min
2026-09-26 22:22:17,001 INFO BATCH india 400 records: exact=0.29s ann=0.00s model=0.44s total=0.75s 535.2 rows/s; time_left=205.0min
2026-09-26 22:22:17,787 INFO BATCH india 400 records: exact=0.28s ann=0.00s model=0.48s total=0.77s 517.5 rows/s; time_left=205.0min
2026-09-26 22:22:18,651 INFO BATCH india 400 records: exact=0.33s ann=0.00s model=0.52s total=0.86s 465.7 rows/s; time_left=204.9min
2026-09-26 22:22:19,480 INFO BATCH india 400 records: exact=0.32s ann=0.00s model=0.48s total=0.81s 491.7 rows/s; time_left=204.9min
2026-09-26 22:22:20,260 INFO BATCH india 400 records: exact=0.28s ann=0.00s model=0.47s total=0.77s 522.5 rows/s; time_left=204.9min
2026-09-26 22:22:21,052 INFO BATCH india 400 records: exact=0.28s ann=0.00s model=0.49s total=0.78s 513.5 rows/s; time_left=204.9min
2026-09-26 22:22:21,831 INFO BATCH india 400 records: exact=0.29s ann=0.00s model=0.47s total=0.77s 522.3 rows/s; time_left=204.9min
2026-09-26 22:22:22,690 INFO BATCH india 400 records: exact=0.33s ann=0.00s model=0.51s total=0.86s 467.8 rows/s; time_left=204.9min
2026-09-26 22:22:23,545 INFO BATCH india 400 records: exact=0.33s ann=0.00s model=0.49s total=0.84s 475.4 rows/s; time_left=204.9min
2026-09-26 22:22:24,377 INFO BATCH india 400 records: exact=0.32s ann=0.00s model=0.50s total=0.83s 483.4 rows/s; time_left=204.9min
2026-09-26 22:22:25,207 INFO BATCH india 400 records: exact=0.31s ann=0.00s model=0.49s total=0.82s 490.4 rows/s; time_left=204.8min
2026-09-26 22:22:25,220 INFO PROGRESS 145200/1732544 enhanced_rows=110916 fallback_rows=0
2026-09-26 22:22:26,042 INFO BATCH india 400 records: exact=0.32s ann=0.00s model=0.49s total=0.82s 486.7 rows/s; time_left=204.8min
2026-09-26 22:22:26,879 INFO BATCH india 400 records: exact=0.32s ann=0.00s model=0.50s total=0.83s 481.0 rows/s; time_left=204.8min
2026-09-26 22:22:27,688 INFO BATCH india 400 records: exact=0.29s ann=0.00s model=0.49s total=0.80s 502.7 rows/s; time_left=204.8min
2026-09-26 22:22:28,530 INFO BATCH india 400 records: exact=0.32s ann=0.00s model=0.50s total=0.84s 477.7 rows/s; time_left=204.8min
2026-09-26 22:22:29,420 INFO BATCH india 400 records: exact=0.35s ann=0.00s model=0.51s total=0.89s 451.6 rows/s; time_left=204.8min
2026-09-26 22:22:30,235 INFO BATCH india 400 records: exact=0.30s ann=0.00s model=0.49s total=0.80s 499.6 rows/s; time_left=204.8min
2026-09-26 22:22:30,991 INFO BATCH india 400 records: exact=0.27s ann=0.00s model=0.45s total=0.74s 539.9 rows/s; time_left=204.7min
2026-09-26 22:22:31,846 INFO BATCH india 400 records: exact=0.34s ann=0.00s model=0.48s total=0.84s 475.0 rows/s; time_left=204.7min
2026-09-26 22:22:32,701 INFO BATCH india 400 records: exact=0.34s ann=0.00s model=0.49s total=0.85s 472.0 rows/s; time_left=204.7min
2026-09-26 22:22:33,540 INFO BATCH india 400 records: exact=0.34s ann=0.00s model=0.48s total=0.83s 480.3 rows/s; time_left=204.7min
2026-09-26 22:22:34,413 INFO BATCH india 400 records: exact=0.36s ann=0.00s model=0.50s total=0.87s 461.1 rows/s; time_left=204.7min
2026-09-26 22:22:35,311 INFO BATCH india 400 records: exact=0.35s ann=0.00s model=0.52s total=0.88s 452.8 rows/s; time_left=204.7min
2026-09-26 22:22:35,324 INFO PROGRESS 150000/1732544 enhanced_rows=114617 fallback_rows=0
2026-09-26 22:22:36,116 INFO BATCH india 400 records: exact=0.31s ann=0.00s model=0.47s total=0.79s 505.5 rows/s; time_left=204.7min
2026-09-26 22:22:36,970 INFO BATCH india 400 records: exact=0.33s ann=0.00s model=0.50s total=0.84s 475.8 rows/s; time_left=204.6min
2026-09-26 22:22:37,755 INFO BATCH india 400 records: exact=0.31s ann=0.00s model=0.45s total=0.78s 513.1 rows/s; time_left=204.6min
2026-09-26 22:22:38,599 INFO BATCH india 400 records: exact=0.33s ann=0.00s model=0.50s total=0.84s 476.7 rows/s; time_left=204.6min
2026-09-26 22:22:39,391 INFO BATCH india 400 records: exact=0.31s ann=0.00s model=0.47s total=0.79s 507.9 rows/s; time_left=204.6min
2026-09-26 22:22:40,270 INFO BATCH india 400 records: exact=0.34s ann=0.00s model=0.50s total=0.86s 462.8 rows/s; time_left=204.6min
2026-09-26 22:22:41,021 INFO BATCH india 400 records: exact=0.28s ann=0.00s model=0.44s total=0.74s 543.1 rows/s; time_left=204.6min
2026-09-26 22:22:41,915 INFO BATCH india 400 records: exact=0.37s ann=0.00s model=0.51s total=0.89s 449.4 rows/s; time_left=204.6min
2026-09-26 22:22:42,748 INFO BATCH india 400 records: exact=0.32s ann=0.00s model=0.49s total=0.83s 482.8 rows/s; time_left=204.5min
2026-09-26 22:22:43,540 INFO BATCH india 400 records: exact=0.30s ann=0.00s model=0.47s total=0.79s 508.4 rows/s; time_left=204.5min
2026-09-26 22:22:44,353 INFO BATCH india 400 records: exact=0.33s ann=0.00s model=0.47s total=0.81s 495.5 rows/s; time_left=204.5min
2026-09-26 22:22:45,188 INFO BATCH india 400 records: exact=0.33s ann=0.00s model=0.48s total=0.82s 487.0 rows/s; time_left=204.5min
2026-09-26 22:22:46,024 INFO BATCH india 400 records: exact=0.34s ann=0.00s model=0.48s total=0.83s 480.7 rows/s; time_left=204.5min
2026-09-26 22:22:46,037 INFO PROGRESS 155200/1732544 enhanced_rows=118537 fallback_rows=0
2026-09-26 22:22:46,850 INFO BATCH india 400 records: exact=0.32s ann=0.00s model=0.47s total=0.81s 493.2 rows/s; time_left=204.5min
2026-09-26 22:22:47,737 INFO BATCH india 400 records: exact=0.36s ann=0.00s model=0.50s total=0.88s 453.7 rows/s; time_left=204.5min
2026-09-26 22:22:48,578 INFO BATCH india 400 records: exact=0.34s ann=0.00s model=0.48s total=0.84s 478.0 rows/s; time_left=204.4min
2026-09-26 22:22:49,381 INFO BATCH india 400 records: exact=0.31s ann=0.00s model=0.48s total=0.80s 500.9 rows/s; time_left=204.4min
2026-09-26 22:22:50,205 INFO BATCH india 400 records: exact=0.32s ann=0.00s model=0.47s total=0.81s 493.5 rows/s; time_left=204.4min
2026-09-26 22:22:51,031 INFO BATCH india 400 records: exact=0.32s ann=0.00s model=0.48s total=0.81s 491.8 rows/s; time_left=204.4min
2026-09-26 22:22:51,910 INFO BATCH india 400 records: exact=0.36s ann=0.00s model=0.50s total=0.87s 457.4 rows/s; time_left=204.4min
2026-09-26 22:22:52,801 INFO BATCH india 400 records: exact=0.36s ann=0.00s model=0.51s total=0.88s 452.0 rows/s; time_left=204.4min
2026-09-26 22:22:53,628 INFO BATCH india 400 records: exact=0.32s ann=0.00s model=0.48s total=0.82s 486.2 rows/s; time_left=204.4min
2026-09-26 22:22:54,495 INFO BATCH india 400 records: exact=0.34s ann=0.00s model=0.51s total=0.86s 464.2 rows/s; time_left=204.3min
2026-09-26 22:22:55,332 INFO BATCH india 400 records: exact=0.34s ann=0.00s model=0.47s total=0.82s 485.5 rows/s; time_left=204.3min
2026-09-26 22:22:56,112 INFO BATCH india 400 records: exact=0.30s ann=0.00s model=0.46s total=0.78s 516.0 rows/s; time_left=204.3min
2026-09-26 22:22:56,115 INFO PROGRESS 160000/1732544 enhanced_rows=122246 fallback_rows=0
2026-09-26 22:22:56,965 INFO BATCH india 400 records: exact=0.34s ann=0.00s model=0.49s total=0.85s 471.4 rows/s; time_left=204.3min
2026-09-26 22:22:57,770 INFO BATCH india 400 records: exact=0.31s ann=0.00s model=0.47s total=0.79s 505.4 rows/s; time_left=204.3min
2026-09-26 22:22:58,598 INFO BATCH india 400 records: exact=0.32s ann=0.00s model=0.48s total=0.81s 491.8 rows/s; time_left=204.3min
2026-09-26 22:22:59,408 INFO BATCH india 400 records: exact=0.31s ann=0.00s model=0.48s total=0.81s 496.8 rows/s; time_left=204.3min
2026-09-26 22:23:00,269 INFO BATCH india 400 records: exact=0.32s ann=0.00s model=0.51s total=0.85s 472.2 rows/s; time_left=204.3min
2026-09-26 22:23:01,137 INFO BATCH india 400 records: exact=0.36s ann=0.00s model=0.48s total=0.85s 468.6 rows/s; time_left=204.2min
2026-09-26 22:23:02,009 INFO BATCH india 400 records: exact=0.35s ann=0.00s model=0.49s total=0.86s 465.8 rows/s; time_left=204.2min
2026-09-26 22:23:02,796 INFO BATCH india 400 records: exact=0.30s ann=0.00s model=0.46s total=0.77s 516.7 rows/s; time_left=204.2min
2026-09-26 22:23:03,657 INFO BATCH india 400 records: exact=0.34s ann=0.00s model=0.50s total=0.86s 467.2 rows/s; time_left=204.2min
2026-09-26 22:23:04,512 INFO BATCH india 400 records: exact=0.35s ann=0.00s model=0.49s total=0.85s 470.6 rows/s; time_left=204.2min
2026-09-26 22:23:05,323 INFO BATCH india 400 records: exact=0.31s ann=0.00s model=0.47s total=0.80s 501.3 rows/s; time_left=204.2min
2026-09-26 22:23:06,160 INFO BATCH india 400 records: exact=0.30s ann=0.00s model=0.51s total=0.82s 484.9 rows/s; time_left=204.2min
2026-09-26 22:23:06,922 INFO BATCH india 400 records: exact=0.28s ann=0.00s model=0.46s total=0.75s 535.0 rows/s; time_left=204.1min
2026-09-26 22:23:06,926 INFO PROGRESS 165200/1732544 enhanced_rows=126262 fallback_rows=0
2026-09-26 22:23:07,850 INFO BATCH india 400 records: exact=0.38s ann=0.00s model=0.52s total=0.92s 433.3 rows/s; time_left=204.1min
2026-09-26 22:23:08,769 INFO BATCH india 400 records: exact=0.36s ann=0.00s model=0.53s total=0.91s 437.3 rows/s; time_left=204.1min
2026-09-26 22:23:09,605 INFO BATCH india 400 records: exact=0.33s ann=0.00s model=0.49s total=0.83s 481.4 rows/s; time_left=204.1min
2026-09-26 22:23:10,492 INFO BATCH india 400 records: exact=0.35s ann=0.00s model=0.52s total=0.88s 452.9 rows/s; time_left=204.1min
2026-09-26 22:23:11,297 INFO BATCH india 400 records: exact=0.31s ann=0.00s model=0.48s total=0.80s 499.5 rows/s; time_left=204.1min
2026-09-26 22:23:12,109 INFO BATCH india 400 records: exact=0.31s ann=0.00s model=0.48s total=0.80s 500.3 rows/s; time_left=204.1min
2026-09-26 22:23:13,018 INFO BATCH india 400 records: exact=0.36s ann=0.00s model=0.53s total=0.90s 442.6 rows/s; time_left=204.0min
2026-09-26 22:23:13,854 INFO BATCH india 400 records: exact=0.33s ann=0.00s model=0.49s total=0.83s 481.4 rows/s; time_left=204.0min
2026-09-26 22:23:14,736 INFO BATCH india 400 records: exact=0.36s ann=0.00s model=0.51s total=0.88s 455.5 rows/s; time_left=204.0min
2026-09-26 22:23:15,559 INFO BATCH india 400 records: exact=0.32s ann=0.00s model=0.48s total=0.82s 489.0 rows/s; time_left=204.0min
2026-09-26 22:23:16,361 INFO BATCH india 400 records: exact=0.30s ann=0.00s model=0.48s total=0.80s 501.6 rows/s; time_left=204.0min
2026-09-26 22:23:17,181 INFO BATCH india 400 records: exact=0.31s ann=0.00s model=0.49s total=0.82s 490.1 rows/s; time_left=204.0min
2026-09-26 22:23:17,193 INFO PROGRESS 170000/1732544 enhanced_rows=129930 fallback_rows=0
2026-09-26 22:23:18,001 INFO BATCH india 400 records: exact=0.31s ann=0.00s model=0.48s total=0.81s 495.3 rows/s; time_left=204.0min
2026-09-26 22:23:18,859 INFO BATCH india 400 records: exact=0.34s ann=0.00s model=0.49s total=0.85s 471.7 rows/s; time_left=203.9min
2026-09-26 22:23:19,686 INFO BATCH india 400 records: exact=0.32s ann=0.00s model=0.49s total=0.82s 486.4 rows/s; time_left=203.9min
2026-09-26 22:23:20,471 INFO BATCH india 400 records: exact=0.30s ann=0.00s model=0.47s total=0.78s 513.2 rows/s; time_left=203.9min
2026-09-26 22:23:21,431 INFO BATCH india 400 records: exact=0.35s ann=0.00s model=0.59s total=0.96s 418.0 rows/s; time_left=203.9min
2026-09-26 22:23:22,276 INFO BATCH india 400 records: exact=0.34s ann=0.00s model=0.48s total=0.84s 476.7 rows/s; time_left=203.9min
2026-09-26 22:23:23,163 INFO BATCH india 400 records: exact=0.36s ann=0.00s model=0.50s total=0.88s 453.8 rows/s; time_left=203.9min
2026-09-26 22:23:23,941 INFO BATCH india 400 records: exact=0.30s ann=0.00s model=0.46s total=0.77s 516.2 rows/s; time_left=203.9min
2026-09-26 22:23:24,702 INFO BATCH india 400 records: exact=0.29s ann=0.00s model=0.46s total=0.76s 529.2 rows/s; time_left=203.8min
2026-09-26 22:23:25,485 INFO BATCH india 400 records: exact=0.29s ann=0.00s model=0.47s total=0.78s 513.6 rows/s; time_left=203.8min
2026-09-26 22:23:26,303 INFO BATCH india 400 records: exact=0.30s ann=0.00s model=0.49s total=0.81s 496.5 rows/s; time_left=203.8min
2026-09-26 22:23:27,102 INFO BATCH india 400 records: exact=0.29s ann=0.00s model=0.47s total=0.79s 509.2 rows/s; time_left=203.8min
2026-09-26 22:23:27,938 INFO BATCH india 400 records: exact=0.32s ann=0.00s model=0.50s total=0.83s 481.0 rows/s; time_left=203.8min
2026-09-26 22:23:27,951 INFO PROGRESS 175200/1732544 enhanced_rows=133885 fallback_rows=0
2026-09-26 22:23:28,727 INFO BATCH india 400 records: exact=0.28s ann=0.00s model=0.48s total=0.77s 516.2 rows/s; time_left=203.8min
2026-09-26 22:23:29,565 INFO BATCH india 400 records: exact=0.31s ann=0.00s model=0.51s total=0.83s 480.6 rows/s; time_left=203.8min
2026-09-26 22:23:30,371 INFO BATCH india 400 records: exact=0.29s ann=0.00s model=0.49s total=0.79s 504.8 rows/s; time_left=203.8min
2026-09-26 22:23:31,171 INFO BATCH india 400 records: exact=0.30s ann=0.00s model=0.49s total=0.80s 503.1 rows/s; time_left=203.7min
2026-09-26 22:23:31,931 INFO BATCH india 400 records: exact=0.27s ann=0.00s model=0.46s total=0.75s 535.8 rows/s; time_left=203.7min
2026-09-26 22:23:32,732 INFO BATCH india 400 records: exact=0.28s ann=0.00s model=0.49s total=0.79s 508.1 rows/s; time_left=203.7min
2026-09-26 22:23:33,482 INFO BATCH india 400 records: exact=0.26s ann=0.00s model=0.47s total=0.75s 536.1 rows/s; time_left=203.7min
2026-09-26 22:23:34,305 INFO BATCH india 400 records: exact=0.30s ann=0.00s model=0.51s total=0.82s 488.4 rows/s; time_left=203.7min
2026-09-26 22:23:35,110 INFO BATCH india 400 records: exact=0.30s ann=0.00s model=0.49s total=0.80s 499.8 rows/s; time_left=203.7min
2026-09-26 22:23:35,998 INFO BATCH india 400 records: exact=0.35s ann=0.00s model=0.52s total=0.88s 453.1 rows/s; time_left=203.7min
2026-09-26 22:23:36,764 INFO BATCH india 400 records: exact=0.29s ann=0.00s model=0.46s total=0.76s 524.9 rows/s; time_left=203.6min
2026-09-26 22:23:37,556 INFO BATCH india 400 records: exact=0.28s ann=0.00s model=0.48s total=0.79s 507.9 rows/s; time_left=203.6min
2026-09-26 22:23:37,560 INFO PROGRESS 180000/1732544 enhanced_rows=137554 fallback_rows=0
2026-09-26 22:23:38,378 INFO BATCH india 400 records: exact=0.30s ann=0.00s model=0.50s total=0.82s 489.9 rows/s; time_left=203.6min
2026-09-26 22:23:39,184 INFO BATCH india 400 records: exact=0.31s ann=0.00s model=0.48s total=0.80s 498.8 rows/s; time_left=203.6min
2026-09-26 22:23:40,016 INFO BATCH india 400 records: exact=0.32s ann=0.00s model=0.49s total=0.83s 483.3 rows/s; time_left=203.6min
2026-09-26 22:23:40,806 INFO BATCH india 400 records: exact=0.30s ann=0.00s model=0.47s total=0.79s 509.2 rows/s; time_left=203.6min
2026-09-26 22:23:41,639 INFO BATCH india 400 records: exact=0.30s ann=0.00s model=0.50s total=0.82s 487.7 rows/s; time_left=203.6min
2026-09-26 22:23:42,395 INFO BATCH india 400 records: exact=0.27s ann=0.00s model=0.47s total=0.75s 532.0 rows/s; time_left=203.6min
2026-09-26 22:23:43,176 INFO BATCH india 400 records: exact=0.28s ann=0.00s model=0.48s total=0.78s 515.8 rows/s; time_left=203.5min
2026-09-26 22:23:43,982 INFO BATCH india 400 records: exact=0.30s ann=0.00s model=0.48s total=0.79s 504.1 rows/s; time_left=203.5min
2026-09-26 22:23:44,787 INFO BATCH india 400 records: exact=0.30s ann=0.00s model=0.48s total=0.80s 499.8 rows/s; time_left=203.5min
2026-09-26 22:23:45,616 INFO BATCH india 400 records: exact=0.30s ann=0.00s model=0.51s total=0.82s 485.0 rows/s; time_left=203.5min
2026-09-26 22:23:46,436 INFO BATCH india 400 records: exact=0.30s ann=0.00s model=0.50s total=0.82s 490.7 rows/s; time_left=203.5min
2026-09-26 22:23:47,222 INFO BATCH india 400 records: exact=0.28s ann=0.00s model=0.48s total=0.78s 511.5 rows/s; time_left=203.5min
2026-09-26 22:23:47,921 INFO BATCH india 400 records: exact=0.24s ann=0.00s model=0.44s total=0.70s 575.4 rows/s; time_left=203.5min
2026-09-26 22:23:47,927 INFO PROGRESS 185200/1732544 enhanced_rows=141565 fallback_rows=0
2026-09-26 22:23:48,772 INFO BATCH india 400 records: exact=0.32s ann=0.00s model=0.51s total=0.84s 473.8 rows/s; time_left=203.4min
2026-09-26 22:23:49,576 INFO BATCH india 400 records: exact=0.30s ann=0.00s model=0.49s total=0.80s 499.4 rows/s; time_left=203.4min
2026-09-26 22:23:50,358 INFO BATCH india 400 records: exact=0.29s ann=0.00s model=0.47s total=0.78s 515.1 rows/s; time_left=203.4min
2026-09-26 22:23:51,240 INFO BATCH india 400 records: exact=0.37s ann=0.00s model=0.50s total=0.88s 457.0 rows/s; time_left=203.4min
2026-09-26 22:23:52,025 INFO BATCH india 400 records: exact=0.30s ann=0.00s model=0.47s total=0.78s 511.8 rows/s; time_left=203.4min
2026-09-26 22:23:52,915 INFO BATCH india 400 records: exact=0.36s ann=0.00s model=0.51s total=0.89s 451.7 rows/s; time_left=203.4min
2026-09-26 22:23:53,719 INFO BATCH india 400 records: exact=0.31s ann=0.00s model=0.47s total=0.80s 499.5 rows/s; time_left=203.4min
2026-09-26 22:23:54,546 INFO BATCH india 400 records: exact=0.33s ann=0.00s model=0.47s total=0.82s 488.1 rows/s; time_left=203.3min
2026-09-26 22:23:55,363 INFO BATCH india 400 records: exact=0.32s ann=0.00s model=0.47s total=0.81s 492.5 rows/s; time_left=203.3min
2026-09-26 22:23:56,154 INFO BATCH india 400 records: exact=0.31s ann=0.00s model=0.46s total=0.79s 508.9 rows/s; time_left=203.3min
2026-09-26 22:23:56,982 INFO BATCH india 400 records: exact=0.32s ann=0.00s model=0.48s total=0.82s 487.2 rows/s; time_left=203.3min
2026-09-26 22:23:57,803 INFO BATCH india 400 records: exact=0.33s ann=0.00s model=0.47s total=0.82s 489.7 rows/s; time_left=203.3min
2026-09-26 22:23:57,806 INFO PROGRESS 190000/1732544 enhanced_rows=145260 fallback_rows=0
2026-09-26 22:23:58,634 INFO BATCH india 400 records: exact=0.33s ann=0.00s model=0.48s total=0.83s 483.6 rows/s; time_left=203.3min
2026-09-26 22:23:59,498 INFO BATCH india 400 records: exact=0.34s ann=0.00s model=0.50s total=0.86s 464.9 rows/s; time_left=203.3min
2026-09-26 22:24:00,226 INFO BATCH india 400 records: exact=0.27s ann=0.00s model=0.44s total=0.72s 552.9 rows/s; time_left=203.3min
2026-09-26 22:24:01,042 INFO BATCH india 400 records: exact=0.32s ann=0.00s model=0.48s total=0.81s 494.0 rows/s; time_left=203.2min
2026-09-26 22:24:01,907 INFO BATCH india 400 records: exact=0.34s ann=0.00s model=0.51s total=0.86s 465.8 rows/s; time_left=203.2min
2026-09-26 22:24:02,729 INFO BATCH india 400 records: exact=0.32s ann=0.00s model=0.48s total=0.82s 490.5 rows/s; time_left=203.2min
2026-09-26 22:24:03,567 INFO BATCH india 400 records: exact=0.34s ann=0.00s model=0.48s total=0.83s 479.8 rows/s; time_left=203.2min
2026-09-26 22:24:04,431 INFO BATCH india 400 records: exact=0.36s ann=0.00s model=0.48s total=0.86s 466.4 rows/s; time_left=203.2min
2026-09-26 22:24:05,326 INFO BATCH india 400 records: exact=0.36s ann=0.00s model=0.52s total=0.89s 449.1 rows/s; time_left=203.2min
2026-09-26 22:24:06,150 INFO BATCH india 400 records: exact=0.31s ann=0.00s model=0.50s total=0.82s 487.4 rows/s; time_left=203.2min
2026-09-26 22:24:07,034 INFO BATCH india 400 records: exact=0.38s ann=0.00s model=0.49s total=0.88s 454.8 rows/s; time_left=203.1min
2026-09-26 22:24:07,807 INFO BATCH india 400 records: exact=0.30s ann=0.00s model=0.45s total=0.77s 521.7 rows/s; time_left=203.1min
2026-09-26 22:24:08,675 INFO BATCH india 400 records: exact=0.34s ann=0.00s model=0.51s total=0.86s 463.8 rows/s; time_left=203.1min
2026-09-26 22:24:08,679 INFO PROGRESS 195200/1732544 enhanced_rows=149214 fallback_rows=0
2026-09-26 22:24:09,478 INFO BATCH india 400 records: exact=0.32s ann=0.00s model=0.46s total=0.80s 501.4 rows/s; time_left=203.1min
2026-09-26 22:24:10,263 INFO BATCH india 400 records: exact=0.30s ann=0.00s model=0.46s total=0.78s 512.4 rows/s; time_left=203.1min
2026-09-26 22:24:11,085 INFO BATCH india 400 records: exact=0.34s ann=0.00s model=0.47s total=0.82s 489.4 rows/s; time_left=203.1min
2026-09-26 22:24:11,952 INFO BATCH india 400 records: exact=0.36s ann=0.00s model=0.49s total=0.86s 463.4 rows/s; time_left=203.1min
2026-09-26 22:24:12,826 INFO BATCH india 400 records: exact=0.34s ann=0.00s model=0.50s total=0.87s 460.8 rows/s; time_left=203.0min
2026-09-26 22:24:13,710 INFO BATCH india 400 records: exact=0.36s ann=0.00s model=0.50s total=0.88s 454.9 rows/s; time_left=203.0min
2026-09-26 22:24:14,562 INFO BATCH india 400 records: exact=0.35s ann=0.00s model=0.48s total=0.85s 472.4 rows/s; time_left=203.0min
2026-09-26 22:24:15,405 INFO BATCH india 400 records: exact=0.32s ann=0.00s model=0.50s total=0.84s 476.5 rows/s; time_left=203.0min
2026-09-26 22:24:16,260 INFO BATCH india 400 records: exact=0.34s ann=0.00s model=0.49s total=0.85s 469.9 rows/s; time_left=203.0min
2026-09-26 22:24:17,126 INFO BATCH india 400 records: exact=0.34s ann=0.00s model=0.50s total=0.86s 463.9 rows/s; time_left=203.0min
2026-09-26 22:24:17,957 INFO BATCH india 400 records: exact=0.33s ann=0.00s model=0.49s total=0.83s 484.3 rows/s; time_left=203.0min
2026-09-26 22:24:18,767 INFO BATCH india 400 records: exact=0.32s ann=0.00s model=0.47s total=0.81s 496.4 rows/s; time_left=202.9min
2026-09-26 22:24:18,770 INFO PROGRESS 200000/1732544 enhanced_rows=152859 fallback_rows=0
2026-09-26 22:24:19,610 INFO BATCH india 400 records: exact=0.33s ann=0.00s model=0.49s total=0.84s 477.0 rows/s; time_left=202.9min
2026-09-26 22:24:20,494 INFO BATCH india 400 records: exact=0.35s ann=0.00s model=0.51s total=0.88s 455.8 rows/s; time_left=202.9min
2026-09-26 22:24:21,286 INFO BATCH india 400 records: exact=0.32s ann=0.00s model=0.46s total=0.79s 508.6 rows/s; time_left=202.9min
2026-09-26 22:24:22,067 INFO BATCH india 400 records: exact=0.30s ann=0.00s model=0.47s total=0.78s 514.7 rows/s; time_left=202.9min
2026-09-26 22:24:22,973 INFO BATCH india 400 records: exact=0.38s ann=0.00s model=0.51s total=0.90s 444.6 rows/s; time_left=202.9min
2026-09-26 22:24:23,774 INFO BATCH india 400 records: exact=0.32s ann=0.00s model=0.46s total=0.80s 502.4 rows/s; time_left=202.9min
2026-09-26 22:24:24,626 INFO BATCH india 400 records: exact=0.33s ann=0.00s model=0.51s total=0.85s 471.7 rows/s; time_left=202.8min
2026-09-26 22:24:25,395 INFO BATCH india 400 records: exact=0.28s ann=0.00s model=0.47s total=0.77s 522.6 rows/s; time_left=202.8min
2026-09-26 22:24:26,184 INFO BATCH india 400 records: exact=0.31s ann=0.00s model=0.46s total=0.78s 510.5 rows/s; time_left=202.8min
2026-09-26 22:24:27,019 INFO BATCH india 400 records: exact=0.32s ann=0.00s model=0.49s total=0.83s 481.7 rows/s; time_left=202.8min
2026-09-26 22:24:27,870 INFO BATCH india 400 records: exact=0.35s ann=0.00s model=0.49s total=0.85s 471.9 rows/s; time_left=202.8min
2026-09-26 22:24:28,715 INFO BATCH india 400 records: exact=0.33s ann=0.00s model=0.48s total=0.84s 477.8 rows/s; time_left=202.8min
2026-09-26 22:24:29,567 INFO BATCH india 400 records: exact=0.33s ann=0.00s model=0.50s total=0.85s 472.3 rows/s; time_left=202.8min
2026-09-26 22:24:29,573 INFO PROGRESS 205200/1732544 enhanced_rows=156803 fallback_rows=0
2026-09-26 22:24:30,356 INFO BATCH india 400 records: exact=0.29s ann=0.00s model=0.48s total=0.78s 511.5 rows/s; time_left=202.8min
2026-09-26 22:24:31,212 INFO BATCH india 400 records: exact=0.34s ann=0.00s model=0.49s total=0.85s 469.7 rows/s; time_left=202.7min
2026-09-26 22:24:32,109 INFO BATCH india 400 records: exact=0.36s ann=0.00s model=0.52s total=0.89s 448.7 rows/s; time_left=202.7min
2026-09-26 22:24:32,939 INFO BATCH india 400 records: exact=0.33s ann=0.00s model=0.47s total=0.82s 490.5 rows/s; time_left=202.7min
2026-09-26 22:24:33,798 INFO BATCH india 400 records: exact=0.35s ann=0.00s model=0.49s total=0.85s 469.4 rows/s; time_left=202.7min
2026-09-26 22:24:34,663 INFO BATCH india 400 records: exact=0.34s ann=0.00s model=0.51s total=0.86s 464.1 rows/s; time_left=202.7min
2026-09-26 22:24:35,542 INFO BATCH india 400 records: exact=0.35s ann=0.00s model=0.50s total=0.87s 458.9 rows/s; time_left=202.7min
2026-09-26 22:24:36,332 INFO BATCH india 400 records: exact=0.29s ann=0.00s model=0.48s total=0.79s 509.5 rows/s; time_left=202.7min
2026-09-26 22:24:37,106 INFO BATCH india 400 records: exact=0.30s ann=0.00s model=0.46s total=0.77s 519.1 rows/s; time_left=202.6min
2026-09-26 22:24:37,900 INFO BATCH india 400 records: exact=0.31s ann=0.00s model=0.47s total=0.79s 507.0 rows/s; time_left=202.6min
2026-09-26 22:24:38,714 INFO BATCH india 400 records: exact=0.32s ann=0.00s model=0.48s total=0.81s 495.2 rows/s; time_left=202.6min
2026-09-26 22:24:39,571 INFO BATCH india 400 records: exact=0.32s ann=0.00s model=0.50s total=0.85s 470.8 rows/s; time_left=202.6min
2026-09-26 22:24:39,576 INFO PROGRESS 210000/1732544 enhanced_rows=160473 fallback_rows=0
2026-09-26 22:24:40,441 INFO BATCH india 400 records: exact=0.35s ann=0.00s model=0.50s total=0.86s 462.8 rows/s; time_left=202.6min
2026-09-26 22:24:41,265 INFO BATCH india 400 records: exact=0.33s ann=0.00s model=0.48s total=0.82s 489.0 rows/s; time_left=202.6min
2026-09-26 22:24:42,078 INFO BATCH india 400 records: exact=0.30s ann=0.00s model=0.50s total=0.81s 495.3 rows/s; time_left=202.6min
2026-09-26 22:24:42,877 INFO BATCH india 400 records: exact=0.30s ann=0.00s model=0.47s total=0.79s 505.6 rows/s; time_left=202.5min
2026-09-26 22:24:43,713 INFO BATCH india 400 records: exact=0.33s ann=0.00s model=0.49s total=0.83s 482.3 rows/s; time_left=202.5min
2026-09-26 22:24:44,532 INFO BATCH india 400 records: exact=0.31s ann=0.00s model=0.50s total=0.81s 491.0 rows/s; time_left=202.5min
2026-09-26 22:24:45,334 INFO BATCH india 400 records: exact=0.29s ann=0.00s model=0.49s total=0.80s 503.0 rows/s; time_left=202.5min
2026-09-26 22:24:46,189 INFO BATCH india 400 records: exact=0.32s ann=0.00s model=0.51s total=0.85s 471.3 rows/s; time_left=202.5min
2026-09-26 22:24:46,990 INFO BATCH india 400 records: exact=0.30s ann=0.00s model=0.47s total=0.79s 507.6 rows/s; time_left=202.5min
2026-09-26 22:24:47,792 INFO BATCH india 400 records: exact=0.30s ann=0.00s model=0.49s total=0.80s 502.3 rows/s; time_left=202.5min
2026-09-26 22:24:48,638 INFO BATCH india 400 records: exact=0.32s ann=0.00s model=0.51s total=0.84s 474.1 rows/s; time_left=202.4min
2026-09-26 22:24:49,481 INFO BATCH india 400 records: exact=0.32s ann=0.00s model=0.50s total=0.83s 482.3 rows/s; time_left=202.4min
2026-09-26 22:24:50,335 INFO BATCH india 400 records: exact=0.32s ann=0.00s model=0.52s total=0.85s 471.6 rows/s; time_left=202.4min
2026-09-26 22:24:50,338 INFO PROGRESS 215200/1732544 enhanced_rows=164436 fallback_rows=0
2026-09-26 22:24:51,136 INFO BATCH india 400 records: exact=0.31s ann=0.00s model=0.47s total=0.80s 502.7 rows/s; time_left=202.4min
2026-09-26 22:24:52,004 INFO BATCH india 400 records: exact=0.32s ann=0.00s model=0.52s total=0.86s 464.5 rows/s; time_left=202.4min
2026-09-26 22:24:52,850 INFO BATCH india 400 records: exact=0.33s ann=0.00s model=0.50s total=0.84s 475.1 rows/s; time_left=202.4min
2026-09-26 22:24:53,644 INFO BATCH india 400 records: exact=0.29s ann=0.00s model=0.48s total=0.79s 507.7 rows/s; time_left=202.4min
2026-09-26 22:24:54,514 INFO BATCH india 400 records: exact=0.34s ann=0.00s model=0.51s total=0.86s 463.9 rows/s; time_left=202.3min
2026-09-26 22:24:55,331 INFO BATCH india 400 records: exact=0.31s ann=0.00s model=0.48s total=0.81s 492.6 rows/s; time_left=202.3min
2026-09-26 22:24:56,166 INFO BATCH india 400 records: exact=0.32s ann=0.00s model=0.50s total=0.83s 482.6 rows/s; time_left=202.3min
2026-09-26 22:24:56,945 INFO BATCH india 400 records: exact=0.28s ann=0.00s model=0.48s total=0.77s 516.8 rows/s; time_left=202.3min
2026-09-26 22:24:57,786 INFO BATCH india 400 records: exact=0.32s ann=0.00s model=0.50s total=0.84s 478.2 rows/s; time_left=202.3min
2026-09-26 22:24:58,580 INFO BATCH india 400 records: exact=0.30s ann=0.00s model=0.47s total=0.79s 508.3 rows/s; time_left=202.3min
2026-09-26 22:24:59,388 INFO BATCH india 400 records: exact=0.30s ann=0.00s model=0.49s total=0.81s 496.7 rows/s; time_left=202.3min
2026-09-26 22:25:00,169 INFO BATCH india 400 records: exact=0.30s ann=0.00s model=0.46s total=0.78s 515.5 rows/s; time_left=202.3min
2026-09-26 22:25:00,175 INFO PROGRESS 220000/1732544 enhanced_rows=168068 fallback_rows=0
2026-09-26 22:25:01,028 INFO BATCH india 400 records: exact=0.32s ann=0.00s model=0.52s total=0.85s 469.1 rows/s; time_left=202.2min
2026-09-26 22:25:01,868 INFO BATCH india 400 records: exact=0.31s ann=0.00s model=0.51s total=0.83s 480.6 rows/s; time_left=202.2min
2026-09-26 22:25:02,695 INFO BATCH india 400 records: exact=0.31s ann=0.00s model=0.50s total=0.82s 487.4 rows/s; time_left=202.2min
2026-09-26 22:25:03,477 INFO BATCH india 400 records: exact=0.28s ann=0.00s model=0.48s total=0.78s 514.6 rows/s; time_left=202.2min
2026-09-26 22:25:04,402 INFO BATCH india 400 records: exact=0.36s ann=0.00s model=0.54s total=0.92s 436.4 rows/s; time_left=202.2min
2026-09-26 22:25:05,296 INFO BATCH india 400 records: exact=0.34s ann=0.00s model=0.54s total=0.89s 449.6 rows/s; time_left=202.2min
2026-09-26 22:25:06,161 INFO BATCH india 400 records: exact=0.33s ann=0.00s model=0.51s total=0.85s 469.7 rows/s; time_left=202.2min
2026-09-26 22:25:07,007 INFO BATCH india 400 records: exact=0.31s ann=0.00s model=0.52s total=0.84s 475.0 rows/s; time_left=202.1min
2026-09-26 22:25:07,851 INFO BATCH india 400 records: exact=0.31s ann=0.00s model=0.52s total=0.84s 478.7 rows/s; time_left=202.1min
2026-09-26 22:25:08,654 INFO BATCH india 400 records: exact=0.30s ann=0.00s model=0.48s total=0.80s 501.4 rows/s; time_left=202.1min
2026-09-26 22:25:09,536 INFO BATCH india 400 records: exact=0.35s ann=0.00s model=0.51s total=0.88s 456.7 rows/s; time_left=202.1min
2026-09-26 22:25:10,396 INFO BATCH india 400 records: exact=0.34s ann=0.00s model=0.50s total=0.85s 468.1 rows/s; time_left=202.1min
2026-09-26 22:25:11,234 INFO BATCH india 400 records: exact=0.32s ann=0.00s model=0.49s total=0.83s 480.3 rows/s; time_left=202.1min
2026-09-26 22:25:11,240 INFO PROGRESS 225200/1732544 enhanced_rows=172041 fallback_rows=0
2026-09-26 22:25:12,148 INFO BATCH india 400 records: exact=0.37s ann=0.00s model=0.52s total=0.91s 440.9 rows/s; time_left=202.1min
2026-09-26 22:25:13,106 INFO BATCH india 400 records: exact=0.39s ann=0.00s model=0.55s total=0.95s 420.1 rows/s; time_left=202.0min
2026-09-26 22:25:13,938 INFO BATCH india 400 records: exact=0.30s ann=0.00s model=0.49s total=0.82s 488.6 rows/s; time_left=202.0min
2026-09-26 22:25:14,848 INFO BATCH india 400 records: exact=0.37s ann=0.00s model=0.51s total=0.90s 446.5 rows/s; time_left=202.0min
2026-09-26 22:25:15,884 INFO BATCH india 400 records: exact=0.46s ann=0.00s model=0.54s total=1.02s 391.6 rows/s; time_left=202.0min
2026-09-26 22:25:16,857 INFO BATCH india 400 records: exact=0.39s ann=0.00s model=0.54s total=0.96s 417.4 rows/s; time_left=202.0min
2026-09-26 22:25:17,724 INFO BATCH india 400 records: exact=0.34s ann=0.00s model=0.51s total=0.86s 464.6 rows/s; time_left=202.0min
2026-09-26 22:25:18,641 INFO BATCH india 400 records: exact=0.38s ann=0.00s model=0.52s total=0.91s 438.8 rows/s; time_left=201.9min
2026-09-26 22:25:19,447 INFO BATCH india 400 records: exact=0.31s ann=0.00s model=0.48s total=0.80s 501.0 rows/s; time_left=201.9min
2026-09-26 22:25:20,266 INFO BATCH india 400 records: exact=0.32s ann=0.00s model=0.47s total=0.80s 497.2 rows/s; time_left=201.9min
2026-09-26 22:25:21,056 INFO BATCH india 400 records: exact=0.29s ann=0.00s model=0.47s total=0.78s 515.6 rows/s; time_left=201.9min
2026-09-26 22:25:21,887 INFO BATCH india 400 records: exact=0.33s ann=0.00s model=0.47s total=0.82s 488.9 rows/s; time_left=201.9min
2026-09-26 22:25:21,891 INFO PROGRESS 230000/1732544 enhanced_rows=175669 fallback_rows=0
2026-09-26 22:25:22,683 INFO BATCH india 400 records: exact=0.30s ann=0.00s model=0.48s total=0.79s 505.9 rows/s; time_left=201.9min
2026-09-26 22:25:23,497 INFO BATCH india 400 records: exact=0.31s ann=0.00s model=0.48s total=0.81s 494.2 rows/s; time_left=201.9min
2026-09-26 22:25:24,302 INFO BATCH india 400 records: exact=0.32s ann=0.00s model=0.47s total=0.80s 501.1 rows/s; time_left=201.9min
2026-09-26 22:25:25,115 INFO BATCH india 400 records: exact=0.32s ann=0.00s model=0.47s total=0.81s 495.9 rows/s; time_left=201.8min
2026-09-26 22:25:25,982 INFO BATCH india 400 records: exact=0.34s ann=0.00s model=0.51s total=0.86s 465.3 rows/s; time_left=201.8min
2026-09-26 22:25:26,818 INFO BATCH india 400 records: exact=0.33s ann=0.00s model=0.49s total=0.83s 480.8 rows/s; time_left=201.8min
2026-09-26 22:25:27,641 INFO BATCH india 400 records: exact=0.34s ann=0.00s model=0.46s total=0.82s 489.5 rows/s; time_left=201.8min
2026-09-26 22:25:28,504 INFO BATCH india 400 records: exact=0.34s ann=0.00s model=0.50s total=0.86s 466.7 rows/s; time_left=201.8min
2026-09-26 22:25:29,316 INFO BATCH india 400 records: exact=0.30s ann=0.00s model=0.49s total=0.81s 495.6 rows/s; time_left=201.8min
2026-09-26 22:25:30,103 INFO BATCH india 400 records: exact=0.31s ann=0.00s model=0.46s total=0.78s 510.7 rows/s; time_left=201.8min
2026-09-26 22:25:30,946 INFO BATCH india 400 records: exact=0.34s ann=0.00s model=0.48s total=0.84s 477.6 rows/s; time_left=201.7min
2026-09-26 22:25:31,796 INFO BATCH india 400 records: exact=0.34s ann=0.00s model=0.49s total=0.84s 473.5 rows/s; time_left=201.7min
2026-09-26 22:25:32,614 INFO BATCH india 400 records: exact=0.32s ann=0.00s model=0.48s total=0.81s 491.9 rows/s; time_left=201.7min
2026-09-26 22:25:32,628 INFO PROGRESS 235200/1732544 enhanced_rows=179603 fallback_rows=0
2026-09-26 22:25:33,503 INFO BATCH india 400 records: exact=0.35s ann=0.00s model=0.51s total=0.87s 457.3 rows/s; time_left=201.7min
2026-09-26 22:25:34,313 INFO BATCH india 400 records: exact=0.30s ann=0.00s model=0.48s total=0.80s 502.7 rows/s; time_left=201.7min
2026-09-26 22:25:35,163 INFO BATCH india 400 records: exact=0.34s ann=0.00s model=0.48s total=0.83s 479.3 rows/s; time_left=201.7min
2026-09-26 22:25:36,015 INFO BATCH india 400 records: exact=0.33s ann=0.00s model=0.49s total=0.84s 477.1 rows/s; time_left=201.7min
2026-09-26 22:25:36,824 INFO BATCH india 400 records: exact=0.31s ann=0.00s model=0.47s total=0.80s 502.9 rows/s; time_left=201.6min
2026-09-26 22:25:37,592 INFO BATCH india 400 records: exact=0.29s ann=0.00s model=0.46s total=0.76s 524.6 rows/s; time_left=201.6min
2026-09-26 22:25:38,417 INFO BATCH india 400 records: exact=0.31s ann=0.00s model=0.48s total=0.82s 487.7 rows/s; time_left=201.6min
2026-09-26 22:25:39,206 INFO BATCH india 400 records: exact=0.30s ann=0.00s model=0.47s total=0.78s 510.7 rows/s; time_left=201.6min
2026-09-26 22:25:40,023 INFO BATCH india 400 records: exact=0.31s ann=0.00s model=0.48s total=0.80s 498.2 rows/s; time_left=201.6min
2026-09-26 22:25:40,857 INFO BATCH india 400 records: exact=0.32s ann=0.00s model=0.49s total=0.82s 486.3 rows/s; time_left=201.6min
2026-09-26 22:25:41,704 INFO BATCH india 400 records: exact=0.34s ann=0.00s model=0.49s total=0.84s 474.5 rows/s; time_left=201.6min
2026-09-26 22:25:42,545 INFO BATCH india 400 records: exact=0.33s ann=0.00s model=0.48s total=0.83s 482.7 rows/s; time_left=201.5min
2026-09-26 22:25:42,559 INFO PROGRESS 240000/1732544 enhanced_rows=183253 fallback_rows=0
2026-09-26 22:25:43,375 INFO BATCH india 400 records: exact=0.33s ann=0.00s model=0.47s total=0.82s 490.7 rows/s; time_left=201.5min
2026-09-26 22:25:44,216 INFO BATCH india 400 records: exact=0.32s ann=0.00s model=0.50s total=0.84s 478.9 rows/s; time_left=201.5min
2026-09-26 22:25:45,081 INFO BATCH india 400 records: exact=0.33s ann=0.00s model=0.50s total=0.85s 469.6 rows/s; time_left=201.5min
2026-09-26 22:25:45,890 INFO BATCH india 400 records: exact=0.30s ann=0.00s model=0.49s total=0.80s 498.2 rows/s; time_left=201.5min
2026-09-26 22:25:46,778 INFO BATCH india 400 records: exact=0.36s ann=0.00s model=0.51s total=0.88s 452.5 rows/s; time_left=201.5min
2026-09-26 22:25:47,625 INFO BATCH india 400 records: exact=0.33s ann=0.00s model=0.49s total=0.84s 478.8 rows/s; time_left=201.5min
2026-09-26 22:25:48,523 INFO BATCH india 400 records: exact=0.34s ann=0.00s model=0.52s total=0.89s 451.9 rows/s; time_left=201.4min
2026-09-26 22:25:49,381 INFO BATCH india 400 records: exact=0.34s ann=0.00s model=0.49s total=0.84s 474.3 rows/s; time_left=201.4min
2026-09-26 22:25:50,246 INFO BATCH india 400 records: exact=0.35s ann=0.00s model=0.50s total=0.86s 464.2 rows/s; time_left=201.4min
2026-09-26 22:25:51,118 INFO BATCH india 400 records: exact=0.35s ann=0.00s model=0.50s total=0.87s 461.8 rows/s; time_left=201.4min
2026-09-26 22:25:51,947 INFO BATCH india 400 records: exact=0.33s ann=0.00s model=0.48s total=0.82s 486.5 rows/s; time_left=201.4min
2026-09-26 22:25:52,806 INFO BATCH india 400 records: exact=0.35s ann=0.00s model=0.49s total=0.85s 469.4 rows/s; time_left=201.4min
2026-09-26 22:25:53,571 INFO BATCH india 400 records: exact=0.28s ann=0.00s model=0.46s total=0.76s 527.5 rows/s; time_left=201.4min
2026-09-26 22:25:53,574 INFO PROGRESS 245200/1732544 enhanced_rows=187225 fallback_rows=0
2026-09-26 22:25:54,383 INFO BATCH india 400 records: exact=0.32s ann=0.00s model=0.47s total=0.81s 494.6 rows/s; time_left=201.4min
2026-09-26 22:25:55,274 INFO BATCH india 400 records: exact=0.37s ann=0.00s model=0.50s total=0.89s 451.9 rows/s; time_left=201.3min
2026-09-26 22:25:56,060 INFO BATCH india 400 records: exact=0.29s ann=0.00s model=0.47s total=0.77s 517.7 rows/s; time_left=201.3min
2026-09-26 22:25:56,903 INFO BATCH india 400 records: exact=0.34s ann=0.00s model=0.48s total=0.84s 478.7 rows/s; time_left=201.3min
2026-09-26 22:25:57,704 INFO BATCH india 400 records: exact=0.30s ann=0.00s model=0.49s total=0.80s 502.9 rows/s; time_left=201.3min
2026-09-26 22:25:58,511 INFO BATCH india 400 records: exact=0.30s ann=0.00s model=0.48s total=0.80s 500.2 rows/s; time_left=201.3min
2026-09-26 22:25:59,298 INFO BATCH india 400 records: exact=0.29s ann=0.00s model=0.48s total=0.78s 511.2 rows/s; time_left=201.3min
2026-09-26 22:26:00,089 INFO BATCH india 400 records: exact=0.29s ann=0.00s model=0.48s total=0.78s 511.0 rows/s; time_left=201.3min
2026-09-26 22:26:00,862 INFO BATCH india 400 records: exact=0.27s ann=0.00s model=0.48s total=0.77s 520.6 rows/s; time_left=201.2min
2026-09-26 22:26:01,713 INFO BATCH india 400 records: exact=0.33s ann=0.00s model=0.50s total=0.85s 472.2 rows/s; time_left=201.2min
2026-09-26 22:26:02,454 INFO BATCH india 400 records: exact=0.27s ann=0.00s model=0.45s total=0.74s 542.8 rows/s; time_left=201.2min
2026-09-26 22:26:03,292 INFO BATCH india 400 records: exact=0.32s ann=0.00s model=0.50s total=0.83s 481.3 rows/s; time_left=201.2min
2026-09-26 22:26:03,304 INFO PROGRESS 250000/1732544 enhanced_rows=190902 fallback_rows=0
2026-09-26 22:26:04,189 INFO BATCH india 400 records: exact=0.34s ann=0.00s model=0.53s total=0.88s 452.2 rows/s; time_left=201.2min
2026-09-26 22:26:04,988 INFO BATCH india 400 records: exact=0.31s ann=0.00s model=0.47s total=0.79s 503.4 rows/s; time_left=201.2min
2026-09-26 22:26:05,836 INFO BATCH india 400 records: exact=0.32s ann=0.00s model=0.50s total=0.84s 475.3 rows/s; time_left=201.2min
2026-09-26 22:26:06,571 INFO BATCH india 400 records: exact=0.26s ann=0.00s model=0.46s total=0.73s 548.7 rows/s; time_left=201.1min
2026-09-26 22:26:07,417 INFO BATCH india 400 records: exact=0.32s ann=0.00s model=0.51s total=0.84s 475.0 rows/s; time_left=201.1min
2026-09-26 22:26:08,225 INFO BATCH india 400 records: exact=0.29s ann=0.00s model=0.49s total=0.80s 497.4 rows/s; time_left=201.1min
2026-09-26 22:26:08,994 INFO BATCH india 400 records: exact=0.29s ann=0.00s model=0.46s total=0.76s 523.0 rows/s; time_left=201.1min
2026-09-26 22:26:09,848 INFO BATCH india 400 records: exact=0.32s ann=0.00s model=0.50s total=0.85s 472.4 rows/s; time_left=201.1min
2026-09-26 22:26:10,610 INFO BATCH india 400 records: exact=0.27s ann=0.00s model=0.46s total=0.75s 530.0 rows/s; time_left=201.1min
2026-09-26 22:26:11,445 INFO BATCH india 400 records: exact=0.31s ann=0.00s model=0.50s total=0.83s 483.5 rows/s; time_left=201.1min
2026-09-26 22:26:12,228 INFO BATCH india 400 records: exact=0.29s ann=0.00s model=0.46s total=0.77s 520.5 rows/s; time_left=201.1min
2026-09-26 22:26:13,068 INFO BATCH india 400 records: exact=0.31s ann=0.00s model=0.51s total=0.84s 478.3 rows/s; time_left=201.0min
2026-09-26 22:26:13,870 INFO BATCH india 400 records: exact=0.30s ann=0.00s model=0.47s total=0.79s 507.6 rows/s; time_left=201.0min
2026-09-26 22:26:13,876 INFO PROGRESS 255200/1732544 enhanced_rows=194897 fallback_rows=0
2026-09-26 22:26:14,647 INFO BATCH india 400 records: exact=0.29s ann=0.00s model=0.47s total=0.77s 519.2 rows/s; time_left=201.0min
2026-09-26 22:26:15,427 INFO BATCH india 400 records: exact=0.27s ann=0.00s model=0.49s total=0.77s 517.4 rows/s; time_left=201.0min
2026-09-26 22:26:16,200 INFO BATCH india 400 records: exact=0.28s ann=0.00s model=0.47s total=0.77s 522.4 rows/s; time_left=201.0min
2026-09-26 22:26:17,061 INFO BATCH india 400 records: exact=0.34s ann=0.00s model=0.49s total=0.85s 468.9 rows/s; time_left=201.0min
2026-09-26 22:26:17,881 INFO BATCH india 400 records: exact=0.31s ann=0.00s model=0.49s total=0.81s 491.4 rows/s; time_left=201.0min
2026-09-26 22:26:18,690 INFO BATCH india 400 records: exact=0.28s ann=0.00s model=0.51s total=0.80s 498.4 rows/s; time_left=200.9min
2026-09-26 22:26:19,428 INFO BATCH india 400 records: exact=0.26s ann=0.00s model=0.46s total=0.73s 545.1 rows/s; time_left=200.9min
2026-09-26 22:26:20,265 INFO BATCH india 400 records: exact=0.30s ann=0.00s model=0.51s total=0.83s 481.6 rows/s; time_left=200.9min
2026-09-26 22:26:21,037 INFO BATCH india 400 records: exact=0.28s ann=0.00s model=0.47s total=0.77s 521.7 rows/s; time_left=200.9min
2026-09-26 22:26:21,876 INFO BATCH india 400 records: exact=0.32s ann=0.00s model=0.50s total=0.83s 480.0 rows/s; time_left=200.9min
2026-09-26 22:26:22,705 INFO BATCH india 400 records: exact=0.31s ann=0.00s model=0.50s total=0.82s 485.3 rows/s; time_left=200.9min
2026-09-26 22:26:23,528 INFO BATCH india 400 records: exact=0.31s ann=0.00s model=0.48s total=0.81s 494.4 rows/s; time_left=200.9min
2026-09-26 22:26:23,534 INFO PROGRESS 260000/1732544 enhanced_rows=198594 fallback_rows=0
2026-09-26 22:26:24,354 INFO BATCH india 400 records: exact=0.33s ann=0.00s model=0.48s total=0.82s 488.8 rows/s; time_left=200.9min
2026-09-26 22:26:25,109 INFO BATCH india 400 records: exact=0.28s ann=0.00s model=0.46s total=0.75s 534.4 rows/s; time_left=200.8min
2026-09-26 22:26:25,898 INFO BATCH india 400 records: exact=0.30s ann=0.00s model=0.47s total=0.78s 510.0 rows/s; time_left=200.8min
2026-09-26 22:26:26,776 INFO BATCH india 400 records: exact=0.35s ann=0.00s model=0.51s total=0.87s 457.8 rows/s; time_left=200.8min
2026-09-26 22:26:27,574 INFO BATCH india 400 records: exact=0.30s ann=0.00s model=0.48s total=0.79s 505.4 rows/s; time_left=200.8min
2026-09-26 22:26:28,452 INFO BATCH india 400 records: exact=0.35s ann=0.00s model=0.51s total=0.87s 458.7 rows/s; time_left=200.8min
2026-09-26 22:26:29,247 INFO BATCH india 400 records: exact=0.31s ann=0.00s model=0.46s total=0.78s 512.3 rows/s; time_left=200.8min
2026-09-26 22:26:30,098 INFO BATCH india 400 records: exact=0.34s ann=0.00s model=0.49s total=0.84s 473.6 rows/s; time_left=200.8min
2026-09-26 22:26:30,882 INFO BATCH india 400 records: exact=0.31s ann=0.00s model=0.46s total=0.78s 513.5 rows/s; time_left=200.7min
2026-09-26 22:26:31,703 INFO BATCH india 400 records: exact=0.31s ann=0.00s model=0.49s total=0.82s 490.6 rows/s; time_left=200.7min
2026-09-26 22:26:32,494 INFO BATCH india 400 records: exact=0.31s ann=0.00s model=0.47s total=0.79s 507.8 rows/s; time_left=200.7min
2026-09-26 22:26:33,351 INFO BATCH india 400 records: exact=0.33s ann=0.00s model=0.50s total=0.85s 470.5 rows/s; time_left=200.7min
2026-09-26 22:26:34,216 INFO BATCH india 400 records: exact=0.33s ann=0.00s model=0.51s total=0.85s 469.7 rows/s; time_left=200.7min
2026-09-26 22:26:34,221 INFO PROGRESS 265200/1732544 enhanced_rows=202601 fallback_rows=0
2026-09-26 22:26:35,011 INFO BATCH india 400 records: exact=0.30s ann=0.00s model=0.47s total=0.79s 507.2 rows/s; time_left=200.7min
2026-09-26 22:26:35,829 INFO BATCH india 400 records: exact=0.32s ann=0.00s model=0.48s total=0.81s 492.6 rows/s; time_left=200.7min
2026-09-26 22:26:36,667 INFO BATCH india 400 records: exact=0.32s ann=0.00s model=0.49s total=0.83s 481.2 rows/s; time_left=200.6min
2026-09-26 22:26:37,458 INFO BATCH india 400 records: exact=0.31s ann=0.00s model=0.46s total=0.79s 508.4 rows/s; time_left=200.6min
2026-09-26 22:26:38,271 INFO BATCH india 400 records: exact=0.32s ann=0.00s model=0.48s total=0.81s 495.0 rows/s; time_left=200.6min
2026-09-26 22:26:39,098 INFO BATCH india 400 records: exact=0.33s ann=0.00s model=0.48s total=0.82s 485.7 rows/s; time_left=200.6min
2026-09-26 22:26:39,961 INFO BATCH india 400 records: exact=0.32s ann=0.00s model=0.52s total=0.86s 467.0 rows/s; time_left=200.6min
2026-09-26 22:26:40,789 INFO BATCH india 400 records: exact=0.32s ann=0.00s model=0.48s total=0.81s 491.8 rows/s; time_left=200.6min
2026-09-26 22:26:41,621 INFO BATCH india 400 records: exact=0.33s ann=0.00s model=0.48s total=0.83s 484.8 rows/s; time_left=200.6min
2026-09-26 22:26:42,502 INFO BATCH india 400 records: exact=0.35s ann=0.00s model=0.51s total=0.87s 458.0 rows/s; time_left=200.5min
2026-09-26 22:26:43,288 INFO BATCH india 400 records: exact=0.30s ann=0.00s model=0.47s total=0.78s 512.4 rows/s; time_left=200.5min
2026-09-26 22:26:44,126 INFO BATCH india 400 records: exact=0.33s ann=0.00s model=0.49s total=0.83s 479.5 rows/s; time_left=200.5min
2026-09-26 22:26:44,132 INFO PROGRESS 270000/1732544 enhanced_rows=206354 fallback_rows=0
2026-09-26 22:26:45,001 INFO BATCH india 400 records: exact=0.36s ann=0.00s model=0.49s total=0.87s 460.7 rows/s; time_left=200.5min
2026-09-26 22:26:45,807 INFO BATCH india 400 records: exact=0.31s ann=0.00s model=0.48s total=0.80s 499.6 rows/s; time_left=200.5min
2026-09-26 22:26:46,556 INFO BATCH india 400 records: exact=0.28s ann=0.00s model=0.44s total=0.74s 538.4 rows/s; time_left=200.5min
2026-09-26 22:26:47,377 INFO BATCH india 400 records: exact=0.31s ann=0.00s model=0.49s total=0.82s 490.5 rows/s; time_left=200.5min
2026-09-26 22:26:48,196 INFO BATCH india 400 records: exact=0.31s ann=0.00s model=0.49s total=0.81s 490.8 rows/s; time_left=200.5min
2026-09-26 22:26:49,052 INFO BATCH india 400 records: exact=0.34s ann=0.00s model=0.49s total=0.85s 471.5 rows/s; time_left=200.4min
2026-09-26 22:26:49,915 INFO BATCH india 400 records: exact=0.34s ann=0.00s model=0.50s total=0.86s 465.6 rows/s; time_left=200.4min
2026-09-26 22:26:50,794 INFO BATCH india 400 records: exact=0.36s ann=0.00s model=0.50s total=0.87s 458.4 rows/s; time_left=200.4min
2026-09-26 22:26:51,584 INFO BATCH india 400 records: exact=0.31s ann=0.00s model=0.46s total=0.78s 510.2 rows/s; time_left=200.4min
2026-09-26 22:26:52,406 INFO BATCH india 400 records: exact=0.32s ann=0.00s model=0.48s total=0.81s 490.9 rows/s; time_left=200.4min
2026-09-26 22:26:53,211 INFO BATCH india 400 records: exact=0.32s ann=0.00s model=0.47s total=0.80s 501.0 rows/s; time_left=200.4min
2026-09-26 22:26:54,048 INFO BATCH india 400 records: exact=0.33s ann=0.00s model=0.49s total=0.83s 479.7 rows/s; time_left=200.4min
2026-09-26 22:26:54,853 INFO BATCH india 400 records: exact=0.31s ann=0.00s model=0.47s total=0.80s 501.0 rows/s; time_left=200.3min
2026-09-26 22:26:54,859 INFO PROGRESS 275200/1732544 enhanced_rows=210304 fallback_rows=0
2026-09-26 22:26:55,687 INFO BATCH india 400 records: exact=0.33s ann=0.00s model=0.49s total=0.83s 483.7 rows/s; time_left=200.3min
2026-09-26 22:26:56,491 INFO BATCH india 400 records: exact=0.32s ann=0.00s model=0.46s total=0.80s 500.3 rows/s; time_left=200.3min
2026-09-26 22:26:57,373 INFO BATCH india 400 records: exact=0.36s ann=0.00s model=0.50s total=0.88s 457.1 rows/s; time_left=200.3min
2026-09-26 22:26:58,197 INFO BATCH india 400 records: exact=0.32s ann=0.00s model=0.49s total=0.82s 488.4 rows/s; time_left=200.3min
2026-09-26 22:26:59,056 INFO BATCH india 400 records: exact=0.35s ann=0.00s model=0.49s total=0.85s 469.0 rows/s; time_left=200.3min
2026-09-26 22:26:59,977 INFO BATCH india 400 records: exact=0.38s ann=0.00s model=0.52s total=0.92s 436.2 rows/s; time_left=200.3min
2026-09-26 22:27:00,786 INFO BATCH india 400 records: exact=0.32s ann=0.00s model=0.47s total=0.80s 497.0 rows/s; time_left=200.2min
2026-09-26 22:27:01,600 INFO BATCH india 400 records: exact=0.32s ann=0.00s model=0.48s total=0.81s 495.4 rows/s; time_left=200.2min
2026-09-26 22:27:02,441 INFO BATCH india 400 records: exact=0.33s ann=0.00s model=0.49s total=0.84s 477.6 rows/s; time_left=200.2min
2026-09-26 22:27:03,273 INFO BATCH india 400 records: exact=0.33s ann=0.00s model=0.48s total=0.82s 484.9 rows/s; time_left=200.2min
2026-09-26 22:27:04,058 INFO BATCH india 400 records: exact=0.28s ann=0.00s model=0.47s total=0.78s 513.6 rows/s; time_left=200.2min
2026-09-26 22:27:04,867 INFO BATCH india 400 records: exact=0.31s ann=0.00s model=0.48s total=0.80s 497.3 rows/s; time_left=200.2min
2026-09-26 22:27:04,871 INFO PROGRESS 280000/1732544 enhanced_rows=213994 fallback_rows=0
2026-09-26 22:27:05,836 INFO BATCH india 400 records: exact=0.44s ann=0.00s model=0.51s total=0.96s 415.2 rows/s; time_left=200.2min
2026-09-26 22:27:06,626 INFO BATCH india 400 records: exact=0.30s ann=0.00s model=0.47s total=0.78s 510.5 rows/s; time_left=200.1min
2026-09-26 22:27:07,449 INFO BATCH india 400 records: exact=0.33s ann=0.00s model=0.48s total=0.82s 487.8 rows/s; time_left=200.1min
2026-09-26 22:27:08,225 INFO BATCH india 400 records: exact=0.29s ann=0.00s model=0.47s total=0.77s 518.1 rows/s; time_left=200.1min
2026-09-26 22:27:09,058 INFO BATCH india 400 records: exact=0.32s ann=0.00s model=0.49s total=0.83s 482.5 rows/s; time_left=200.1min
2026-09-26 22:27:09,963 INFO BATCH india 400 records: exact=0.35s ann=0.00s model=0.53s total=0.90s 445.8 rows/s; time_left=200.1min
2026-09-26 22:27:10,829 INFO BATCH india 400 records: exact=0.34s ann=0.00s model=0.50s total=0.85s 469.4 rows/s; time_left=200.1min
2026-09-26 22:27:11,727 INFO BATCH india 400 records: exact=0.36s ann=0.00s model=0.52s total=0.89s 447.5 rows/s; time_left=200.1min
2026-09-26 22:27:12,647 INFO BATCH india 400 records: exact=0.38s ann=0.00s model=0.51s total=0.91s 441.2 rows/s; time_left=200.0min
2026-09-26 22:27:13,418 INFO BATCH india 400 records: exact=0.27s ann=0.00s model=0.48s total=0.77s 521.2 rows/s; time_left=200.0min
2026-09-26 22:27:14,225 INFO BATCH india 400 records: exact=0.29s ann=0.00s model=0.50s total=0.80s 500.2 rows/s; time_left=200.0min
2026-09-26 22:27:15,044 INFO BATCH india 400 records: exact=0.32s ann=0.00s model=0.48s total=0.81s 492.7 rows/s; time_left=200.0min
2026-09-26 22:27:15,796 INFO BATCH india 400 records: exact=0.27s ann=0.00s model=0.47s total=0.75s 534.2 rows/s; time_left=200.0min
2026-09-26 22:27:15,802 INFO PROGRESS 285200/1732544 enhanced_rows=218001 fallback_rows=0
2026-09-26 22:27:16,700 INFO BATCH india 400 records: exact=0.36s ann=0.00s model=0.52s total=0.90s 446.2 rows/s; time_left=200.0min
2026-09-26 22:27:17,502 INFO BATCH india 400 records: exact=0.30s ann=0.00s model=0.48s total=0.79s 503.7 rows/s; time_left=200.0min
2026-09-26 22:27:18,333 INFO BATCH india 400 records: exact=0.31s ann=0.00s model=0.50s total=0.83s 483.6 rows/s; time_left=200.0min
2026-09-26 22:27:19,102 INFO BATCH india 400 records: exact=0.27s ann=0.00s model=0.47s total=0.75s 530.0 rows/s; time_left=199.9min
2026-09-26 22:27:19,920 INFO BATCH india 400 records: exact=0.29s ann=0.00s model=0.51s total=0.81s 491.6 rows/s; time_left=199.9min
2026-09-26 22:27:20,756 INFO BATCH india 400 records: exact=0.30s ann=0.00s model=0.50s total=0.82s 486.3 rows/s; time_left=199.9min
2026-09-26 22:27:21,604 INFO BATCH india 400 records: exact=0.31s ann=0.00s model=0.51s total=0.84s 474.9 rows/s; time_left=199.9min
2026-09-26 22:27:22,540 INFO BATCH india 400 records: exact=0.33s ann=0.00s model=0.57s total=0.92s 433.8 rows/s; time_left=199.9min
2026-09-26 22:27:23,406 INFO BATCH india 400 records: exact=0.33s ann=0.00s model=0.51s total=0.85s 468.9 rows/s; time_left=199.9min
2026-09-26 22:27:24,281 INFO BATCH india 400 records: exact=0.34s ann=0.00s model=0.51s total=0.87s 460.7 rows/s; time_left=199.9min
2026-09-26 22:27:25,084 INFO BATCH india 400 records: exact=0.29s ann=0.00s model=0.48s total=0.79s 506.5 rows/s; time_left=199.8min
2026-09-26 22:27:25,910 INFO BATCH india 400 records: exact=0.30s ann=0.00s model=0.50s total=0.81s 492.4 rows/s; time_left=199.8min
2026-09-26 22:27:25,915 INFO PROGRESS 290000/1732544 enhanced_rows=221691 fallback_rows=0
2026-09-26 22:27:26,743 INFO BATCH india 400 records: exact=0.32s ann=0.00s model=0.49s total=0.83s 483.9 rows/s; time_left=199.8min
2026-09-26 22:27:27,584 INFO BATCH india 400 records: exact=0.32s ann=0.00s model=0.49s total=0.83s 482.8 rows/s; time_left=199.8min
2026-09-26 22:27:28,442 INFO BATCH india 400 records: exact=0.32s ann=0.00s model=0.52s total=0.85s 468.4 rows/s; time_left=199.8min
2026-09-26 22:27:29,222 INFO BATCH india 400 records: exact=0.30s ann=0.00s model=0.45s total=0.77s 522.5 rows/s; time_left=199.8min
2026-09-26 22:27:30,003 INFO BATCH india 400 records: exact=0.27s ann=0.00s model=0.48s total=0.77s 520.8 rows/s; time_left=199.8min
2026-09-26 22:27:30,800 INFO BATCH india 400 records: exact=0.32s ann=0.00s model=0.46s total=0.79s 504.4 rows/s; time_left=199.7min
2026-09-26 22:27:31,559 INFO BATCH india 400 records: exact=0.28s ann=0.00s model=0.45s total=0.74s 537.5 rows/s; time_left=199.7min
2026-09-26 22:27:32,408 INFO BATCH india 400 records: exact=0.33s ann=0.00s model=0.49s total=0.84s 479.0 rows/s; time_left=199.7min
2026-09-26 22:27:33,239 INFO BATCH india 400 records: exact=0.30s ann=0.00s model=0.50s total=0.82s 490.0 rows/s; time_left=199.7min
2026-09-26 22:27:34,074 INFO BATCH india 400 records: exact=0.31s ann=0.00s model=0.49s total=0.82s 486.8 rows/s; time_left=199.7min
2026-09-26 22:27:34,919 INFO BATCH india 400 records: exact=0.31s ann=0.00s model=0.51s total=0.84s 476.4 rows/s; time_left=199.7min
2026-09-26 22:27:35,683 INFO BATCH india 400 records: exact=0.27s ann=0.00s model=0.46s total=0.75s 534.1 rows/s; time_left=199.7min
2026-09-26 22:27:36,413 INFO BATCH india 400 records: exact=0.26s ann=0.00s model=0.45s total=0.72s 557.7 rows/s; time_left=199.6min
2026-09-26 22:27:36,425 INFO PROGRESS 295200/1732544 enhanced_rows=225681 fallback_rows=0
2026-09-26 22:27:37,199 INFO BATCH india 400 records: exact=0.29s ann=0.00s model=0.47s total=0.77s 517.5 rows/s; time_left=199.6min
2026-09-26 22:27:38,037 INFO BATCH india 400 records: exact=0.30s ann=0.00s model=0.51s total=0.82s 485.5 rows/s; time_left=199.6min
2026-09-26 22:27:38,827 INFO BATCH india 400 records: exact=0.29s ann=0.00s model=0.47s total=0.78s 515.0 rows/s; time_left=199.6min
2026-09-26 22:27:39,641 INFO BATCH india 400 records: exact=0.28s ann=0.00s model=0.50s total=0.80s 499.9 rows/s; time_left=199.6min
2026-09-26 22:27:40,469 INFO BATCH india 400 records: exact=0.31s ann=0.00s model=0.49s total=0.82s 490.7 rows/s; time_left=199.6min
2026-09-26 22:27:41,312 INFO BATCH india 400 records: exact=0.31s ann=0.00s model=0.50s total=0.83s 483.2 rows/s; time_left=199.6min
2026-09-26 22:27:42,174 INFO BATCH india 400 records: exact=0.34s ann=0.00s model=0.49s total=0.85s 470.9 rows/s; time_left=199.6min
2026-09-26 22:27:42,940 INFO BATCH india 400 records: exact=0.29s ann=0.00s model=0.46s total=0.76s 525.0 rows/s; time_left=199.5min
2026-09-26 22:27:43,787 INFO BATCH india 400 records: exact=0.35s ann=0.00s model=0.47s total=0.83s 479.9 rows/s; time_left=199.5min
2026-09-26 22:27:44,635 INFO BATCH india 400 records: exact=0.34s ann=0.00s model=0.48s total=0.83s 479.5 rows/s; time_left=199.5min
2026-09-26 22:27:45,498 INFO BATCH india 400 records: exact=0.35s ann=0.00s model=0.49s total=0.85s 471.7 rows/s; time_left=199.5min
2026-09-26 22:27:46,329 INFO BATCH india 400 records: exact=0.31s ann=0.00s model=0.49s total=0.82s 489.2 rows/s; time_left=199.5min
2026-09-26 22:27:46,334 INFO PROGRESS 300000/1732544 enhanced_rows=229365 fallback_rows=0
2026-09-26 22:27:47,206 INFO BATCH india 400 records: exact=0.36s ann=0.00s model=0.50s total=0.87s 459.5 rows/s; time_left=199.5min
2026-09-26 22:27:48,010 INFO BATCH india 400 records: exact=0.31s ann=0.00s model=0.47s total=0.79s 506.0 rows/s; time_left=199.5min
2026-09-26 22:27:48,820 INFO BATCH india 400 records: exact=0.30s ann=0.00s model=0.48s total=0.80s 501.8 rows/s; time_left=199.4min
2026-09-26 22:27:49,649 INFO BATCH india 400 records: exact=0.33s ann=0.00s model=0.47s total=0.82s 490.1 rows/s; time_left=199.4min
2026-09-26 22:27:50,478 INFO BATCH india 400 records: exact=0.32s ann=0.00s model=0.49s total=0.82s 485.6 rows/s; time_left=199.4min
2026-09-26 22:27:51,323 INFO BATCH india 400 records: exact=0.33s ann=0.00s model=0.49s total=0.84s 477.0 rows/s; time_left=199.4min
2026-09-26 22:27:52,142 INFO BATCH india 400 records: exact=0.31s ann=0.00s model=0.49s total=0.81s 492.3 rows/s; time_left=199.4min
2026-09-26 22:27:52,963 INFO BATCH india 400 records: exact=0.31s ann=0.00s model=0.48s total=0.81s 495.9 rows/s; time_left=199.4min
2026-09-26 22:27:53,757 INFO BATCH india 400 records: exact=0.30s ann=0.00s model=0.47s total=0.78s 511.7 rows/s; time_left=199.4min
2026-09-26 22:27:54,587 INFO BATCH india 400 records: exact=0.32s ann=0.00s model=0.49s total=0.82s 485.0 rows/s; time_left=199.3min
2026-09-26 22:27:55,507 INFO BATCH india 400 records: exact=0.38s ann=0.00s model=0.52s total=0.92s 436.9 rows/s; time_left=199.3min
2026-09-26 22:27:56,271 INFO BATCH india 400 records: exact=0.28s ann=0.00s model=0.45s total=0.75s 532.7 rows/s; time_left=199.3min
2026-09-26 22:27:57,087 INFO BATCH india 400 records: exact=0.32s ann=0.00s model=0.47s total=0.80s 498.7 rows/s; time_left=199.3min
2026-09-26 22:27:57,092 INFO PROGRESS 305200/1732544 enhanced_rows=233326 fallback_rows=0
2026-09-26 22:27:57,921 INFO BATCH india 400 records: exact=0.32s ann=0.00s model=0.50s total=0.83s 483.0 rows/s; time_left=199.3min
2026-09-26 22:27:58,730 INFO BATCH india 400 records: exact=0.30s ann=0.00s model=0.48s total=0.80s 502.2 rows/s; time_left=199.3min
2026-09-26 22:27:59,626 INFO BATCH india 400 records: exact=0.37s ann=0.00s model=0.50s total=0.88s 453.1 rows/s; time_left=199.3min
2026-09-26 22:28:00,465 INFO BATCH india 400 records: exact=0.33s ann=0.00s model=0.49s total=0.83s 479.8 rows/s; time_left=199.2min
2026-09-26 22:28:01,327 INFO BATCH india 400 records: exact=0.33s ann=0.00s model=0.52s total=0.86s 466.4 rows/s; time_left=199.2min
2026-09-26 22:28:02,224 INFO BATCH india 400 records: exact=0.36s ann=0.00s model=0.51s total=0.89s 448.3 rows/s; time_left=199.2min
2026-09-26 22:28:03,036 INFO BATCH india 400 records: exact=0.29s ann=0.00s model=0.49s total=0.80s 501.3 rows/s; time_left=199.2min
2026-09-26 22:28:03,880 INFO BATCH india 400 records: exact=0.33s ann=0.00s model=0.49s total=0.83s 482.5 rows/s; time_left=199.2min
2026-09-26 22:28:04,700 INFO BATCH india 400 records: exact=0.30s ann=0.00s model=0.48s total=0.81s 496.8 rows/s; time_left=199.2min
2026-09-26 22:28:05,484 INFO BATCH india 400 records: exact=0.29s ann=0.00s model=0.47s total=0.77s 519.7 rows/s; time_left=199.2min
2026-09-26 22:28:06,305 INFO BATCH india 400 records: exact=0.33s ann=0.00s model=0.47s total=0.82s 490.0 rows/s; time_left=199.2min
2026-09-26 22:28:07,178 INFO BATCH india 400 records: exact=0.35s ann=0.00s model=0.50s total=0.86s 465.1 rows/s; time_left=199.1min
2026-09-26 22:28:07,192 INFO PROGRESS 310000/1732544 enhanced_rows=236994 fallback_rows=0
2026-09-26 22:28:07,973 INFO BATCH india 400 records: exact=0.29s ann=0.00s model=0.47s total=0.78s 513.0 rows/s; time_left=199.1min
2026-09-26 22:28:08,862 INFO BATCH india 400 records: exact=0.37s ann=0.00s model=0.50s total=0.88s 452.2 rows/s; time_left=199.1min
2026-09-26 22:28:09,706 INFO BATCH india 400 records: exact=0.33s ann=0.00s model=0.49s total=0.84s 476.8 rows/s; time_left=199.1min
2026-09-26 22:28:10,511 INFO BATCH india 400 records: exact=0.31s ann=0.00s model=0.47s total=0.80s 499.2 rows/s; time_left=199.1min
2026-09-26 22:28:11,344 INFO BATCH india 400 records: exact=0.32s ann=0.00s model=0.48s total=0.82s 489.9 rows/s; time_left=199.1min
2026-09-26 22:28:12,146 INFO BATCH india 400 records: exact=0.31s ann=0.00s model=0.46s total=0.79s 506.9 rows/s; time_left=199.1min
2026-09-26 22:28:12,867 INFO BATCH india 400 records: exact=0.28s ann=0.00s model=0.43s total=0.72s 556.9 rows/s; time_left=199.0min
2026-09-26 22:28:13,682 INFO BATCH india 400 records: exact=0.31s ann=0.00s model=0.48s total=0.81s 493.7 rows/s; time_left=199.0min
2026-09-26 22:28:14,497 INFO BATCH india 400 records: exact=0.31s ann=0.00s model=0.48s total=0.81s 492.8 rows/s; time_left=199.0min
2026-09-26 22:28:15,259 INFO BATCH india 400 records: exact=0.28s ann=0.00s model=0.46s total=0.75s 529.9 rows/s; time_left=199.0min
2026-09-26 22:28:16,093 INFO BATCH india 400 records: exact=0.32s ann=0.00s model=0.49s total=0.83s 484.8 rows/s; time_left=199.0min
2026-09-26 22:28:16,958 INFO BATCH india 400 records: exact=0.35s ann=0.00s model=0.50s total=0.86s 465.7 rows/s; time_left=199.0min
2026-09-26 22:28:17,811 INFO BATCH india 400 records: exact=0.34s ann=0.00s model=0.49s total=0.85s 471.4 rows/s; time_left=199.0min
2026-09-26 22:28:17,816 INFO PROGRESS 315200/1732544 enhanced_rows=240935 fallback_rows=0
2026-09-26 22:28:18,600 INFO BATCH india 400 records: exact=0.29s ann=0.00s model=0.47s total=0.78s 511.0 rows/s; time_left=198.9min
2026-09-26 22:28:19,427 INFO BATCH india 400 records: exact=0.32s ann=0.00s model=0.48s total=0.82s 488.2 rows/s; time_left=198.9min
2026-09-26 22:28:20,292 INFO BATCH india 400 records: exact=0.35s ann=0.00s model=0.50s total=0.86s 465.6 rows/s; time_left=198.9min
2026-09-26 22:28:21,130 INFO BATCH india 400 records: exact=0.33s ann=0.00s model=0.48s total=0.83s 480.4 rows/s; time_left=198.9min
2026-09-26 22:28:21,952 INFO BATCH india 400 records: exact=0.32s ann=0.00s model=0.48s total=0.82s 490.5 rows/s; time_left=198.9min
2026-09-26 22:28:22,828 INFO BATCH india 400 records: exact=0.33s ann=0.00s model=0.52s total=0.87s 459.5 rows/s; time_left=198.9min
2026-09-26 22:28:23,625 INFO BATCH india 400 records: exact=0.30s ann=0.00s model=0.48s total=0.79s 505.3 rows/s; time_left=198.9min
2026-09-26 22:28:24,468 INFO BATCH india 400 records: exact=0.32s ann=0.00s model=0.51s total=0.84s 477.9 rows/s; time_left=198.8min
2026-09-26 22:28:25,292 INFO BATCH india 400 records: exact=0.32s ann=0.00s model=0.48s total=0.82s 488.9 rows/s; time_left=198.8min
2026-09-26 22:28:26,036 INFO BATCH india 400 records: exact=0.25s ann=0.00s model=0.47s total=0.74s 542.1 rows/s; time_left=198.8min
2026-09-26 22:28:26,893 INFO BATCH india 400 records: exact=0.32s ann=0.00s model=0.51s total=0.85s 469.7 rows/s; time_left=198.8min
2026-09-26 22:28:27,658 INFO BATCH india 400 records: exact=0.27s ann=0.00s model=0.46s total=0.75s 532.5 rows/s; time_left=198.8min
2026-09-26 22:28:27,661 INFO PROGRESS 320000/1732544 enhanced_rows=244633 fallback_rows=0
2026-09-26 22:28:28,501 INFO BATCH india 400 records: exact=0.33s ann=0.00s model=0.49s total=0.84s 476.5 rows/s; time_left=198.8min
2026-09-26 22:28:29,271 INFO BATCH india 400 records: exact=0.28s ann=0.00s model=0.47s total=0.77s 522.6 rows/s; time_left=198.8min
2026-09-26 22:28:30,054 INFO BATCH india 400 records: exact=0.28s ann=0.00s model=0.48s total=0.78s 515.5 rows/s; time_left=198.8min
2026-09-26 22:28:30,876 INFO BATCH india 400 records: exact=0.32s ann=0.00s model=0.49s total=0.82s 488.6 rows/s; time_left=198.7min
2026-09-26 22:28:31,677 INFO BATCH india 400 records: exact=0.30s ann=0.00s model=0.48s total=0.79s 503.4 rows/s; time_left=198.7min
2026-09-26 22:28:32,494 INFO BATCH india 400 records: exact=0.31s ann=0.00s model=0.49s total=0.81s 493.8 rows/s; time_left=198.7min
2026-09-26 22:28:33,352 INFO BATCH india 400 records: exact=0.32s ann=0.00s model=0.51s total=0.85s 472.8 rows/s; time_left=198.7min
2026-09-26 22:28:34,194 INFO BATCH india 400 records: exact=0.32s ann=0.00s model=0.49s total=0.83s 483.2 rows/s; time_left=198.7min
2026-09-26 22:28:34,979 INFO BATCH india 400 records: exact=0.30s ann=0.00s model=0.47s total=0.78s 512.8 rows/s; time_left=198.7min
2026-09-26 22:28:35,759 INFO BATCH india 400 records: exact=0.28s ann=0.00s model=0.48s total=0.77s 516.7 rows/s; time_left=198.7min
2026-09-26 22:28:36,611 INFO BATCH india 400 records: exact=0.31s ann=0.00s model=0.52s total=0.85s 473.3 rows/s; time_left=198.6min
2026-09-26 22:28:37,448 INFO BATCH india 400 records: exact=0.30s ann=0.00s model=0.50s total=0.82s 485.8 rows/s; time_left=198.6min
2026-09-26 22:28:38,248 INFO BATCH india 400 records: exact=0.29s ann=0.00s model=0.48s total=0.79s 508.5 rows/s; time_left=198.6min
2026-09-26 22:28:38,252 INFO PROGRESS 325200/1732544 enhanced_rows=248584 fallback_rows=0
2026-09-26 22:28:39,045 INFO BATCH india 400 records: exact=0.30s ann=0.00s model=0.48s total=0.79s 504.5 rows/s; time_left=198.6min
2026-09-26 22:28:39,810 INFO BATCH india 400 records: exact=0.28s ann=0.00s model=0.46s total=0.76s 527.7 rows/s; time_left=198.6min
2026-09-26 22:28:40,633 INFO BATCH india 400 records: exact=0.31s ann=0.00s model=0.49s total=0.82s 489.9 rows/s; time_left=198.6min
2026-09-26 22:28:41,474 INFO BATCH india 400 records: exact=0.33s ann=0.00s model=0.49s total=0.83s 479.4 rows/s; time_left=198.6min
2026-09-26 22:28:42,267 INFO BATCH india 400 records: exact=0.30s ann=0.00s model=0.48s total=0.79s 507.4 rows/s; time_left=198.6min
2026-09-26 22:28:43,076 INFO BATCH india 400 records: exact=0.30s ann=0.00s model=0.49s total=0.81s 496.5 rows/s; time_left=198.5min
2026-09-26 22:28:43,847 INFO BATCH india 400 records: exact=0.27s ann=0.00s model=0.48s total=0.77s 521.9 rows/s; time_left=198.5min
2026-09-26 22:28:44,652 INFO BATCH india 400 records: exact=0.29s ann=0.00s model=0.49s total=0.80s 500.9 rows/s; time_left=198.5min
2026-09-26 22:28:45,453 INFO BATCH india 400 records: exact=0.29s ann=0.00s model=0.49s total=0.79s 506.9 rows/s; time_left=198.5min
2026-09-26 22:28:46,318 INFO BATCH india 400 records: exact=0.33s ann=0.00s model=0.51s total=0.86s 465.9 rows/s; time_left=198.5min
2026-09-26 22:28:47,147 INFO BATCH india 400 records: exact=0.31s ann=0.00s model=0.49s total=0.82s 485.8 rows/s; time_left=198.5min
2026-09-26 22:28:47,912 INFO BATCH india 400 records: exact=0.29s ann=0.00s model=0.46s total=0.76s 527.0 rows/s; time_left=198.5min
2026-09-26 22:28:47,918 INFO PROGRESS 330000/1732544 enhanced_rows=252276 fallback_rows=0
2026-09-26 22:28:48,783 INFO BATCH india 400 records: exact=0.33s ann=0.00s model=0.52s total=0.86s 462.7 rows/s; time_left=198.4min
2026-09-26 22:28:49,590 INFO BATCH india 400 records: exact=0.30s ann=0.00s model=0.48s total=0.79s 504.1 rows/s; time_left=198.4min
2026-09-26 22:28:50,399 INFO BATCH india 400 records: exact=0.30s ann=0.00s model=0.49s total=0.80s 497.9 rows/s; time_left=198.4min
2026-09-26 22:28:51,302 INFO BATCH india 400 records: exact=0.35s ann=0.00s model=0.53s total=0.90s 445.9 rows/s; time_left=198.4min
2026-09-26 22:28:52,110 INFO BATCH india 400 records: exact=0.30s ann=0.00s model=0.48s total=0.80s 498.5 rows/s; time_left=198.4min
2026-09-26 22:28:52,974 INFO BATCH india 400 records: exact=0.35s ann=0.00s model=0.50s total=0.86s 465.2 rows/s; time_left=198.4min
2026-09-26 22:28:53,807 INFO BATCH india 400 records: exact=0.33s ann=0.00s model=0.48s total=0.83s 483.8 rows/s; time_left=198.4min
2026-09-26 22:28:54,572 INFO BATCH india 400 records: exact=0.28s ann=0.00s model=0.46s total=0.76s 527.0 rows/s; time_left=198.3min
2026-09-26 22:28:55,365 INFO BATCH india 400 records: exact=0.29s ann=0.00s model=0.48s total=0.79s 507.0 rows/s; time_left=198.3min
2026-09-26 22:28:56,195 INFO BATCH india 400 records: exact=0.33s ann=0.00s model=0.47s total=0.82s 486.2 rows/s; time_left=198.3min
2026-09-26 22:28:57,042 INFO BATCH india 400 records: exact=0.33s ann=0.00s model=0.50s total=0.84s 476.6 rows/s; time_left=198.3min
2026-09-26 22:28:57,825 INFO BATCH india 400 records: exact=0.31s ann=0.00s model=0.45s total=0.78s 514.5 rows/s; time_left=198.3min
2026-09-26 22:28:58,616 INFO BATCH india 400 records: exact=0.31s ann=0.00s model=0.47s total=0.79s 508.3 rows/s; time_left=198.3min
2026-09-26 22:28:58,619 INFO PROGRESS 335200/1732544 enhanced_rows=256247 fallback_rows=0
2026-09-26 22:28:59,479 INFO BATCH india 400 records: exact=0.36s ann=0.00s model=0.48s total=0.86s 465.7 rows/s; time_left=198.3min
2026-09-26 22:29:00,288 INFO BATCH india 400 records: exact=0.31s ann=0.00s model=0.48s total=0.81s 496.6 rows/s; time_left=198.3min
2026-09-26 22:29:01,155 INFO BATCH india 400 records: exact=0.34s ann=0.00s model=0.50s total=0.86s 464.4 rows/s; time_left=198.2min
2026-09-26 22:29:02,006 INFO BATCH india 400 records: exact=0.38s ann=0.00s model=0.46s total=0.85s 472.4 rows/s; time_left=198.2min
2026-09-26 22:29:02,830 INFO BATCH india 400 records: exact=0.31s ann=0.00s model=0.49s total=0.82s 489.7 rows/s; time_left=198.2min
2026-09-26 22:29:03,712 INFO BATCH india 400 records: exact=0.36s ann=0.00s model=0.50s total=0.88s 457.0 rows/s; time_left=198.2min
2026-09-26 22:29:04,513 INFO BATCH india 400 records: exact=0.31s ann=0.00s model=0.47s total=0.80s 502.3 rows/s; time_left=198.2min
2026-09-26 22:29:05,395 INFO BATCH india 400 records: exact=0.35s ann=0.00s model=0.51s total=0.88s 457.1 rows/s; time_left=198.2min
2026-09-26 22:29:06,239 INFO BATCH india 400 records: exact=0.32s ann=0.00s model=0.51s total=0.84s 477.1 rows/s; time_left=198.2min
2026-09-26 22:29:07,089 INFO BATCH india 400 records: exact=0.34s ann=0.00s model=0.49s total=0.85s 473.2 rows/s; time_left=198.1min
2026-09-26 22:29:08,010 INFO BATCH india 400 records: exact=0.38s ann=0.00s model=0.52s total=0.91s 437.2 rows/s; time_left=198.1min
2026-09-26 22:29:08,881 INFO BATCH india 400 records: exact=0.35s ann=0.00s model=0.49s total=0.87s 462.2 rows/s; time_left=198.1min
2026-09-26 22:29:08,884 INFO PROGRESS 340000/1732544 enhanced_rows=259893 fallback_rows=0
2026-09-26 22:29:09,696 INFO BATCH india 400 records: exact=0.30s ann=0.00s model=0.49s total=0.81s 493.2 rows/s; time_left=198.1min
2026-09-26 22:29:10,578 INFO BATCH india 400 records: exact=0.36s ann=0.00s model=0.51s total=0.88s 456.1 rows/s; time_left=198.1min
2026-09-26 22:29:11,468 INFO BATCH india 400 records: exact=0.36s ann=0.00s model=0.51s total=0.88s 452.5 rows/s; time_left=198.1min
2026-09-26 22:29:12,356 INFO BATCH india 400 records: exact=0.35s ann=0.00s model=0.52s total=0.88s 454.2 rows/s; time_left=198.1min
2026-09-26 22:29:13,203 INFO BATCH india 400 records: exact=0.34s ann=0.00s model=0.49s total=0.84s 475.6 rows/s; time_left=198.0min
2026-09-26 22:29:14,104 INFO BATCH india 400 records: exact=0.36s ann=0.00s model=0.51s total=0.89s 447.6 rows/s; time_left=198.0min
2026-09-26 22:29:14,971 INFO BATCH india 400 records: exact=0.34s ann=0.00s model=0.50s total=0.85s 469.4 rows/s; time_left=198.0min
2026-09-26 22:29:15,787 INFO BATCH india 400 records: exact=0.34s ann=0.00s model=0.46s total=0.81s 493.3 rows/s; time_left=198.0min
2026-09-26 22:29:16,540 INFO BATCH india 400 records: exact=0.27s ann=0.00s model=0.46s total=0.75s 533.8 rows/s; time_left=198.0min
2026-09-26 22:29:17,296 INFO BATCH india 400 records: exact=0.28s ann=0.00s model=0.45s total=0.75s 534.0 rows/s; time_left=198.0min
2026-09-26 22:29:18,086 INFO BATCH india 400 records: exact=0.30s ann=0.00s model=0.47s total=0.78s 510.4 rows/s; time_left=198.0min
2026-09-26 22:29:18,957 INFO BATCH india 400 records: exact=0.36s ann=0.00s model=0.49s total=0.86s 463.4 rows/s; time_left=197.9min
2026-09-26 22:29:19,776 INFO BATCH india 400 records: exact=0.31s ann=0.00s model=0.49s total=0.81s 491.0 rows/s; time_left=197.9min
2026-09-26 22:29:19,784 INFO PROGRESS 345200/1732544 enhanced_rows=263892 fallback_rows=0
2026-09-26 22:29:20,576 INFO BATCH india 400 records: exact=0.30s ann=0.00s model=0.47s total=0.79s 505.7 rows/s; time_left=197.9min
2026-09-26 22:29:21,342 INFO BATCH india 400 records: exact=0.27s ann=0.00s model=0.47s total=0.76s 526.0 rows/s; time_left=197.9min
2026-09-26 22:29:22,162 INFO BATCH india 400 records: exact=0.31s ann=0.00s model=0.49s total=0.81s 491.8 rows/s; time_left=197.9min
2026-09-26 22:29:22,972 INFO BATCH india 400 records: exact=0.31s ann=0.00s model=0.48s total=0.80s 497.6 rows/s; time_left=197.9min
2026-09-26 22:29:23,856 INFO BATCH india 400 records: exact=0.35s ann=0.00s model=0.51s total=0.88s 456.0 rows/s; time_left=197.9min
2026-09-26 22:29:24,688 INFO BATCH india 400 records: exact=0.30s ann=0.00s model=0.50s total=0.83s 484.2 rows/s; time_left=197.8min
2026-09-26 22:29:25,514 INFO BATCH india 400 records: exact=0.32s ann=0.00s model=0.49s total=0.82s 488.2 rows/s; time_left=197.8min
2026-09-26 22:29:26,319 INFO BATCH india 400 records: exact=0.30s ann=0.00s model=0.48s total=0.80s 501.0 rows/s; time_left=197.8min
2026-09-26 22:29:27,205 INFO BATCH india 400 records: exact=0.35s ann=0.00s model=0.51s total=0.88s 455.1 rows/s; time_left=197.8min
2026-09-26 22:29:27,953 INFO BATCH india 400 records: exact=0.28s ann=0.00s model=0.45s total=0.74s 537.2 rows/s; time_left=197.8min
2026-09-26 22:29:28,821 INFO BATCH india 400 records: exact=0.33s ann=0.00s model=0.51s total=0.86s 463.5 rows/s; time_left=197.8min
2026-09-26 22:29:29,645 INFO BATCH india 400 records: exact=0.33s ann=0.00s model=0.48s total=0.82s 488.4 rows/s; time_left=197.8min
2026-09-26 22:29:29,651 INFO PROGRESS 350000/1732544 enhanced_rows=267564 fallback_rows=0
2026-09-26 22:29:30,481 INFO BATCH india 400 records: exact=0.33s ann=0.00s model=0.48s total=0.83s 482.6 rows/s; time_left=197.7min
2026-09-26 22:29:31,271 INFO BATCH india 400 records: exact=0.30s ann=0.00s model=0.47s total=0.79s 508.5 rows/s; time_left=197.7min
2026-09-26 22:29:32,077 INFO BATCH india 400 records: exact=0.30s ann=0.00s model=0.48s total=0.80s 500.1 rows/s; time_left=197.7min
2026-09-26 22:29:32,914 INFO BATCH india 400 records: exact=0.34s ann=0.00s model=0.48s total=0.83s 481.6 rows/s; time_left=197.7min
2026-09-26 22:29:33,807 INFO BATCH india 400 records: exact=0.35s ann=0.00s model=0.52s total=0.89s 450.1 rows/s; time_left=197.7min
2026-09-26 22:29:34,638 INFO BATCH india 400 records: exact=0.33s ann=0.00s model=0.48s total=0.82s 490.2 rows/s; time_left=197.7min
2026-09-26 22:29:35,481 INFO BATCH india 400 records: exact=0.34s ann=0.00s model=0.49s total=0.84s 477.9 rows/s; time_left=197.7min
2026-09-26 22:29:36,381 INFO BATCH india 400 records: exact=0.36s ann=0.00s model=0.52s total=0.89s 447.0 rows/s; time_left=197.7min
2026-09-26 22:29:37,240 INFO BATCH india 400 records: exact=0.33s ann=0.00s model=0.51s total=0.85s 469.3 rows/s; time_left=197.6min
2026-09-26 22:29:38,049 INFO BATCH india 400 records: exact=0.30s ann=0.00s model=0.48s total=0.79s 503.6 rows/s; time_left=197.6min
2026-09-26 22:29:38,881 INFO BATCH india 400 records: exact=0.34s ann=0.00s model=0.47s total=0.83s 483.3 rows/s; time_left=197.6min
2026-09-26 22:29:39,702 INFO BATCH india 400 records: exact=0.32s ann=0.00s model=0.48s total=0.81s 491.0 rows/s; time_left=197.6min
2026-09-26 22:29:40,570 INFO BATCH india 400 records: exact=0.32s ann=0.00s model=0.52s total=0.86s 464.9 rows/s; time_left=197.6min
2026-09-26 22:29:40,572 INFO PROGRESS 355200/1732544 enhanced_rows=271527 fallback_rows=0
2026-09-26 22:29:41,357 INFO BATCH india 400 records: exact=0.30s ann=0.00s model=0.47s total=0.78s 510.8 rows/s; time_left=197.6min
2026-09-26 22:29:42,169 INFO BATCH india 400 records: exact=0.30s ann=0.00s model=0.49s total=0.81s 496.3 rows/s; time_left=197.6min
2026-09-26 22:29:42,974 INFO BATCH india 400 records: exact=0.30s ann=0.00s model=0.48s total=0.80s 499.3 rows/s; time_left=197.5min
2026-09-26 22:29:43,769 INFO BATCH india 400 records: exact=0.29s ann=0.00s model=0.49s total=0.79s 506.4 rows/s; time_left=197.5min
2026-09-26 22:29:44,615 INFO BATCH india 400 records: exact=0.30s ann=0.00s model=0.52s total=0.84s 476.6 rows/s; time_left=197.5min
2026-09-26 22:29:45,456 INFO BATCH india 400 records: exact=0.31s ann=0.00s model=0.50s total=0.83s 484.0 rows/s; time_left=197.5min
2026-09-26 22:29:46,290 INFO BATCH india 400 records: exact=0.31s ann=0.00s model=0.50s total=0.82s 487.6 rows/s; time_left=197.5min
2026-09-26 22:29:47,105 INFO BATCH india 400 records: exact=0.30s ann=0.00s model=0.49s total=0.81s 493.7 rows/s; time_left=197.5min
2026-09-26 22:29:47,928 INFO BATCH india 400 records: exact=0.31s ann=0.00s model=0.49s total=0.82s 488.9 rows/s; time_left=197.5min
2026-09-26 22:29:48,706 INFO BATCH india 400 records: exact=0.29s ann=0.00s model=0.47s total=0.77s 516.8 rows/s; time_left=197.4min
2026-09-26 22:29:49,507 INFO BATCH india 400 records: exact=0.31s ann=0.00s model=0.48s total=0.80s 502.0 rows/s; time_left=197.4min
2026-09-26 22:29:50,345 INFO BATCH india 400 records: exact=0.31s ann=0.00s model=0.51s total=0.83s 480.5 rows/s; time_left=197.4min
2026-09-26 22:29:50,349 INFO PROGRESS 360000/1732544 enhanced_rows=275210 fallback_rows=0
2026-09-26 22:29:51,129 INFO BATCH india 400 records: exact=0.29s ann=0.00s model=0.48s total=0.78s 513.7 rows/s; time_left=197.4min
2026-09-26 22:29:51,910 INFO BATCH india 400 records: exact=0.29s ann=0.00s model=0.47s total=0.78s 515.5 rows/s; time_left=197.4min
2026-09-26 22:29:52,715 INFO BATCH india 400 records: exact=0.29s ann=0.00s model=0.50s total=0.80s 499.5 rows/s; time_left=197.4min
2026-09-26 22:29:53,496 INFO BATCH india 400 records: exact=0.29s ann=0.00s model=0.47s total=0.78s 515.2 rows/s; time_left=197.4min
2026-09-26 22:29:54,261 INFO BATCH india 400 records: exact=0.28s ann=0.00s model=0.46s total=0.76s 528.3 rows/s; time_left=197.4min
2026-09-26 22:29:55,155 INFO BATCH india 400 records: exact=0.34s ann=0.00s model=0.53s total=0.89s 451.2 rows/s; time_left=197.3min
2026-09-26 22:29:55,854 INFO BATCH india 400 records: exact=0.25s ann=0.00s model=0.43s total=0.69s 577.0 rows/s; time_left=197.3min
2026-09-26 22:29:56,660 INFO BATCH india 400 records: exact=0.30s ann=0.00s model=0.48s total=0.80s 499.2 rows/s; time_left=197.3min
2026-09-26 22:29:57,503 INFO BATCH india 400 records: exact=0.31s ann=0.00s model=0.51s total=0.84s 478.6 rows/s; time_left=197.3min
2026-09-26 22:29:58,328 INFO BATCH india 400 records: exact=0.31s ann=0.00s model=0.50s total=0.82s 489.4 rows/s; time_left=197.3min
2026-09-26 22:29:59,109 INFO BATCH india 400 records: exact=0.29s ann=0.00s model=0.47s total=0.77s 517.0 rows/s; time_left=197.3min
2026-09-26 22:29:59,901 INFO BATCH india 400 records: exact=0.29s ann=0.00s model=0.48s total=0.79s 509.0 rows/s; time_left=197.3min
2026-09-26 22:30:00,697 INFO BATCH india 400 records: exact=0.31s ann=0.00s model=0.47s total=0.79s 506.0 rows/s; time_left=197.2min
2026-09-26 22:30:00,703 INFO PROGRESS 365200/1732544 enhanced_rows=279165 fallback_rows=0
2026-09-26 22:30:01,479 INFO BATCH india 400 records: exact=0.28s ann=0.00s model=0.48s total=0.78s 516.1 rows/s; time_left=197.2min
2026-09-26 22:30:02,258 INFO BATCH india 400 records: exact=0.28s ann=0.00s model=0.47s total=0.77s 517.7 rows/s; time_left=197.2min
2026-09-26 22:30:03,057 INFO BATCH india 400 records: exact=0.30s ann=0.00s model=0.48s total=0.79s 504.2 rows/s; time_left=197.2min
2026-09-26 22:30:03,878 INFO BATCH india 400 records: exact=0.30s ann=0.00s model=0.50s total=0.81s 491.2 rows/s; time_left=197.2min
2026-09-26 22:30:04,715 INFO BATCH india 400 records: exact=0.32s ann=0.00s model=0.49s total=0.82s 486.0 rows/s; time_left=197.2min
2026-09-26 22:30:05,545 INFO BATCH india 400 records: exact=0.32s ann=0.00s model=0.49s total=0.82s 485.6 rows/s; time_left=197.2min
2026-09-26 22:30:06,454 INFO BATCH india 400 records: exact=0.36s ann=0.00s model=0.53s total=0.90s 443.5 rows/s; time_left=197.1min
2026-09-26 22:30:07,265 INFO BATCH india 400 records: exact=0.31s ann=0.00s model=0.48s total=0.80s 497.2 rows/s; time_left=197.1min
2026-09-26 22:30:08,052 INFO BATCH india 400 records: exact=0.31s ann=0.00s model=0.46s total=0.78s 511.6 rows/s; time_left=197.1min
2026-09-26 22:30:08,859 INFO BATCH india 400 records: exact=0.31s ann=0.00s model=0.48s total=0.80s 498.7 rows/s; time_left=197.1min
2026-09-26 22:30:09,677 INFO BATCH india 400 records: exact=0.31s ann=0.00s model=0.49s total=0.81s 492.6 rows/s; time_left=197.1min
2026-09-26 22:30:10,520 INFO BATCH india 400 records: exact=0.34s ann=0.00s model=0.49s total=0.84s 476.1 rows/s; time_left=197.1min
2026-09-26 22:30:10,525 INFO PROGRESS 370000/1732544 enhanced_rows=282818 fallback_rows=0
2026-09-26 22:30:11,324 INFO BATCH india 400 records: exact=0.31s ann=0.00s model=0.47s total=0.80s 501.5 rows/s; time_left=197.1min
2026-09-26 22:30:12,153 INFO BATCH india 400 records: exact=0.34s ann=0.00s model=0.47s total=0.82s 487.0 rows/s; time_left=197.1min
2026-09-26 22:30:12,990 INFO BATCH india 400 records: exact=0.34s ann=0.00s model=0.47s total=0.83s 481.0 rows/s; time_left=197.0min
2026-09-26 22:30:13,789 INFO BATCH india 400 records: exact=0.31s ann=0.00s model=0.48s total=0.80s 502.6 rows/s; time_left=197.0min
2026-09-26 22:30:14,632 INFO BATCH india 400 records: exact=0.31s ann=0.00s model=0.51s total=0.84s 478.1 rows/s; time_left=197.0min
2026-09-26 22:30:15,481 INFO BATCH india 400 records: exact=0.34s ann=0.00s model=0.49s total=0.84s 473.8 rows/s; time_left=197.0min
2026-09-26 22:30:16,450 INFO BATCH india 400 records: exact=0.40s ann=0.00s model=0.55s total=0.96s 415.8 rows/s; time_left=197.0min
2026-09-26 22:30:17,297 INFO BATCH india 400 records: exact=0.34s ann=0.00s model=0.49s total=0.84s 474.5 rows/s; time_left=197.0min
2026-09-26 22:30:18,119 INFO BATCH india 400 records: exact=0.33s ann=0.00s model=0.48s total=0.82s 489.6 rows/s; time_left=197.0min
2026-09-26 22:30:19,059 INFO BATCH india 400 records: exact=0.38s ann=0.00s model=0.54s total=0.93s 428.3 rows/s; time_left=196.9min
2026-09-26 22:30:19,939 INFO BATCH india 400 records: exact=0.33s ann=0.00s model=0.52s total=0.88s 457.0 rows/s; time_left=196.9min
2026-09-26 22:30:20,799 INFO BATCH india 400 records: exact=0.35s ann=0.00s model=0.49s total=0.85s 468.1 rows/s; time_left=196.9min
2026-09-26 22:30:21,653 INFO BATCH india 400 records: exact=0.33s ann=0.00s model=0.50s total=0.85s 471.7 rows/s; time_left=196.9min
2026-09-26 22:30:21,657 INFO PROGRESS 375200/1732544 enhanced_rows=286765 fallback_rows=0
2026-09-26 22:30:22,490 INFO BATCH india 400 records: exact=0.32s ann=0.00s model=0.49s total=0.83s 481.2 rows/s; time_left=196.9min
2026-09-26 22:30:23,271 INFO BATCH india 400 records: exact=0.29s ann=0.00s model=0.47s total=0.77s 522.3 rows/s; time_left=196.9min
2026-09-26 22:30:24,088 INFO BATCH india 400 records: exact=0.32s ann=0.00s model=0.48s total=0.81s 491.7 rows/s; time_left=196.9min
2026-09-26 22:30:24,899 INFO BATCH india 400 records: exact=0.31s ann=0.00s model=0.49s total=0.81s 495.9 rows/s; time_left=196.8min
2026-09-26 22:30:25,733 INFO BATCH india 400 records: exact=0.32s ann=0.00s model=0.49s total=0.83s 482.2 rows/s; time_left=196.8min
2026-09-26 22:30:26,574 INFO BATCH india 400 records: exact=0.33s ann=0.00s model=0.49s total=0.84s 477.6 rows/s; time_left=196.8min
2026-09-26 22:30:27,346 INFO BATCH india 400 records: exact=0.29s ann=0.00s model=0.46s total=0.77s 521.4 rows/s; time_left=196.8min
2026-09-26 22:30:28,194 INFO BATCH india 400 records: exact=0.35s ann=0.00s model=0.48s total=0.84s 474.3 rows/s; time_left=196.8min
2026-09-26 22:30:29,029 INFO BATCH india 400 records: exact=0.31s ann=0.00s model=0.50s total=0.83s 483.0 rows/s; time_left=196.8min
2026-09-26 22:30:29,866 INFO BATCH india 400 records: exact=0.33s ann=0.00s model=0.49s total=0.83s 481.2 rows/s; time_left=196.8min
2026-09-26 22:30:30,699 INFO BATCH india 400 records: exact=0.32s ann=0.00s model=0.49s total=0.83s 483.2 rows/s; time_left=196.7min
2026-09-26 22:30:31,508 INFO BATCH india 400 records: exact=0.32s ann=0.00s model=0.46s total=0.80s 497.1 rows/s; time_left=196.7min
2026-09-26 22:30:31,513 INFO PROGRESS 380000/1732544 enhanced_rows=290403 fallback_rows=0
2026-09-26 22:30:32,305 INFO BATCH india 400 records: exact=0.29s ann=0.00s model=0.48s total=0.79s 505.9 rows/s; time_left=196.7min
2026-09-26 22:30:33,126 INFO BATCH india 400 records: exact=0.31s ann=0.00s model=0.50s total=0.82s 489.3 rows/s; time_left=196.7min
2026-09-26 22:30:33,924 INFO BATCH india 400 records: exact=0.30s ann=0.00s model=0.47s total=0.78s 510.0 rows/s; time_left=196.7min
2026-09-26 22:30:34,733 INFO BATCH india 400 records: exact=0.31s ann=0.00s model=0.48s total=0.80s 496.9 rows/s; time_left=196.7min
2026-09-26 22:30:35,584 INFO BATCH india 400 records: exact=0.33s ann=0.00s model=0.50s total=0.85s 473.3 rows/s; time_left=196.7min
2026-09-26 22:30:36,329 INFO BATCH india 400 records: exact=0.28s ann=0.00s model=0.45s total=0.74s 542.0 rows/s; time_left=196.7min
2026-09-26 22:30:37,171 INFO BATCH india 400 records: exact=0.32s ann=0.00s model=0.50s total=0.84s 478.3 rows/s; time_left=196.6min
2026-09-26 22:30:38,005 INFO BATCH india 400 records: exact=0.33s ann=0.00s model=0.48s total=0.82s 487.2 rows/s; time_left=196.6min
2026-09-26 22:30:38,826 INFO BATCH india 400 records: exact=0.32s ann=0.00s model=0.49s total=0.82s 489.0 rows/s; time_left=196.6min
2026-09-26 22:30:39,583 INFO BATCH india 400 records: exact=0.27s ann=0.00s model=0.46s total=0.75s 532.9 rows/s; time_left=196.6min
2026-09-26 22:30:40,471 INFO BATCH india 400 records: exact=0.35s ann=0.00s model=0.52s total=0.88s 452.6 rows/s; time_left=196.6min
2026-09-26 22:30:41,335 INFO BATCH india 400 records: exact=0.35s ann=0.00s model=0.49s total=0.86s 465.6 rows/s; time_left=196.6min
2026-09-26 22:30:42,173 INFO BATCH india 400 records: exact=0.34s ann=0.00s model=0.48s total=0.83s 480.3 rows/s; time_left=196.6min
2026-09-26 22:30:42,176 INFO PROGRESS 385200/1732544 enhanced_rows=294356 fallback_rows=0
2026-09-26 22:30:42,984 INFO BATCH india 400 records: exact=0.31s ann=0.00s model=0.48s total=0.81s 495.7 rows/s; time_left=196.5min
2026-09-26 22:30:43,871 INFO BATCH india 400 records: exact=0.36s ann=0.00s model=0.51s total=0.88s 454.4 rows/s; time_left=196.5min
2026-09-26 22:30:44,664 INFO BATCH india 400 records: exact=0.30s ann=0.00s model=0.47s total=0.79s 508.1 rows/s; time_left=196.5min
2026-09-26 22:30:45,511 INFO BATCH india 400 records: exact=0.34s ann=0.00s model=0.49s total=0.84s 475.1 rows/s; time_left=196.5min
2026-09-26 22:30:46,371 INFO BATCH india 400 records: exact=0.34s ann=0.00s model=0.50s total=0.85s 469.8 rows/s; time_left=196.5min
2026-09-26 22:30:47,262 INFO BATCH india 400 records: exact=0.37s ann=0.00s model=0.50s total=0.89s 451.8 rows/s; time_left=196.5min
2026-09-26 22:30:48,118 INFO BATCH india 400 records: exact=0.34s ann=0.00s model=0.49s total=0.84s 474.4 rows/s; time_left=196.5min
2026-09-26 22:30:48,970 INFO BATCH india 400 records: exact=0.33s ann=0.00s model=0.50s total=0.85s 471.8 rows/s; time_left=196.4min
2026-09-26 22:30:49,800 INFO BATCH india 400 records: exact=0.33s ann=0.00s model=0.48s total=0.83s 484.3 rows/s; time_left=196.4min
2026-09-26 22:30:50,597 INFO BATCH india 400 records: exact=0.31s ann=0.00s model=0.47s total=0.79s 505.5 rows/s; time_left=196.4min
2026-09-26 22:30:51,406 INFO BATCH india 400 records: exact=0.30s ann=0.00s model=0.49s total=0.81s 496.6 rows/s; time_left=196.4min
2026-09-26 22:30:52,241 INFO BATCH india 400 records: exact=0.34s ann=0.00s model=0.48s total=0.83s 481.1 rows/s; time_left=196.4min
2026-09-26 22:30:52,246 INFO PROGRESS 390000/1732544 enhanced_rows=298015 fallback_rows=0
2026-09-26 22:30:53,120 INFO BATCH india 400 records: exact=0.35s ann=0.00s model=0.51s total=0.87s 458.4 rows/s; time_left=196.4min
2026-09-26 22:30:53,970 INFO BATCH india 400 records: exact=0.34s ann=0.00s model=0.49s total=0.84s 473.7 rows/s; time_left=196.4min
2026-09-26 22:30:54,802 INFO BATCH india 400 records: exact=0.32s ann=0.00s model=0.49s total=0.83s 484.8 rows/s; time_left=196.3min
2026-09-26 22:30:55,651 INFO BATCH india 400 records: exact=0.32s ann=0.00s model=0.51s total=0.84s 474.8 rows/s; time_left=196.3min
2026-09-26 22:30:56,498 INFO BATCH india 400 records: exact=0.32s ann=0.00s model=0.50s total=0.84s 475.3 rows/s; time_left=196.3min
2026-09-26 22:30:57,256 INFO BATCH india 400 records: exact=0.28s ann=0.00s model=0.46s total=0.75s 533.0 rows/s; time_left=196.3min
2026-09-26 22:30:58,071 INFO BATCH india 400 records: exact=0.30s ann=0.00s model=0.49s total=0.81s 493.5 rows/s; time_left=196.3min
2026-09-26 22:30:58,885 INFO BATCH india 400 records: exact=0.30s ann=0.00s model=0.50s total=0.81s 494.6 rows/s; time_left=196.3min
2026-09-26 22:30:59,759 INFO BATCH india 400 records: exact=0.36s ann=0.00s model=0.49s total=0.87s 461.0 rows/s; time_left=196.3min
2026-09-26 22:31:00,607 INFO BATCH india 400 records: exact=0.34s ann=0.00s model=0.49s total=0.84s 476.3 rows/s; time_left=196.2min
2026-09-26 22:31:01,362 INFO BATCH india 400 records: exact=0.28s ann=0.00s model=0.46s total=0.75s 535.0 rows/s; time_left=196.2min
2026-09-26 22:31:02,162 INFO BATCH india 400 records: exact=0.29s ann=0.00s model=0.48s total=0.79s 505.0 rows/s; time_left=196.2min
2026-09-26 22:31:02,986 INFO BATCH india 400 records: exact=0.30s ann=0.00s model=0.50s total=0.82s 489.0 rows/s; time_left=196.2min
2026-09-26 22:31:02,991 INFO PROGRESS 395200/1732544 enhanced_rows=301947 fallback_rows=0
2026-09-26 22:31:03,745 INFO BATCH india 400 records: exact=0.28s ann=0.00s model=0.46s total=0.75s 531.7 rows/s; time_left=196.2min
2026-09-26 22:31:04,580 INFO BATCH india 400 records: exact=0.32s ann=0.00s model=0.50s total=0.83s 483.8 rows/s; time_left=196.2min
2026-09-26 22:31:05,390 INFO BATCH india 400 records: exact=0.29s ann=0.00s model=0.49s total=0.80s 502.5 rows/s; time_left=196.2min
2026-09-26 22:31:06,187 INFO BATCH india 400 records: exact=0.29s ann=0.00s model=0.49s total=0.79s 504.1 rows/s; time_left=196.2min
2026-09-26 22:31:06,961 INFO BATCH india 400 records: exact=0.27s ann=0.00s model=0.48s total=0.77s 520.0 rows/s; time_left=196.1min
2026-09-26 22:31:07,782 INFO BATCH india 400 records: exact=0.31s ann=0.00s model=0.48s total=0.81s 492.2 rows/s; time_left=196.1min
2026-09-26 22:31:08,523 INFO BATCH india 400 records: exact=0.27s ann=0.00s model=0.46s total=0.74s 542.9 rows/s; time_left=196.1min
2026-09-26 22:31:09,330 INFO BATCH india 400 records: exact=0.31s ann=0.00s model=0.47s total=0.80s 500.2 rows/s; time_left=196.1min
2026-09-26 22:31:10,098 INFO BATCH india 400 records: exact=0.29s ann=0.00s model=0.46s total=0.76s 524.8 rows/s; time_left=196.1min
2026-09-26 22:31:10,910 INFO BATCH india 400 records: exact=0.29s ann=0.00s model=0.50s total=0.81s 496.8 rows/s; time_left=196.1min
2026-09-26 22:31:11,687 INFO BATCH india 400 records: exact=0.29s ann=0.00s model=0.47s total=0.77s 517.8 rows/s; time_left=196.1min
2026-09-26 22:31:12,522 INFO BATCH india 400 records: exact=0.31s ann=0.00s model=0.50s total=0.83s 483.2 rows/s; time_left=196.0min
2026-09-26 22:31:12,528 INFO PROGRESS 400000/1732544 enhanced_rows=305593 fallback_rows=0
2026-09-26 22:31:13,352 INFO BATCH india 400 records: exact=0.33s ann=0.00s model=0.48s total=0.82s 486.0 rows/s; time_left=196.0min
2026-09-26 22:31:14,181 INFO BATCH india 400 records: exact=0.31s ann=0.00s model=0.50s total=0.82s 485.2 rows/s; time_left=196.0min
2026-09-26 22:31:14,971 INFO BATCH india 400 records: exact=0.29s ann=0.00s model=0.47s total=0.77s 516.5 rows/s; time_left=196.0min
2026-09-26 22:31:15,782 INFO BATCH india 400 records: exact=0.30s ann=0.00s model=0.50s total=0.81s 495.5 rows/s; time_left=196.0min
2026-09-26 22:31:16,621 INFO BATCH india 400 records: exact=0.31s ann=0.00s model=0.50s total=0.82s 485.4 rows/s; time_left=196.0min
2026-09-26 22:31:17,401 INFO BATCH india 400 records: exact=0.29s ann=0.00s model=0.47s total=0.78s 515.7 rows/s; time_left=196.0min
2026-09-26 22:31:18,244 INFO BATCH india 400 records: exact=0.33s ann=0.00s model=0.50s total=0.84s 478.2 rows/s; time_left=196.0min
2026-09-26 22:31:19,103 INFO BATCH india 400 records: exact=0.32s ann=0.00s model=0.52s total=0.85s 468.3 rows/s; time_left=195.9min
2026-09-26 22:31:19,889 INFO BATCH india 400 records: exact=0.27s ann=0.00s model=0.49s total=0.78s 512.7 rows/s; time_left=195.9min
2026-09-26 22:31:20,716 INFO BATCH india 400 records: exact=0.32s ann=0.00s model=0.48s total=0.82s 487.1 rows/s; time_left=195.9min
2026-09-26 22:31:21,533 INFO BATCH india 400 records: exact=0.32s ann=0.00s model=0.48s total=0.81s 493.5 rows/s; time_left=195.9min
2026-09-26 22:31:22,357 INFO BATCH india 400 records: exact=0.32s ann=0.00s model=0.48s total=0.82s 488.9 rows/s; time_left=195.9min
2026-09-26 22:31:23,185 INFO BATCH india 400 records: exact=0.33s ann=0.00s model=0.48s total=0.82s 486.3 rows/s; time_left=195.9min
2026-09-26 22:31:23,188 INFO PROGRESS 405200/1732544 enhanced_rows=309599 fallback_rows=0
2026-09-26 22:31:24,041 INFO BATCH india 400 records: exact=0.34s ann=0.00s model=0.50s total=0.85s 469.7 rows/s; time_left=195.9min
2026-09-26 22:31:24,903 INFO BATCH india 400 records: exact=0.33s ann=0.00s model=0.51s total=0.85s 468.7 rows/s; time_left=195.8min
2026-09-26 22:31:25,775 INFO BATCH india 400 records: exact=0.34s ann=0.00s model=0.51s total=0.86s 465.7 rows/s; time_left=195.8min
2026-09-26 22:31:26,555 INFO BATCH india 400 records: exact=0.29s ann=0.00s model=0.47s total=0.78s 515.7 rows/s; time_left=195.8min
2026-09-26 22:31:27,341 INFO BATCH india 400 records: exact=0.30s ann=0.00s model=0.47s total=0.78s 512.6 rows/s; time_left=195.8min
2026-09-26 22:31:28,094 INFO BATCH india 400 records: exact=0.28s ann=0.00s model=0.45s total=0.75s 534.5 rows/s; time_left=195.8min
2026-09-26 22:31:28,905 INFO BATCH india 400 records: exact=0.29s ann=0.00s model=0.50s total=0.81s 496.8 rows/s; time_left=195.8min
2026-09-26 22:31:29,781 INFO BATCH india 400 records: exact=0.36s ann=0.00s model=0.50s total=0.87s 458.6 rows/s; time_left=195.8min
2026-09-26 22:31:30,609 INFO BATCH india 400 records: exact=0.31s ann=0.00s model=0.49s total=0.82s 488.0 rows/s; time_left=195.7min
2026-09-26 22:31:31,383 INFO BATCH india 400 records: exact=0.30s ann=0.00s model=0.46s total=0.77s 519.3 rows/s; time_left=195.7min
2026-09-26 22:31:32,187 INFO BATCH india 400 records: exact=0.31s ann=0.00s model=0.47s total=0.80s 500.9 rows/s; time_left=195.7min
2026-09-26 22:31:33,009 INFO BATCH india 400 records: exact=0.31s ann=0.00s model=0.49s total=0.81s 491.1 rows/s; time_left=195.7min
2026-09-26 22:31:33,011 INFO PROGRESS 410000/1732544 enhanced_rows=313291 fallback_rows=0
2026-09-26 22:31:33,853 INFO BATCH india 400 records: exact=0.34s ann=0.00s model=0.49s total=0.84s 476.0 rows/s; time_left=195.7min
2026-09-26 22:31:34,681 INFO BATCH india 400 records: exact=0.33s ann=0.00s model=0.48s total=0.82s 486.7 rows/s; time_left=195.7min
2026-09-26 22:31:35,497 INFO BATCH india 400 records: exact=0.31s ann=0.00s model=0.48s total=0.81s 494.7 rows/s; time_left=195.7min
2026-09-26 22:31:36,344 INFO BATCH india 400 records: exact=0.32s ann=0.00s model=0.51s total=0.84s 473.8 rows/s; time_left=195.7min
2026-09-26 22:31:37,179 INFO BATCH india 400 records: exact=0.33s ann=0.00s model=0.49s total=0.83s 482.0 rows/s; time_left=195.6min
2026-09-26 22:31:38,076 INFO BATCH india 400 records: exact=0.35s ann=0.00s model=0.51s total=0.89s 449.4 rows/s; time_left=195.6min
2026-09-26 22:31:38,922 INFO BATCH india 400 records: exact=0.32s ann=0.00s model=0.50s total=0.84s 476.1 rows/s; time_left=195.6min
2026-09-26 22:31:39,694 INFO BATCH india 400 records: exact=0.30s ann=0.00s model=0.45s total=0.77s 520.7 rows/s; time_left=195.6min
2026-09-26 22:31:40,494 INFO BATCH india 400 records: exact=0.31s ann=0.00s model=0.47s total=0.79s 504.4 rows/s; time_left=195.6min
2026-09-26 22:31:41,314 INFO BATCH india 400 records: exact=0.31s ann=0.00s model=0.48s total=0.81s 492.4 rows/s; time_left=195.6min
2026-09-26 22:31:42,172 INFO BATCH india 400 records: exact=0.34s ann=0.00s model=0.50s total=0.85s 468.5 rows/s; time_left=195.6min
2026-09-26 22:31:42,982 INFO BATCH india 400 records: exact=0.31s ann=0.00s model=0.49s total=0.81s 495.7 rows/s; time_left=195.5min
2026-09-26 22:31:43,789 INFO BATCH india 400 records: exact=0.33s ann=0.00s model=0.46s total=0.80s 500.2 rows/s; time_left=195.5min
2026-09-26 22:31:43,796 INFO PROGRESS 415200/1732544 enhanced_rows=317248 fallback_rows=0
2026-09-26 22:31:44,656 INFO BATCH india 400 records: exact=0.35s ann=0.00s model=0.50s total=0.86s 465.7 rows/s; time_left=195.5min
2026-09-26 22:31:45,513 INFO BATCH india 400 records: exact=0.34s ann=0.00s model=0.49s total=0.84s 474.1 rows/s; time_left=195.5min
2026-09-26 22:31:46,276 INFO BATCH india 400 records: exact=0.29s ann=0.00s model=0.46s total=0.76s 527.5 rows/s; time_left=195.5min
2026-09-26 22:31:47,040 INFO BATCH india 400 records: exact=0.29s ann=0.00s model=0.46s total=0.76s 527.0 rows/s; time_left=195.5min
2026-09-26 22:31:47,840 INFO BATCH india 400 records: exact=0.31s ann=0.00s model=0.47s total=0.79s 503.9 rows/s; time_left=195.5min
2026-09-26 22:31:48,647 INFO BATCH india 400 records: exact=0.30s ann=0.00s model=0.48s total=0.80s 499.7 rows/s; time_left=195.4min
2026-09-26 22:31:49,459 INFO BATCH india 400 records: exact=0.31s ann=0.00s model=0.48s total=0.81s 496.6 rows/s; time_left=195.4min
2026-09-26 22:31:50,310 INFO BATCH india 400 records: exact=0.33s ann=0.00s model=0.50s total=0.85s 473.3 rows/s; time_left=195.4min
2026-09-26 22:31:51,165 INFO BATCH india 400 records: exact=0.33s ann=0.00s model=0.50s total=0.85s 470.4 rows/s; time_left=195.4min
2026-09-26 22:31:52,016 INFO BATCH india 400 records: exact=0.33s ann=0.00s model=0.49s total=0.84s 477.9 rows/s; time_left=195.4min
2026-09-26 22:31:52,822 INFO BATCH india 400 records: exact=0.30s ann=0.00s model=0.48s total=0.80s 500.8 rows/s; time_left=195.4min
2026-09-26 22:31:53,661 INFO BATCH india 400 records: exact=0.33s ann=0.00s model=0.49s total=0.83s 480.4 rows/s; time_left=195.4min
2026-09-26 22:31:53,665 INFO PROGRESS 420000/1732544 enhanced_rows=320903 fallback_rows=0
2026-09-26 22:31:54,471 INFO BATCH india 400 records: exact=0.31s ann=0.00s model=0.48s total=0.81s 496.8 rows/s; time_left=195.3min
2026-09-26 22:31:55,281 INFO BATCH india 400 records: exact=0.30s ann=0.00s model=0.49s total=0.81s 495.5 rows/s; time_left=195.3min
2026-09-26 22:31:56,144 INFO BATCH india 400 records: exact=0.34s ann=0.00s model=0.50s total=0.86s 466.8 rows/s; time_left=195.3min
2026-09-26 22:31:56,954 INFO BATCH india 400 records: exact=0.31s ann=0.00s model=0.48s total=0.80s 497.5 rows/s; time_left=195.3min
2026-09-26 22:31:57,777 INFO BATCH india 400 records: exact=0.33s ann=0.00s model=0.48s total=0.82s 489.2 rows/s; time_left=195.3min
2026-09-26 22:31:58,525 INFO BATCH india 400 records: exact=0.25s ann=0.00s model=0.48s total=0.74s 539.4 rows/s; time_left=195.3min
2026-09-26 22:31:59,433 INFO BATCH india 400 records: exact=0.37s ann=0.00s model=0.52s total=0.90s 442.6 rows/s; time_left=195.3min
2026-09-26 22:32:00,323 INFO BATCH india 400 records: exact=0.34s ann=0.00s model=0.52s total=0.88s 456.4 rows/s; time_left=195.3min
2026-09-26 22:32:01,183 INFO BATCH india 400 records: exact=0.32s ann=0.00s model=0.51s total=0.85s 472.8 rows/s; time_left=195.2min
2026-09-26 22:32:01,941 INFO BATCH india 400 records: exact=0.27s ann=0.00s model=0.47s total=0.75s 530.6 rows/s; time_left=195.2min
2026-09-26 22:32:02,785 INFO BATCH india 400 records: exact=0.32s ann=0.00s model=0.50s total=0.84s 478.5 rows/s; time_left=195.2min
2026-09-26 22:32:03,593 INFO BATCH india 400 records: exact=0.32s ann=0.00s model=0.47s total=0.80s 498.8 rows/s; time_left=195.2min
2026-09-26 22:32:04,421 INFO BATCH india 400 records: exact=0.34s ann=0.00s model=0.47s total=0.82s 486.3 rows/s; time_left=195.2min
2026-09-26 22:32:04,426 INFO PROGRESS 425200/1732544 enhanced_rows=324881 fallback_rows=0
2026-09-26 22:32:05,281 INFO BATCH india 400 records: exact=0.34s ann=0.00s model=0.50s total=0.85s 468.6 rows/s; time_left=195.2min
2026-09-26 22:32:06,109 INFO BATCH india 400 records: exact=0.32s ann=0.00s model=0.49s total=0.82s 485.6 rows/s; time_left=195.2min
2026-09-26 22:32:07,010 INFO BATCH india 400 records: exact=0.36s ann=0.00s model=0.52s total=0.89s 447.3 rows/s; time_left=195.1min
2026-09-26 22:32:07,815 INFO BATCH india 400 records: exact=0.29s ann=0.00s model=0.49s total=0.80s 501.4 rows/s; time_left=195.1min
2026-09-26 22:32:08,682 INFO BATCH india 400 records: exact=0.35s ann=0.00s model=0.50s total=0.86s 465.9 rows/s; time_left=195.1min
2026-09-26 22:32:09,476 INFO BATCH india 400 records: exact=0.31s ann=0.00s model=0.47s total=0.79s 508.0 rows/s; time_left=195.1min
2026-09-26 22:32:10,318 INFO BATCH india 400 records: exact=0.32s ann=0.00s model=0.50s total=0.84s 478.0 rows/s; time_left=195.1min
2026-09-26 22:32:11,154 INFO BATCH india 400 records: exact=0.31s ann=0.00s model=0.49s total=0.82s 486.6 rows/s; time_left=195.1min
2026-09-26 22:32:11,945 INFO BATCH india 400 records: exact=0.28s ann=0.00s model=0.49s total=0.79s 509.3 rows/s; time_left=195.1min
2026-09-26 22:32:12,774 INFO BATCH india 400 records: exact=0.30s ann=0.00s model=0.50s total=0.82s 486.9 rows/s; time_left=195.0min
2026-09-26 22:32:13,558 INFO BATCH india 400 records: exact=0.29s ann=0.00s model=0.48s total=0.78s 512.5 rows/s; time_left=195.0min
2026-09-26 22:32:14,395 INFO BATCH india 400 records: exact=0.31s ann=0.00s model=0.51s total=0.83s 480.4 rows/s; time_left=195.0min
2026-09-26 22:32:14,408 INFO PROGRESS 430000/1732544 enhanced_rows=328472 fallback_rows=0
2026-09-26 22:32:15,215 INFO BATCH india 400 records: exact=0.29s ann=0.00s model=0.50s total=0.81s 496.2 rows/s; time_left=195.0min
2026-09-26 22:32:15,997 INFO BATCH india 400 records: exact=0.28s ann=0.00s model=0.48s total=0.78s 515.1 rows/s; time_left=195.0min
2026-09-26 22:32:16,806 INFO BATCH india 400 records: exact=0.30s ann=0.00s model=0.49s total=0.80s 498.8 rows/s; time_left=195.0min
2026-09-26 22:32:17,580 INFO BATCH india 400 records: exact=0.28s ann=0.00s model=0.47s total=0.77s 521.1 rows/s; time_left=195.0min
2026-09-26 22:32:18,392 INFO BATCH india 400 records: exact=0.30s ann=0.00s model=0.49s total=0.81s 496.0 rows/s; time_left=195.0min
2026-09-26 22:32:19,184 INFO BATCH india 400 records: exact=0.29s ann=0.00s model=0.49s total=0.79s 507.7 rows/s; time_left=194.9min
2026-09-26 22:32:19,951 INFO BATCH india 400 records: exact=0.27s ann=0.00s model=0.48s total=0.76s 526.0 rows/s; time_left=194.9min
2026-09-26 22:32:20,730 INFO BATCH india 400 records: exact=0.28s ann=0.00s model=0.48s total=0.77s 517.5 rows/s; time_left=194.9min
2026-09-26 22:32:21,592 INFO BATCH india 400 records: exact=0.30s ann=0.00s model=0.53s total=0.86s 467.2 rows/s; time_left=194.9min
2026-09-26 22:32:22,367 INFO BATCH india 400 records: exact=0.29s ann=0.00s model=0.47s total=0.77s 519.9 rows/s; time_left=194.9min
2026-09-26 22:32:23,196 INFO BATCH india 400 records: exact=0.31s ann=0.00s model=0.50s total=0.82s 486.7 rows/s; time_left=194.9min
2026-09-26 22:32:23,999 INFO BATCH india 400 records: exact=0.29s ann=0.00s model=0.50s total=0.80s 501.2 rows/s; time_left=194.9min
2026-09-26 22:32:24,886 INFO BATCH india 400 records: exact=0.35s ann=0.00s model=0.51s total=0.88s 455.1 rows/s; time_left=194.8min
2026-09-26 22:32:24,892 INFO PROGRESS 435200/1732544 enhanced_rows=332435 fallback_rows=0
2026-09-26 22:32:25,631 INFO BATCH india 400 records: exact=0.26s ann=0.00s model=0.47s total=0.74s 541.8 rows/s; time_left=194.8min
2026-09-26 22:32:26,473 INFO BATCH india 400 records: exact=0.31s ann=0.00s model=0.51s total=0.84s 478.7 rows/s; time_left=194.8min
2026-09-26 22:32:27,229 INFO BATCH india 400 records: exact=0.27s ann=0.00s model=0.47s total=0.75s 532.0 rows/s; time_left=194.8min
2026-09-26 22:32:28,037 INFO BATCH india 400 records: exact=0.31s ann=0.00s model=0.48s total=0.80s 497.5 rows/s; time_left=194.8min
2026-09-26 22:32:28,851 INFO BATCH india 400 records: exact=0.31s ann=0.00s model=0.48s total=0.81s 496.0 rows/s; time_left=194.8min
2026-09-26 22:32:29,644 INFO BATCH india 400 records: exact=0.29s ann=0.00s model=0.48s total=0.79s 508.0 rows/s; time_left=194.8min
2026-09-26 22:32:30,483 INFO BATCH india 400 records: exact=0.31s ann=0.00s model=0.51s total=0.83s 480.2 rows/s; time_left=194.7min
2026-09-26 22:32:31,345 INFO BATCH india 400 records: exact=0.32s ann=0.00s model=0.50s total=0.85s 472.4 rows/s; time_left=194.7min
2026-09-26 22:32:32,149 INFO BATCH india 400 records: exact=0.30s ann=0.00s model=0.48s total=0.80s 500.9 rows/s; time_left=194.7min
2026-09-26 22:32:32,902 INFO BATCH india 400 records: exact=0.26s ann=0.00s model=0.47s total=0.75s 535.3 rows/s; time_left=194.7min
2026-09-26 22:32:33,706 INFO BATCH india 400 records: exact=0.31s ann=0.00s model=0.47s total=0.80s 501.2 rows/s; time_left=194.7min
2026-09-26 22:32:34,509 INFO BATCH india 400 records: exact=0.30s ann=0.00s model=0.48s total=0.79s 503.4 rows/s; time_left=194.7min
2026-09-26 22:32:34,512 INFO PROGRESS 440000/1732544 enhanced_rows=336125 fallback_rows=0
2026-09-26 22:32:35,364 INFO BATCH india 400 records: exact=0.32s ann=0.00s model=0.51s total=0.85s 470.0 rows/s; time_left=194.7min
2026-09-26 22:32:36,195 INFO BATCH india 400 records: exact=0.33s ann=0.00s model=0.48s total=0.83s 484.0 rows/s; time_left=194.7min
2026-09-26 22:32:37,004 INFO BATCH india 400 records: exact=0.31s ann=0.00s model=0.48s total=0.80s 498.9 rows/s; time_left=194.6min
2026-09-26 22:32:37,785 INFO BATCH india 400 records: exact=0.29s ann=0.00s model=0.47s total=0.77s 516.7 rows/s; time_left=194.6min
2026-09-26 22:32:38,609 INFO BATCH india 400 records: exact=0.32s ann=0.00s model=0.48s total=0.82s 489.4 rows/s; time_left=194.6min
2026-09-26 22:32:39,401 INFO BATCH india 400 records: exact=0.30s ann=0.00s model=0.47s total=0.79s 509.2 rows/s; time_left=194.6min
2026-09-26 22:32:40,238 INFO BATCH india 400 records: exact=0.32s ann=0.00s model=0.50s total=0.83s 479.5 rows/s; time_left=194.6min
2026-09-26 22:32:41,102 INFO BATCH india 400 records: exact=0.34s ann=0.00s model=0.49s total=0.85s 471.0 rows/s; time_left=194.6min
2026-09-26 22:32:41,972 INFO BATCH india 400 records: exact=0.34s ann=0.00s model=0.50s total=0.86s 463.9 rows/s; time_left=194.6min
2026-09-26 22:32:42,784 INFO BATCH india 400 records: exact=0.31s ann=0.00s model=0.48s total=0.81s 495.9 rows/s; time_left=194.5min
2026-09-26 22:32:43,593 INFO BATCH india 400 records: exact=0.30s ann=0.00s model=0.48s total=0.80s 498.1 rows/s; time_left=194.5min
2026-09-26 22:32:44,384 INFO BATCH india 400 records: exact=0.30s ann=0.00s model=0.47s total=0.79s 508.3 rows/s; time_left=194.5min
2026-09-26 22:32:45,232 INFO BATCH india 400 records: exact=0.33s ann=0.00s model=0.49s total=0.84s 476.1 rows/s; time_left=194.5min
2026-09-26 22:32:45,238 INFO PROGRESS 445200/1732544 enhanced_rows=340081 fallback_rows=0
2026-09-26 22:32:46,093 INFO BATCH india 400 records: exact=0.34s ann=0.00s model=0.50s total=0.85s 468.1 rows/s; time_left=194.5min
2026-09-26 22:32:46,883 INFO BATCH india 400 records: exact=0.31s ann=0.00s model=0.46s total=0.78s 511.5 rows/s; time_left=194.5min
2026-09-26 22:32:47,769 INFO BATCH india 400 records: exact=0.36s ann=0.00s model=0.50s total=0.87s 461.3 rows/s; time_left=194.5min
2026-09-26 22:32:48,642 INFO BATCH india 400 records: exact=0.36s ann=0.00s model=0.50s total=0.87s 461.5 rows/s; time_left=194.4min
2026-09-26 22:32:49,480 INFO BATCH india 400 records: exact=0.33s ann=0.00s model=0.49s total=0.83s 480.5 rows/s; time_left=194.4min
2026-09-26 22:32:50,266 INFO BATCH india 400 records: exact=0.31s ann=0.00s model=0.46s total=0.78s 512.3 rows/s; time_left=194.4min
2026-09-26 22:32:51,128 INFO BATCH india 400 records: exact=0.35s ann=0.00s model=0.49s total=0.86s 466.4 rows/s; time_left=194.4min
2026-09-26 22:32:52,003 INFO BATCH india 400 records: exact=0.38s ann=0.00s model=0.48s total=0.87s 460.5 rows/s; time_left=194.4min
2026-09-26 22:32:52,865 INFO BATCH india 400 records: exact=0.34s ann=0.00s model=0.49s total=0.85s 468.0 rows/s; time_left=194.4min
2026-09-26 22:32:53,686 INFO BATCH india 400 records: exact=0.30s ann=0.00s model=0.51s total=0.82s 489.3 rows/s; time_left=194.4min
2026-09-26 22:32:54,558 INFO BATCH india 400 records: exact=0.34s ann=0.00s model=0.51s total=0.87s 461.7 rows/s; time_left=194.3min
2026-09-26 22:32:55,393 INFO BATCH india 400 records: exact=0.33s ann=0.00s model=0.48s total=0.83s 482.8 rows/s; time_left=194.3min
2026-09-26 22:32:55,399 INFO PROGRESS 450000/1732544 enhanced_rows=343698 fallback_rows=0
2026-09-26 22:32:56,157 INFO BATCH india 400 records: exact=0.29s ann=0.00s model=0.45s total=0.76s 528.4 rows/s; time_left=194.3min
2026-09-26 22:32:56,973 INFO BATCH india 400 records: exact=0.32s ann=0.00s model=0.48s total=0.81s 492.4 rows/s; time_left=194.3min
2026-09-26 22:32:57,860 INFO BATCH india 400 records: exact=0.35s ann=0.00s model=0.52s total=0.88s 453.9 rows/s; time_left=194.3min
2026-09-26 22:32:58,762 INFO BATCH india 400 records: exact=0.36s ann=0.00s model=0.52s total=0.90s 446.6 rows/s; time_left=194.3min
2026-09-26 22:32:59,693 INFO BATCH india 400 records: exact=0.37s ann=0.00s model=0.54s total=0.92s 432.7 rows/s; time_left=194.3min
2026-09-26 22:33:00,542 INFO BATCH india 400 records: exact=0.33s ann=0.00s model=0.49s total=0.84s 474.6 rows/s; time_left=194.2min
2026-09-26 22:33:01,398 INFO BATCH india 400 records: exact=0.32s ann=0.00s model=0.50s total=0.84s 474.7 rows/s; time_left=194.2min
2026-09-26 22:33:02,270 INFO BATCH india 400 records: exact=0.34s ann=0.00s model=0.51s total=0.87s 460.4 rows/s; time_left=194.2min
2026-09-26 22:33:03,163 INFO BATCH india 400 records: exact=0.36s ann=0.00s model=0.50s total=0.88s 455.7 rows/s; time_left=194.2min
2026-09-26 22:33:04,076 INFO BATCH india 400 records: exact=0.37s ann=0.00s model=0.52s total=0.90s 444.5 rows/s; time_left=194.2min
2026-09-26 22:33:04,943 INFO BATCH india 400 records: exact=0.36s ann=0.00s model=0.49s total=0.86s 464.4 rows/s; time_left=194.2min
2026-09-26 22:33:05,805 INFO BATCH india 400 records: exact=0.34s ann=0.00s model=0.50s total=0.86s 467.5 rows/s; time_left=194.2min
2026-09-26 22:33:06,663 INFO BATCH india 400 records: exact=0.34s ann=0.00s model=0.49s total=0.85s 469.9 rows/s; time_left=194.1min
2026-09-26 22:33:06,668 INFO PROGRESS 455200/1732544 enhanced_rows=347636 fallback_rows=0
2026-09-26 22:33:07,493 INFO BATCH india 400 records: exact=0.31s ann=0.00s model=0.49s total=0.82s 485.5 rows/s; time_left=194.1min
2026-09-26 22:33:08,266 INFO BATCH india 400 records: exact=0.29s ann=0.00s model=0.46s total=0.77s 520.7 rows/s; time_left=194.1min
2026-09-26 22:33:09,073 INFO BATCH india 400 records: exact=0.32s ann=0.00s model=0.47s total=0.80s 499.7 rows/s; time_left=194.1min
2026-09-26 22:33:09,942 INFO BATCH india 400 records: exact=0.33s ann=0.00s model=0.52s total=0.86s 463.6 rows/s; time_left=194.1min
2026-09-26 22:33:10,786 INFO BATCH india 400 records: exact=0.32s ann=0.00s model=0.50s total=0.84s 476.5 rows/s; time_left=194.1min
2026-09-26 22:33:11,646 INFO BATCH india 400 records: exact=0.34s ann=0.00s model=0.49s total=0.85s 467.9 rows/s; time_left=194.1min
2026-09-26 22:33:12,508 INFO BATCH india 400 records: exact=0.34s ann=0.00s model=0.50s total=0.86s 467.3 rows/s; time_left=194.0min
2026-09-26 22:33:13,388 INFO BATCH india 400 records: exact=0.35s ann=0.00s model=0.51s total=0.88s 456.7 rows/s; time_left=194.0min
2026-09-26 22:33:14,309 INFO BATCH india 400 records: exact=0.36s ann=0.00s model=0.54s total=0.91s 440.4 rows/s; time_left=194.0min
2026-09-26 22:33:15,165 INFO BATCH india 400 records: exact=0.32s ann=0.00s model=0.51s total=0.84s 474.4 rows/s; time_left=194.0min
2026-09-26 22:33:15,971 INFO BATCH india 400 records: exact=0.32s ann=0.00s model=0.47s total=0.80s 499.0 rows/s; time_left=194.0min
2026-09-26 22:33:16,801 INFO BATCH india 400 records: exact=0.31s ann=0.00s model=0.50s total=0.82s 485.6 rows/s; time_left=194.0min
2026-09-26 22:33:16,807 INFO PROGRESS 460000/1732544 enhanced_rows=351357 fallback_rows=0
2026-09-26 22:33:17,617 INFO BATCH india 400 records: exact=0.31s ann=0.00s model=0.48s total=0.81s 494.4 rows/s; time_left=194.0min
2026-09-26 22:33:18,418 INFO BATCH india 400 records: exact=0.32s ann=0.00s model=0.47s total=0.80s 501.9 rows/s; time_left=193.9min
2026-09-26 22:33:19,177 INFO BATCH india 400 records: exact=0.29s ann=0.00s model=0.45s total=0.75s 532.0 rows/s; time_left=193.9min
2026-09-26 22:33:19,993 INFO BATCH india 400 records: exact=0.30s ann=0.00s model=0.49s total=0.81s 493.5 rows/s; time_left=193.9min
2026-09-26 22:33:20,829 INFO BATCH india 400 records: exact=0.34s ann=0.00s model=0.48s total=0.83s 481.0 rows/s; time_left=193.9min
2026-09-26 22:33:21,645 INFO BATCH india 400 records: exact=0.32s ann=0.00s model=0.48s total=0.81s 492.5 rows/s; time_left=193.9min
2026-09-26 22:33:22,427 INFO BATCH india 400 records: exact=0.29s ann=0.00s model=0.47s total=0.78s 513.7 rows/s; time_left=193.9min
2026-09-26 22:33:23,255 INFO BATCH india 400 records: exact=0.33s ann=0.00s model=0.47s total=0.82s 487.1 rows/s; time_left=193.9min
2026-09-26 22:33:24,029 INFO BATCH india 400 records: exact=0.29s ann=0.00s model=0.47s total=0.77s 519.5 rows/s; time_left=193.9min
2026-09-26 22:33:24,815 INFO BATCH india 400 records: exact=0.30s ann=0.00s model=0.46s total=0.78s 513.2 rows/s; time_left=193.8min
2026-09-26 22:33:25,667 INFO BATCH india 400 records: exact=0.31s ann=0.00s model=0.51s total=0.84s 473.9 rows/s; time_left=193.8min
2026-09-26 22:33:26,458 INFO BATCH india 400 records: exact=0.29s ann=0.00s model=0.49s total=0.79s 508.3 rows/s; time_left=193.8min
2026-09-26 22:33:27,304 INFO BATCH india 400 records: exact=0.33s ann=0.00s model=0.50s total=0.84s 476.2 rows/s; time_left=193.8min
2026-09-26 22:33:27,309 INFO PROGRESS 465200/1732544 enhanced_rows=355313 fallback_rows=0
2026-09-26 22:33:28,122 INFO BATCH india 400 records: exact=0.32s ann=0.00s model=0.48s total=0.81s 492.1 rows/s; time_left=193.8min
2026-09-26 22:33:28,958 INFO BATCH india 400 records: exact=0.31s ann=0.00s model=0.50s total=0.83s 482.3 rows/s; time_left=193.8min
2026-09-26 22:33:29,784 INFO BATCH india 400 records: exact=0.30s ann=0.00s model=0.51s total=0.82s 487.7 rows/s; time_left=193.8min
2026-09-26 22:33:30,633 INFO BATCH india 400 records: exact=0.33s ann=0.00s model=0.50s total=0.84s 473.7 rows/s; time_left=193.7min
2026-09-26 22:33:31,465 INFO BATCH india 400 records: exact=0.31s ann=0.00s model=0.49s total=0.82s 489.8 rows/s; time_left=193.7min
2026-09-26 22:33:32,282 INFO BATCH india 400 records: exact=0.31s ann=0.00s model=0.49s total=0.81s 491.9 rows/s; time_left=193.7min
2026-09-26 22:33:33,016 INFO BATCH india 400 records: exact=0.27s ann=0.00s model=0.45s total=0.73s 549.7 rows/s; time_left=193.7min
2026-09-26 22:33:33,866 INFO BATCH india 400 records: exact=0.32s ann=0.00s model=0.51s total=0.84s 474.4 rows/s; time_left=193.7min
2026-09-26 22:33:34,712 INFO BATCH india 400 records: exact=0.32s ann=0.00s model=0.51s total=0.84s 476.2 rows/s; time_left=193.7min
2026-09-26 22:33:35,544 INFO BATCH india 400 records: exact=0.31s ann=0.00s model=0.50s total=0.82s 489.2 rows/s; time_left=193.7min
2026-09-26 22:33:36,363 INFO BATCH india 400 records: exact=0.30s ann=0.00s model=0.49s total=0.81s 492.4 rows/s; time_left=193.7min
2026-09-26 22:33:37,193 INFO BATCH india 400 records: exact=0.31s ann=0.00s model=0.50s total=0.82s 486.0 rows/s; time_left=193.6min
2026-09-26 22:33:37,206 INFO PROGRESS 470000/1732544 enhanced_rows=358998 fallback_rows=0
2026-09-26 22:33:37,936 INFO BATCH india 400 records: exact=0.26s ann=0.00s model=0.45s total=0.73s 548.2 rows/s; time_left=193.6min
2026-09-26 22:33:38,689 INFO BATCH india 400 records: exact=0.27s ann=0.00s model=0.47s total=0.75s 534.5 rows/s; time_left=193.6min
2026-09-26 22:33:39,535 INFO BATCH india 400 records: exact=0.33s ann=0.00s model=0.50s total=0.84s 475.0 rows/s; time_left=193.6min
2026-09-26 22:33:40,295 INFO BATCH india 400 records: exact=0.27s ann=0.00s model=0.47s total=0.75s 531.3 rows/s; time_left=193.6min
2026-09-26 22:33:41,139 INFO BATCH india 400 records: exact=0.31s ann=0.00s model=0.51s total=0.84s 477.3 rows/s; time_left=193.6min
2026-09-26 22:33:41,935 INFO BATCH india 400 records: exact=0.29s ann=0.00s model=0.49s total=0.79s 506.5 rows/s; time_left=193.6min
2026-09-26 22:33:42,740 INFO BATCH india 400 records: exact=0.30s ann=0.00s model=0.48s total=0.80s 501.5 rows/s; time_left=193.5min
2026-09-26 22:33:43,524 INFO BATCH india 400 records: exact=0.28s ann=0.00s model=0.48s total=0.78s 514.6 rows/s; time_left=193.5min
2026-09-26 22:33:44,329 INFO BATCH india 400 records: exact=0.29s ann=0.00s model=0.49s total=0.80s 499.3 rows/s; time_left=193.5min
2026-09-26 22:33:45,126 INFO BATCH india 400 records: exact=0.28s ann=0.00s model=0.49s total=0.79s 505.6 rows/s; time_left=193.5min
2026-09-26 22:33:46,044 INFO BATCH india 400 records: exact=0.36s ann=0.00s model=0.53s total=0.91s 439.9 rows/s; time_left=193.5min
2026-09-26 22:33:46,869 INFO BATCH india 400 records: exact=0.32s ann=0.00s model=0.49s total=0.82s 488.6 rows/s; time_left=193.5min
2026-09-26 22:33:47,641 INFO BATCH india 400 records: exact=0.27s ann=0.00s model=0.48s total=0.76s 523.0 rows/s; time_left=193.5min
2026-09-26 22:33:47,644 INFO PROGRESS 475200/1732544 enhanced_rows=362976 fallback_rows=0
2026-09-26 22:33:48,422 INFO BATCH india 400 records: exact=0.29s ann=0.00s model=0.48s total=0.78s 515.1 rows/s; time_left=193.4min
2026-09-26 22:33:49,279 INFO BATCH india 400 records: exact=0.33s ann=0.00s model=0.51s total=0.85s 470.5 rows/s; time_left=193.4min
2026-09-26 22:33:50,070 INFO BATCH india 400 records: exact=0.29s ann=0.00s model=0.48s total=0.79s 509.4 rows/s; time_left=193.4min
2026-09-26 22:33:50,890 INFO BATCH india 400 records: exact=0.30s ann=0.00s model=0.50s total=0.81s 491.5 rows/s; time_left=193.4min
2026-09-26 22:33:51,724 INFO BATCH india 400 records: exact=0.33s ann=0.00s model=0.49s total=0.83s 483.9 rows/s; time_left=193.4min
2026-09-26 22:33:52,545 INFO BATCH india 400 records: exact=0.33s ann=0.00s model=0.47s total=0.82s 490.1 rows/s; time_left=193.4min
2026-09-26 22:33:53,398 INFO BATCH india 400 records: exact=0.33s ann=0.00s model=0.50s total=0.85s 472.4 rows/s; time_left=193.4min
2026-09-26 22:33:54,179 INFO BATCH india 400 records: exact=0.28s ann=0.00s model=0.48s total=0.77s 516.5 rows/s; time_left=193.4min
2026-09-26 22:33:54,916 INFO BATCH india 400 records: exact=0.27s ann=0.00s model=0.45s total=0.73s 547.8 rows/s; time_left=193.3min
2026-09-26 22:33:55,777 INFO BATCH india 400 records: exact=0.33s ann=0.00s model=0.51s total=0.85s 468.2 rows/s; time_left=193.3min
2026-09-26 22:33:56,591 INFO BATCH india 400 records: exact=0.31s ann=0.00s model=0.48s total=0.81s 493.7 rows/s; time_left=193.3min
2026-09-26 22:33:57,447 INFO BATCH india 400 records: exact=0.33s ann=0.00s model=0.51s total=0.85s 470.6 rows/s; time_left=193.3min
2026-09-26 22:33:57,453 INFO PROGRESS 480000/1732544 enhanced_rows=366605 fallback_rows=0
2026-09-26 22:33:58,301 INFO BATCH india 400 records: exact=0.33s ann=0.00s model=0.51s total=0.85s 471.8 rows/s; time_left=193.3min
2026-09-26 22:33:59,131 INFO BATCH india 400 records: exact=0.32s ann=0.00s model=0.48s total=0.82s 490.1 rows/s; time_left=193.3min
2026-09-26 22:33:59,977 INFO BATCH india 400 records: exact=0.34s ann=0.00s model=0.49s total=0.84s 476.0 rows/s; time_left=193.3min
2026-09-26 22:34:00,754 INFO BATCH india 400 records: exact=0.28s ann=0.00s model=0.47s total=0.77s 518.7 rows/s; time_left=193.2min
2026-09-26 22:34:01,591 INFO BATCH india 400 records: exact=0.32s ann=0.00s model=0.48s total=0.83s 480.9 rows/s; time_left=193.2min
2026-09-26 22:34:02,378 INFO BATCH india 400 records: exact=0.29s ann=0.00s model=0.47s total=0.78s 511.8 rows/s; time_left=193.2min
2026-09-26 22:34:03,155 INFO BATCH india 400 records: exact=0.30s ann=0.00s model=0.46s total=0.77s 518.4 rows/s; time_left=193.2min
2026-09-26 22:34:04,072 INFO BATCH india 400 records: exact=0.37s ann=0.00s model=0.52s total=0.91s 439.1 rows/s; time_left=193.2min
2026-09-26 22:34:04,951 INFO BATCH india 400 records: exact=0.35s ann=0.00s model=0.51s total=0.87s 457.9 rows/s; time_left=193.2min
2026-09-26 22:34:05,794 INFO BATCH india 400 records: exact=0.33s ann=0.00s model=0.48s total=0.83s 482.6 rows/s; time_left=193.2min
2026-09-26 22:34:06,563 INFO BATCH india 400 records: exact=0.29s ann=0.00s model=0.47s total=0.77s 522.5 rows/s; time_left=193.1min
2026-09-26 22:34:07,350 INFO BATCH india 400 records: exact=0.31s ann=0.00s model=0.46s total=0.78s 511.1 rows/s; time_left=193.1min
2026-09-26 22:34:08,164 INFO BATCH india 400 records: exact=0.32s ann=0.00s model=0.47s total=0.81s 494.6 rows/s; time_left=193.1min
2026-09-26 22:34:08,170 INFO PROGRESS 485200/1732544 enhanced_rows=370605 fallback_rows=0
2026-09-26 22:34:09,048 INFO BATCH india 400 records: exact=0.36s ann=0.00s model=0.51s total=0.88s 455.8 rows/s; time_left=193.1min
2026-09-26 22:34:09,890 INFO BATCH india 400 records: exact=0.33s ann=0.00s model=0.49s total=0.83s 479.4 rows/s; time_left=193.1min
2026-09-26 22:34:10,711 INFO BATCH india 400 records: exact=0.31s ann=0.00s model=0.49s total=0.81s 491.2 rows/s; time_left=193.1min
2026-09-26 22:34:11,583 INFO BATCH india 400 records: exact=0.35s ann=0.00s model=0.50s total=0.87s 461.2 rows/s; time_left=193.1min
2026-09-26 22:34:12,454 INFO BATCH india 400 records: exact=0.34s ann=0.00s model=0.51s total=0.87s 461.6 rows/s; time_left=193.0min
2026-09-26 22:34:13,230 INFO BATCH india 400 records: exact=0.28s ann=0.00s model=0.47s total=0.77s 519.0 rows/s; time_left=193.0min
2026-09-26 22:34:14,040 INFO BATCH india 400 records: exact=0.30s ann=0.00s model=0.48s total=0.80s 498.3 rows/s; time_left=193.0min
2026-09-26 22:34:14,880 INFO BATCH india 400 records: exact=0.33s ann=0.00s model=0.49s total=0.84s 478.4 rows/s; time_left=193.0min
2026-09-26 22:34:15,685 INFO BATCH india 400 records: exact=0.31s ann=0.00s model=0.47s total=0.80s 500.8 rows/s; time_left=193.0min
2026-09-26 22:34:16,521 INFO BATCH india 400 records: exact=0.33s ann=0.00s model=0.49s total=0.83s 481.0 rows/s; time_left=193.0min
2026-09-26 22:34:17,394 INFO BATCH india 400 records: exact=0.34s ann=0.00s model=0.51s total=0.87s 461.8 rows/s; time_left=193.0min
2026-09-26 22:34:18,219 INFO BATCH india 400 records: exact=0.31s ann=0.00s model=0.48s total=0.81s 493.4 rows/s; time_left=193.0min
2026-09-26 22:34:18,225 INFO PROGRESS 490000/1732544 enhanced_rows=374285 fallback_rows=0
2026-09-26 22:34:19,058 INFO BATCH india 400 records: exact=0.32s ann=0.00s model=0.49s total=0.83s 480.9 rows/s; time_left=192.9min
2026-09-26 22:34:19,904 INFO BATCH india 400 records: exact=0.33s ann=0.00s model=0.49s total=0.84s 476.0 rows/s; time_left=192.9min
2026-09-26 22:34:20,674 INFO BATCH india 400 records: exact=0.29s ann=0.00s model=0.46s total=0.76s 524.0 rows/s; time_left=192.9min
2026-09-26 22:34:21,467 INFO BATCH india 400 records: exact=0.31s ann=0.00s model=0.47s total=0.79s 508.6 rows/s; time_left=192.9min
2026-09-26 22:34:22,338 INFO BATCH india 400 records: exact=0.35s ann=0.00s model=0.50s total=0.86s 463.2 rows/s; time_left=192.9min
2026-09-26 22:34:23,223 INFO BATCH india 400 records: exact=0.36s ann=0.00s model=0.50s total=0.88s 454.0 rows/s; time_left=192.9min
2026-09-26 22:34:24,013 INFO BATCH india 400 records: exact=0.31s ann=0.00s model=0.47s total=0.79s 509.3 rows/s; time_left=192.9min
2026-09-26 22:34:24,859 INFO BATCH india 400 records: exact=0.33s ann=0.00s model=0.50s total=0.84s 475.7 rows/s; time_left=192.8min
2026-09-26 22:34:25,723 INFO BATCH india 400 records: exact=0.34s ann=0.00s model=0.49s total=0.85s 470.8 rows/s; time_left=192.8min
2026-09-26 22:34:26,542 INFO BATCH india 400 records: exact=0.31s ann=0.00s model=0.49s total=0.81s 491.0 rows/s; time_left=192.8min
2026-09-26 22:34:27,354 INFO BATCH india 400 records: exact=0.30s ann=0.00s model=0.49s total=0.81s 496.2 rows/s; time_left=192.8min
2026-09-26 22:34:28,108 INFO BATCH india 400 records: exact=0.28s ann=0.00s model=0.46s total=0.75s 534.3 rows/s; time_left=192.8min
2026-09-26 22:34:28,952 INFO BATCH india 400 records: exact=0.33s ann=0.00s model=0.50s total=0.84s 475.9 rows/s; time_left=192.8min
2026-09-26 22:34:28,958 INFO PROGRESS 495200/1732544 enhanced_rows=378225 fallback_rows=0
2026-09-26 22:34:29,782 INFO BATCH india 400 records: exact=0.33s ann=0.00s model=0.48s total=0.82s 485.8 rows/s; time_left=192.8min
2026-09-26 22:34:30,568 INFO BATCH india 400 records: exact=0.30s ann=0.00s model=0.47s total=0.78s 511.3 rows/s; time_left=192.7min
2026-09-26 22:34:31,419 INFO BATCH india 400 records: exact=0.35s ann=0.00s model=0.48s total=0.84s 474.1 rows/s; time_left=192.7min
2026-09-26 22:34:32,183 INFO BATCH india 400 records: exact=0.28s ann=0.00s model=0.46s total=0.76s 529.0 rows/s; time_left=192.7min
2026-09-26 22:34:33,030 INFO BATCH india 400 records: exact=0.33s ann=0.00s model=0.49s total=0.84s 475.7 rows/s; time_left=192.7min
2026-09-26 22:34:33,847 INFO BATCH india 400 records: exact=0.31s ann=0.00s model=0.49s total=0.81s 492.9 rows/s; time_left=192.7min
2026-09-26 22:34:34,638 INFO BATCH india 400 records: exact=0.31s ann=0.00s model=0.47s total=0.79s 508.9 rows/s; time_left=192.7min
2026-09-26 22:34:35,446 INFO BATCH india 400 records: exact=0.30s ann=0.00s model=0.49s total=0.80s 499.0 rows/s; time_left=192.7min
2026-09-26 22:34:36,295 INFO BATCH india 400 records: exact=0.34s ann=0.00s model=0.49s total=0.84s 474.4 rows/s; time_left=192.7min
2026-09-26 22:34:37,082 INFO BATCH india 400 records: exact=0.29s ann=0.00s model=0.47s total=0.78s 513.0 rows/s; time_left=192.6min
2026-09-26 22:34:37,929 INFO BATCH india 400 records: exact=0.31s ann=0.00s model=0.51s total=0.84s 476.7 rows/s; time_left=192.6min
2026-09-26 22:34:38,698 INFO BATCH india 400 records: exact=0.29s ann=0.00s model=0.46s total=0.76s 523.0 rows/s; time_left=192.6min
2026-09-26 22:34:38,702 INFO PROGRESS 500000/1732544 enhanced_rows=381917 fallback_rows=0
2026-09-26 22:34:39,508 INFO BATCH india 400 records: exact=0.31s ann=0.00s model=0.48s total=0.81s 496.5 rows/s; time_left=192.6min
2026-09-26 22:34:40,303 INFO BATCH india 400 records: exact=0.30s ann=0.00s model=0.48s total=0.79s 507.9 rows/s; time_left=192.6min
2026-09-26 22:34:41,085 INFO BATCH india 400 records: exact=0.29s ann=0.00s model=0.47s total=0.78s 516.0 rows/s; time_left=192.6min
2026-09-26 22:34:41,883 INFO BATCH india 400 records: exact=0.29s ann=0.00s model=0.48s total=0.79s 505.4 rows/s; time_left=192.6min
2026-09-26 22:34:42,711 INFO BATCH india 400 records: exact=0.32s ann=0.00s model=0.49s total=0.82s 487.0 rows/s; time_left=192.5min
2026-09-26 22:34:43,476 INFO BATCH india 400 records: exact=0.28s ann=0.00s model=0.47s total=0.76s 527.5 rows/s; time_left=192.5min
2026-09-26 22:34:44,272 INFO BATCH india 400 records: exact=0.30s ann=0.00s model=0.48s total=0.79s 504.4 rows/s; time_left=192.5min
2026-09-26 22:34:45,103 INFO BATCH india 400 records: exact=0.30s ann=0.00s model=0.50s total=0.82s 485.2 rows/s; time_left=192.5min
2026-09-26 22:34:45,914 INFO BATCH india 400 records: exact=0.29s ann=0.00s model=0.50s total=0.80s 497.3 rows/s; time_left=192.5min
2026-09-26 22:34:46,693 INFO BATCH india 400 records: exact=0.27s ann=0.00s model=0.48s total=0.76s 523.1 rows/s; time_left=192.5min
2026-09-26 22:34:47,497 INFO BATCH india 400 records: exact=0.27s ann=0.00s model=0.51s total=0.80s 501.8 rows/s; time_left=192.5min
2026-09-26 22:34:48,336 INFO BATCH india 400 records: exact=0.32s ann=0.00s model=0.50s total=0.83s 480.2 rows/s; time_left=192.5min
2026-09-26 22:34:49,109 INFO BATCH india 400 records: exact=0.28s ann=0.00s model=0.46s total=0.76s 526.0 rows/s; time_left=192.4min
2026-09-26 22:34:49,115 INFO PROGRESS 505200/1732544 enhanced_rows=385900 fallback_rows=0
2026-09-26 22:34:49,919 INFO BATCH india 400 records: exact=0.29s ann=0.00s model=0.50s total=0.80s 498.4 rows/s; time_left=192.4min
2026-09-26 22:34:50,737 INFO BATCH india 400 records: exact=0.29s ann=0.00s model=0.50s total=0.81s 492.2 rows/s; time_left=192.4min
2026-09-26 22:34:51,511 INFO BATCH india 400 records: exact=0.28s ann=0.00s model=0.47s total=0.76s 527.4 rows/s; time_left=192.4min
2026-09-26 22:34:52,324 INFO BATCH india 400 records: exact=0.28s ann=0.00s model=0.50s total=0.81s 495.3 rows/s; time_left=192.4min
2026-09-26 22:34:53,210 INFO BATCH india 400 records: exact=0.33s ann=0.00s model=0.54s total=0.88s 453.9 rows/s; time_left=192.4min
2026-09-26 22:34:54,043 INFO BATCH india 400 records: exact=0.31s ann=0.00s model=0.50s total=0.83s 484.3 rows/s; time_left=192.4min
2026-09-26 22:34:54,910 INFO BATCH india 400 records: exact=0.31s ann=0.00s model=0.53s total=0.85s 469.0 rows/s; time_left=192.3min
2026-09-26 22:34:55,777 INFO BATCH india 400 records: exact=0.31s ann=0.00s model=0.52s total=0.85s 469.5 rows/s; time_left=192.3min
2026-09-26 22:34:56,712 INFO BATCH india 400 records: exact=0.37s ann=0.00s model=0.55s total=0.93s 429.5 rows/s; time_left=192.3min
2026-09-26 22:34:57,527 INFO BATCH india 400 records: exact=0.29s ann=0.00s model=0.50s total=0.80s 499.1 rows/s; time_left=192.3min
2026-09-26 22:34:58,502 INFO BATCH india 400 records: exact=0.44s ann=0.00s model=0.51s total=0.97s 411.9 rows/s; time_left=192.3min
2026-09-26 22:34:59,317 INFO BATCH india 400 records: exact=0.30s ann=0.00s model=0.49s total=0.81s 493.5 rows/s; time_left=192.3min
2026-09-26 22:34:59,321 INFO PROGRESS 510000/1732544 enhanced_rows=389598 fallback_rows=0
2026-09-26 22:35:00,071 INFO BATCH india 400 records: exact=0.27s ann=0.00s model=0.46s total=0.75s 534.4 rows/s; time_left=192.3min
2026-09-26 22:35:00,891 INFO BATCH india 400 records: exact=0.30s ann=0.00s model=0.50s total=0.81s 495.9 rows/s; time_left=192.2min
2026-09-26 22:35:01,663 INFO BATCH india 400 records: exact=0.27s ann=0.00s model=0.47s total=0.76s 528.1 rows/s; time_left=192.2min
2026-09-26 22:35:02,467 INFO BATCH india 400 records: exact=0.30s ann=0.00s model=0.48s total=0.80s 500.2 rows/s; time_left=192.2min
2026-09-26 22:35:03,308 INFO BATCH india 400 records: exact=0.32s ann=0.00s model=0.50s total=0.84s 477.7 rows/s; time_left=192.2min
2026-09-26 22:35:04,156 INFO BATCH india 400 records: exact=0.32s ann=0.00s model=0.50s total=0.83s 479.6 rows/s; time_left=192.2min
2026-09-26 22:35:04,980 INFO BATCH india 400 records: exact=0.32s ann=0.00s model=0.48s total=0.81s 494.2 rows/s; time_left=192.2min
2026-09-26 22:35:05,762 INFO BATCH india 400 records: exact=0.28s ann=0.00s model=0.48s total=0.77s 521.0 rows/s; time_left=192.2min
2026-09-26 22:35:06,585 INFO BATCH india 400 records: exact=0.31s ann=0.00s model=0.49s total=0.81s 493.9 rows/s; time_left=192.1min
2026-09-26 22:35:07,402 INFO BATCH india 400 records: exact=0.30s ann=0.00s model=0.49s total=0.81s 492.1 rows/s; time_left=192.1min
2026-09-26 22:35:08,274 INFO BATCH india 400 records: exact=0.35s ann=0.00s model=0.50s total=0.87s 461.3 rows/s; time_left=192.1min
2026-09-26 22:35:09,134 INFO BATCH india 400 records: exact=0.35s ann=0.00s model=0.48s total=0.85s 472.9 rows/s; time_left=192.1min
2026-09-26 22:35:09,968 INFO BATCH india 400 records: exact=0.33s ann=0.00s model=0.47s total=0.82s 487.5 rows/s; time_left=192.1min
2026-09-26 22:35:09,981 INFO PROGRESS 515200/1732544 enhanced_rows=393574 fallback_rows=0
2026-09-26 22:35:10,790 INFO BATCH india 400 records: exact=0.32s ann=0.00s model=0.47s total=0.81s 495.0 rows/s; time_left=192.1min
2026-09-26 22:35:11,612 INFO BATCH india 400 records: exact=0.32s ann=0.00s model=0.48s total=0.82s 489.3 rows/s; time_left=192.1min
2026-09-26 22:35:12,423 INFO BATCH india 400 records: exact=0.31s ann=0.00s model=0.47s total=0.80s 502.5 rows/s; time_left=192.0min
2026-09-26 22:35:13,304 INFO BATCH india 400 records: exact=0.35s ann=0.00s model=0.51s total=0.88s 456.5 rows/s; time_left=192.0min
2026-09-26 22:35:14,039 INFO BATCH india 400 records: exact=0.28s ann=0.00s model=0.44s total=0.73s 547.1 rows/s; time_left=192.0min
2026-09-26 22:35:14,944 INFO BATCH india 400 records: exact=0.37s ann=0.00s model=0.51s total=0.89s 449.5 rows/s; time_left=192.0min
2026-09-26 22:35:15,783 INFO BATCH india 400 records: exact=0.34s ann=0.00s model=0.46s total=0.83s 484.7 rows/s; time_left=192.0min
2026-09-26 22:35:16,645 INFO BATCH india 400 records: exact=0.34s ann=0.00s model=0.49s total=0.85s 471.7 rows/s; time_left=192.0min
2026-09-26 22:35:17,470 INFO BATCH india 400 records: exact=0.32s ann=0.00s model=0.48s total=0.81s 493.7 rows/s; time_left=192.0min
2026-09-26 22:35:18,306 INFO BATCH india 400 records: exact=0.34s ann=0.00s model=0.48s total=0.83s 481.1 rows/s; time_left=192.0min
2026-09-26 22:35:19,158 INFO BATCH india 400 records: exact=0.32s ann=0.00s model=0.49s total=0.84s 478.0 rows/s; time_left=191.9min
2026-09-26 22:35:20,021 INFO BATCH india 400 records: exact=0.34s ann=0.00s model=0.49s total=0.85s 470.9 rows/s; time_left=191.9min
2026-09-26 22:35:20,034 INFO PROGRESS 520000/1732544 enhanced_rows=397218 fallback_rows=0
2026-09-26 22:35:20,862 INFO BATCH india 400 records: exact=0.33s ann=0.00s model=0.49s total=0.83s 483.8 rows/s; time_left=191.9min
2026-09-26 22:35:21,705 INFO BATCH india 400 records: exact=0.32s ann=0.00s model=0.49s total=0.83s 482.1 rows/s; time_left=191.9min
2026-09-26 22:35:22,518 INFO BATCH india 400 records: exact=0.32s ann=0.00s model=0.47s total=0.81s 494.7 rows/s; time_left=191.9min
2026-09-26 22:35:23,362 INFO BATCH india 400 records: exact=0.34s ann=0.00s model=0.48s total=0.84s 478.2 rows/s; time_left=191.9min
2026-09-26 22:35:24,179 INFO BATCH india 400 records: exact=0.32s ann=0.00s model=0.48s total=0.81s 491.7 rows/s; time_left=191.9min
2026-09-26 22:35:25,021 INFO BATCH india 400 records: exact=0.33s ann=0.00s model=0.48s total=0.83s 483.3 rows/s; time_left=191.8min
2026-09-26 22:35:25,927 INFO BATCH india 400 records: exact=0.36s ann=0.00s model=0.51s total=0.89s 448.3 rows/s; time_left=191.8min
2026-09-26 22:35:26,747 INFO BATCH india 400 records: exact=0.32s ann=0.00s model=0.47s total=0.81s 496.2 rows/s; time_left=191.8min
2026-09-26 22:35:27,631 INFO BATCH india 400 records: exact=0.34s ann=0.00s model=0.52s total=0.87s 460.0 rows/s; time_left=191.8min
2026-09-26 22:35:28,414 INFO BATCH india 400 records: exact=0.30s ann=0.00s model=0.46s total=0.77s 520.2 rows/s; time_left=191.8min
2026-09-26 22:35:29,222 INFO BATCH india 400 records: exact=0.30s ann=0.00s model=0.48s total=0.80s 497.9 rows/s; time_left=191.8min
2026-09-26 22:35:30,046 INFO BATCH india 400 records: exact=0.33s ann=0.00s model=0.47s total=0.81s 492.7 rows/s; time_left=191.8min
2026-09-26 22:35:30,893 INFO BATCH india 400 records: exact=0.32s ann=0.00s model=0.50s total=0.84s 476.6 rows/s; time_left=191.7min
2026-09-26 22:35:30,897 INFO PROGRESS 525200/1732544 enhanced_rows=401209 fallback_rows=0
2026-09-26 22:35:31,711 INFO BATCH india 400 records: exact=0.33s ann=0.00s model=0.47s total=0.81s 492.0 rows/s; time_left=191.7min
2026-09-26 22:35:32,527 INFO BATCH india 400 records: exact=0.31s ann=0.00s model=0.49s total=0.81s 492.2 rows/s; time_left=191.7min
2026-09-26 22:35:33,386 INFO BATCH india 400 records: exact=0.35s ann=0.00s model=0.49s total=0.85s 468.4 rows/s; time_left=191.7min
2026-09-26 22:35:34,114 INFO BATCH india 400 records: exact=0.27s ann=0.00s model=0.43s total=0.72s 555.2 rows/s; time_left=191.7min
2026-09-26 22:35:34,909 INFO BATCH india 400 records: exact=0.31s ann=0.00s model=0.47s total=0.79s 508.0 rows/s; time_left=191.7min
2026-09-26 22:35:35,786 INFO BATCH india 400 records: exact=0.34s ann=0.00s model=0.51s total=0.87s 459.3 rows/s; time_left=191.7min
2026-09-26 22:35:36,637 INFO BATCH india 400 records: exact=0.35s ann=0.00s model=0.49s total=0.85s 472.5 rows/s; time_left=191.6min
2026-09-26 22:35:37,380 INFO BATCH india 400 records: exact=0.28s ann=0.00s model=0.45s total=0.74s 540.6 rows/s; time_left=191.6min
2026-09-26 22:35:38,144 INFO BATCH india 400 records: exact=0.30s ann=0.00s model=0.45s total=0.76s 526.7 rows/s; time_left=191.6min
2026-09-26 22:35:38,984 INFO BATCH india 400 records: exact=0.33s ann=0.00s model=0.48s total=0.83s 479.8 rows/s; time_left=191.6min
2026-09-26 22:35:39,773 INFO BATCH india 400 records: exact=0.31s ann=0.00s model=0.46s total=0.79s 509.4 rows/s; time_left=191.6min
2026-09-26 22:35:40,580 INFO BATCH india 400 records: exact=0.30s ann=0.00s model=0.48s total=0.80s 500.1 rows/s; time_left=191.6min
2026-09-26 22:35:40,586 INFO PROGRESS 530000/1732544 enhanced_rows=404870 fallback_rows=0
2026-09-26 22:35:41,516 INFO BATCH india 400 records: exact=0.38s ann=0.00s model=0.53s total=0.93s 430.4 rows/s; time_left=191.6min
2026-09-26 22:35:42,344 INFO BATCH india 400 records: exact=0.32s ann=0.00s model=0.48s total=0.82s 489.9 rows/s; time_left=191.6min
2026-09-26 22:35:43,213 INFO BATCH india 400 records: exact=0.34s ann=0.00s model=0.50s total=0.86s 462.7 rows/s; time_left=191.5min
2026-09-26 22:35:44,099 INFO BATCH india 400 records: exact=0.36s ann=0.00s model=0.50s total=0.87s 459.1 rows/s; time_left=191.5min
2026-09-26 22:35:44,934 INFO BATCH india 400 records: exact=0.33s ann=0.00s model=0.49s total=0.83s 482.9 rows/s; time_left=191.5min
2026-09-26 22:35:45,808 INFO BATCH india 400 records: exact=0.34s ann=0.00s model=0.51s total=0.87s 460.7 rows/s; time_left=191.5min
2026-09-26 22:35:46,598 INFO BATCH india 400 records: exact=0.30s ann=0.00s model=0.47s total=0.79s 509.5 rows/s; time_left=191.5min
2026-09-26 22:35:47,447 INFO BATCH india 400 records: exact=0.34s ann=0.00s model=0.49s total=0.84s 474.8 rows/s; time_left=191.5min
2026-09-26 22:35:48,302 INFO BATCH india 400 records: exact=0.35s ann=0.00s model=0.49s total=0.85s 470.5 rows/s; time_left=191.5min
2026-09-26 22:35:49,185 INFO BATCH india 400 records: exact=0.35s ann=0.00s model=0.51s total=0.88s 456.3 rows/s; time_left=191.4min
2026-09-26 22:35:50,075 INFO BATCH india 400 records: exact=0.35s ann=0.00s model=0.52s total=0.88s 452.4 rows/s; time_left=191.4min
2026-09-26 22:35:50,812 INFO BATCH india 400 records: exact=0.28s ann=0.00s model=0.43s total=0.72s 553.4 rows/s; time_left=191.4min
2026-09-26 22:35:51,695 INFO BATCH india 400 records: exact=0.35s ann=0.00s model=0.50s total=0.87s 457.4 rows/s; time_left=191.4min
2026-09-26 22:35:51,699 INFO PROGRESS 535200/1732544 enhanced_rows=408804 fallback_rows=0
2026-09-26 22:35:52,549 INFO BATCH india 400 records: exact=0.32s ann=0.00s model=0.51s total=0.85s 471.3 rows/s; time_left=191.4min
2026-09-26 22:35:53,379 INFO BATCH india 400 records: exact=0.30s ann=0.00s model=0.51s total=0.82s 485.9 rows/s; time_left=191.4min
2026-09-26 22:35:54,211 INFO BATCH india 400 records: exact=0.33s ann=0.00s model=0.48s total=0.82s 485.0 rows/s; time_left=191.4min
2026-09-26 22:35:55,035 INFO BATCH india 400 records: exact=0.31s ann=0.00s model=0.50s total=0.82s 489.5 rows/s; time_left=191.3min
2026-09-26 22:35:55,797 INFO BATCH india 400 records: exact=0.27s ann=0.00s model=0.46s total=0.75s 530.9 rows/s; time_left=191.3min
2026-09-26 22:35:56,647 INFO BATCH india 400 records: exact=0.31s ann=0.00s model=0.52s total=0.85s 472.4 rows/s; time_left=191.3min
2026-09-26 22:35:57,467 INFO BATCH india 400 records: exact=0.29s ann=0.00s model=0.50s total=0.80s 498.9 rows/s; time_left=191.3min
2026-09-26 22:35:58,261 INFO BATCH india 400 records: exact=0.29s ann=0.00s model=0.49s total=0.79s 507.2 rows/s; time_left=191.3min
2026-09-26 22:35:59,042 INFO BATCH india 400 records: exact=0.28s ann=0.00s model=0.48s total=0.77s 516.9 rows/s; time_left=191.3min
2026-09-26 22:35:59,832 INFO BATCH india 400 records: exact=0.29s ann=0.00s model=0.48s total=0.78s 510.7 rows/s; time_left=191.3min
2026-09-26 22:36:00,648 INFO BATCH india 400 records: exact=0.31s ann=0.00s model=0.49s total=0.81s 492.5 rows/s; time_left=191.2min
2026-09-26 22:36:01,528 INFO BATCH india 400 records: exact=0.34s ann=0.00s model=0.51s total=0.87s 458.7 rows/s; time_left=191.2min
2026-09-26 22:36:01,531 INFO PROGRESS 540000/1732544 enhanced_rows=412501 fallback_rows=0
2026-09-26 22:36:02,368 INFO BATCH india 400 records: exact=0.31s ann=0.00s model=0.50s total=0.84s 478.9 rows/s; time_left=191.2min
2026-09-26 22:36:03,182 INFO BATCH india 400 records: exact=0.30s ann=0.00s model=0.49s total=0.81s 493.8 rows/s; time_left=191.2min
2026-09-26 22:36:03,975 INFO BATCH india 400 records: exact=0.29s ann=0.00s model=0.48s total=0.79s 509.0 rows/s; time_left=191.2min
2026-09-26 22:36:04,765 INFO BATCH india 400 records: exact=0.30s ann=0.00s model=0.47s total=0.78s 509.9 rows/s; time_left=191.2min
2026-09-26 22:36:05,559 INFO BATCH india 400 records: exact=0.29s ann=0.00s model=0.48s total=0.79s 507.5 rows/s; time_left=191.2min
2026-09-26 22:36:06,411 INFO BATCH india 400 records: exact=0.32s ann=0.00s model=0.51s total=0.84s 473.5 rows/s; time_left=191.1min
2026-09-26 22:36:07,260 INFO BATCH india 400 records: exact=0.32s ann=0.00s model=0.50s total=0.83s 479.1 rows/s; time_left=191.1min
2026-09-26 22:36:08,116 INFO BATCH india 400 records: exact=0.32s ann=0.00s model=0.51s total=0.84s 474.0 rows/s; time_left=191.1min
2026-09-26 22:36:08,934 INFO BATCH india 400 records: exact=0.30s ann=0.00s model=0.50s total=0.81s 493.1 rows/s; time_left=191.1min
2026-09-26 22:36:09,781 INFO BATCH india 400 records: exact=0.31s ann=0.00s model=0.51s total=0.84s 475.5 rows/s; time_left=191.1min
2026-09-26 22:36:10,573 INFO BATCH india 400 records: exact=0.29s ann=0.00s model=0.47s total=0.78s 514.8 rows/s; time_left=191.1min
2026-09-26 22:36:11,416 INFO BATCH india 400 records: exact=0.32s ann=0.00s model=0.50s total=0.83s 479.1 rows/s; time_left=191.1min
2026-09-26 22:36:12,222 INFO BATCH india 400 records: exact=0.29s ann=0.00s model=0.49s total=0.79s 505.1 rows/s; time_left=191.1min
2026-09-26 22:36:12,227 INFO PROGRESS 545200/1732544 enhanced_rows=416490 fallback_rows=0
2026-09-26 22:36:13,065 INFO BATCH india 400 records: exact=0.31s ann=0.00s model=0.51s total=0.84s 477.6 rows/s; time_left=191.0min
2026-09-26 22:36:13,871 INFO BATCH india 400 records: exact=0.28s ann=0.00s model=0.50s total=0.80s 500.0 rows/s; time_left=191.0min
2026-09-26 22:36:14,622 INFO BATCH india 400 records: exact=0.27s ann=0.00s model=0.46s total=0.74s 542.4 rows/s; time_left=191.0min
2026-09-26 22:36:15,442 INFO BATCH india 400 records: exact=0.30s ann=0.00s model=0.48s total=0.81s 496.4 rows/s; time_left=191.0min
2026-09-26 22:36:16,279 INFO BATCH india 400 records: exact=0.31s ann=0.00s model=0.50s total=0.82s 487.0 rows/s; time_left=191.0min
2026-09-26 22:36:17,081 INFO BATCH india 400 records: exact=0.29s ann=0.00s model=0.47s total=0.79s 507.1 rows/s; time_left=191.0min
2026-09-26 22:36:17,896 INFO BATCH india 400 records: exact=0.29s ann=0.00s model=0.50s total=0.80s 499.5 rows/s; time_left=191.0min
2026-09-26 22:36:18,717 INFO BATCH india 400 records: exact=0.31s ann=0.00s model=0.48s total=0.81s 496.1 rows/s; time_left=190.9min
2026-09-26 22:36:19,585 INFO BATCH india 400 records: exact=0.30s ann=0.00s model=0.54s total=0.85s 468.1 rows/s; time_left=190.9min
2026-09-26 22:36:20,460 INFO BATCH india 400 records: exact=0.34s ann=0.00s model=0.51s total=0.86s 464.3 rows/s; time_left=190.9min
2026-09-26 22:36:21,278 INFO BATCH india 400 records: exact=0.32s ann=0.00s model=0.47s total=0.80s 498.2 rows/s; time_left=190.9min
2026-09-26 22:36:22,084 INFO BATCH india 400 records: exact=0.31s ann=0.00s model=0.47s total=0.79s 504.7 rows/s; time_left=190.9min
2026-09-26 22:36:22,088 INFO PROGRESS 550000/1732544 enhanced_rows=420130 fallback_rows=0
2026-09-26 22:36:22,977 INFO BATCH india 400 records: exact=0.36s ann=0.00s model=0.51s total=0.89s 450.6 rows/s; time_left=190.9min
2026-09-26 22:36:23,779 INFO BATCH india 400 records: exact=0.30s ann=0.00s model=0.48s total=0.80s 501.9 rows/s; time_left=190.9min
2026-09-26 22:36:24,620 INFO BATCH india 400 records: exact=0.33s ann=0.00s model=0.48s total=0.83s 483.7 rows/s; time_left=190.8min
2026-09-26 22:36:25,458 INFO BATCH india 400 records: exact=0.32s ann=0.00s model=0.50s total=0.83s 480.6 rows/s; time_left=190.8min
2026-09-26 22:36:26,285 INFO BATCH india 400 records: exact=0.33s ann=0.00s model=0.48s total=0.82s 485.9 rows/s; time_left=190.8min
2026-09-26 22:36:27,061 INFO BATCH india 400 records: exact=0.31s ann=0.00s model=0.45s total=0.77s 519.3 rows/s; time_left=190.8min
2026-09-26 22:36:27,846 INFO BATCH india 400 records: exact=0.30s ann=0.00s model=0.47s total=0.78s 512.9 rows/s; time_left=190.8min
2026-09-26 22:36:28,674 INFO BATCH india 400 records: exact=0.33s ann=0.00s model=0.48s total=0.82s 486.1 rows/s; time_left=190.8min
2026-09-26 22:36:29,500 INFO BATCH india 400 records: exact=0.31s ann=0.00s model=0.49s total=0.82s 486.3 rows/s; time_left=190.8min
2026-09-26 22:36:30,307 INFO BATCH india 400 records: exact=0.31s ann=0.00s model=0.47s total=0.79s 504.5 rows/s; time_left=190.8min
2026-09-26 22:36:31,097 INFO BATCH india 400 records: exact=0.30s ann=0.00s model=0.48s total=0.79s 509.1 rows/s; time_left=190.7min
2026-09-26 22:36:31,893 INFO BATCH india 400 records: exact=0.31s ann=0.00s model=0.47s total=0.79s 505.3 rows/s; time_left=190.7min
2026-09-26 22:36:32,782 INFO BATCH india 400 records: exact=0.37s ann=0.00s model=0.50s total=0.88s 452.8 rows/s; time_left=190.7min
2026-09-26 22:36:32,787 INFO PROGRESS 555200/1732544 enhanced_rows=424098 fallback_rows=0
2026-09-26 22:36:33,607 INFO BATCH india 400 records: exact=0.32s ann=0.00s model=0.49s total=0.82s 488.2 rows/s; time_left=190.7min
2026-09-26 22:36:34,383 INFO BATCH india 400 records: exact=0.30s ann=0.00s model=0.46s total=0.77s 517.7 rows/s; time_left=190.7min
2026-09-26 22:36:35,192 INFO BATCH india 400 records: exact=0.30s ann=0.00s model=0.48s total=0.79s 504.1 rows/s; time_left=190.7min
2026-09-26 22:36:36,041 INFO BATCH india 400 records: exact=0.35s ann=0.00s model=0.48s total=0.84s 473.4 rows/s; time_left=190.7min
2026-09-26 22:36:36,907 INFO BATCH india 400 records: exact=0.34s ann=0.00s model=0.50s total=0.85s 469.7 rows/s; time_left=190.6min
2026-09-26 22:36:37,691 INFO BATCH india 400 records: exact=0.29s ann=0.00s model=0.46s total=0.77s 518.3 rows/s; time_left=190.6min
2026-09-26 22:36:38,517 INFO BATCH india 400 records: exact=0.32s ann=0.00s model=0.48s total=0.81s 492.1 rows/s; time_left=190.6min
2026-09-26 22:36:39,284 INFO BATCH india 400 records: exact=0.29s ann=0.00s model=0.46s total=0.76s 525.2 rows/s; time_left=190.6min
2026-09-26 22:36:40,073 INFO BATCH india 400 records: exact=0.30s ann=0.00s model=0.47s total=0.78s 510.0 rows/s; time_left=190.6min
2026-09-26 22:36:40,952 INFO BATCH india 400 records: exact=0.35s ann=0.00s model=0.51s total=0.87s 458.2 rows/s; time_left=190.6min
2026-09-26 22:36:41,765 INFO BATCH india 400 records: exact=0.32s ann=0.00s model=0.47s total=0.81s 494.2 rows/s; time_left=190.6min
2026-09-26 22:36:42,568 INFO BATCH india 400 records: exact=0.31s ann=0.00s model=0.48s total=0.80s 500.0 rows/s; time_left=190.5min
2026-09-26 22:36:42,572 INFO PROGRESS 560000/1732544 enhanced_rows=427734 fallback_rows=0
2026-09-26 22:36:43,424 INFO BATCH india 400 records: exact=0.34s ann=0.00s model=0.50s total=0.85s 470.0 rows/s; time_left=190.5min
2026-09-26 22:36:44,311 INFO BATCH india 400 records: exact=0.38s ann=0.00s model=0.49s total=0.88s 453.2 rows/s; time_left=190.5min
2026-09-26 22:36:45,145 INFO BATCH india 400 records: exact=0.33s ann=0.00s model=0.49s total=0.83s 483.8 rows/s; time_left=190.5min
2026-09-26 22:36:45,999 INFO BATCH india 400 records: exact=0.34s ann=0.00s model=0.49s total=0.85s 472.1 rows/s; time_left=190.5min
2026-09-26 22:36:46,781 INFO BATCH india 400 records: exact=0.29s ann=0.00s model=0.47s total=0.77s 517.0 rows/s; time_left=190.5min
2026-09-26 22:36:47,627 INFO BATCH india 400 records: exact=0.33s ann=0.00s model=0.50s total=0.84s 476.1 rows/s; time_left=190.5min
2026-09-26 22:36:48,420 INFO BATCH india 400 records: exact=0.30s ann=0.00s model=0.47s total=0.78s 509.7 rows/s; time_left=190.4min
2026-09-26 22:36:49,243 INFO BATCH india 400 records: exact=0.33s ann=0.00s model=0.47s total=0.82s 489.9 rows/s; time_left=190.4min
2026-09-26 22:36:50,055 INFO BATCH india 400 records: exact=0.30s ann=0.00s model=0.49s total=0.81s 496.5 rows/s; time_left=190.4min
2026-09-26 22:36:50,911 INFO BATCH india 400 records: exact=0.34s ann=0.00s model=0.49s total=0.85s 470.3 rows/s; time_left=190.4min
2026-09-26 22:36:51,790 INFO BATCH india 400 records: exact=0.36s ann=0.00s model=0.49s total=0.86s 463.0 rows/s; time_left=190.4min
2026-09-26 22:36:52,694 INFO BATCH india 400 records: exact=0.36s ann=0.00s model=0.52s total=0.90s 445.2 rows/s; time_left=190.4min
2026-09-26 22:36:53,536 INFO BATCH india 400 records: exact=0.34s ann=0.00s model=0.48s total=0.83s 479.3 rows/s; time_left=190.4min
2026-09-26 22:36:53,541 INFO PROGRESS 565200/1732544 enhanced_rows=431738 fallback_rows=0
2026-09-26 22:36:54,311 INFO BATCH india 400 records: exact=0.29s ann=0.00s model=0.46s total=0.77s 520.2 rows/s; time_left=190.4min
2026-09-26 22:36:55,143 INFO BATCH india 400 records: exact=0.33s ann=0.00s model=0.48s total=0.83s 483.2 rows/s; time_left=190.3min
2026-09-26 22:36:55,924 INFO BATCH india 400 records: exact=0.30s ann=0.00s model=0.46s total=0.77s 517.1 rows/s; time_left=190.3min
2026-09-26 22:36:56,774 INFO BATCH india 400 records: exact=0.33s ann=0.00s model=0.50s total=0.84s 473.5 rows/s; time_left=190.3min
2026-09-26 22:36:57,583 INFO BATCH india 400 records: exact=0.31s ann=0.00s model=0.48s total=0.80s 497.2 rows/s; time_left=190.3min
2026-09-26 22:36:58,422 INFO BATCH india 400 records: exact=0.32s ann=0.00s model=0.50s total=0.83s 479.4 rows/s; time_left=190.3min
2026-09-26 22:36:59,278 INFO BATCH india 400 records: exact=0.34s ann=0.00s model=0.49s total=0.85s 470.2 rows/s; time_left=190.3min
2026-09-26 22:37:00,093 INFO BATCH india 400 records: exact=0.30s ann=0.00s model=0.49s total=0.81s 495.5 rows/s; time_left=190.3min
2026-09-26 22:37:00,896 INFO BATCH india 400 records: exact=0.30s ann=0.00s model=0.48s total=0.80s 501.8 rows/s; time_left=190.2min
2026-09-26 22:37:01,766 INFO BATCH india 400 records: exact=0.34s ann=0.00s model=0.51s total=0.86s 463.0 rows/s; time_left=190.2min
2026-09-26 22:37:02,623 INFO BATCH india 400 records: exact=0.35s ann=0.00s model=0.49s total=0.85s 470.4 rows/s; time_left=190.2min
2026-09-26 22:37:03,483 INFO BATCH india 400 records: exact=0.33s ann=0.00s model=0.51s total=0.86s 467.2 rows/s; time_left=190.2min
2026-09-26 22:37:03,485 INFO PROGRESS 570000/1732544 enhanced_rows=435421 fallback_rows=0
2026-09-26 22:37:04,287 INFO BATCH india 400 records: exact=0.32s ann=0.00s model=0.47s total=0.80s 499.7 rows/s; time_left=190.2min
2026-09-26 22:37:05,090 INFO BATCH india 400 records: exact=0.31s ann=0.00s model=0.47s total=0.80s 500.8 rows/s; time_left=190.2min
2026-09-26 22:37:05,906 INFO BATCH india 400 records: exact=0.32s ann=0.00s model=0.47s total=0.81s 493.9 rows/s; time_left=190.2min
2026-09-26 22:37:06,715 INFO BATCH india 400 records: exact=0.30s ann=0.00s model=0.49s total=0.80s 497.8 rows/s; time_left=190.1min
2026-09-26 22:37:07,466 INFO BATCH india 400 records: exact=0.28s ann=0.00s model=0.45s total=0.74s 538.3 rows/s; time_left=190.1min
2026-09-26 22:37:08,248 INFO BATCH india 400 records: exact=0.29s ann=0.00s model=0.48s total=0.78s 515.7 rows/s; time_left=190.1min
2026-09-26 22:37:09,084 INFO BATCH india 400 records: exact=0.32s ann=0.00s model=0.49s total=0.83s 481.6 rows/s; time_left=190.1min
2026-09-26 22:37:09,933 INFO BATCH india 400 records: exact=0.33s ann=0.00s model=0.50s total=0.84s 473.5 rows/s; time_left=190.1min
2026-09-26 22:37:10,742 INFO BATCH india 400 records: exact=0.30s ann=0.00s model=0.48s total=0.80s 503.0 rows/s; time_left=190.1min
2026-09-26 22:37:11,568 INFO BATCH india 400 records: exact=0.31s ann=0.00s model=0.50s total=0.82s 486.7 rows/s; time_left=190.1min
2026-09-26 22:37:12,345 INFO BATCH india 400 records: exact=0.26s ann=0.00s model=0.48s total=0.76s 524.8 rows/s; time_left=190.1min
2026-09-26 22:37:13,167 INFO BATCH india 400 records: exact=0.29s ann=0.00s model=0.51s total=0.81s 491.1 rows/s; time_left=190.0min
2026-09-26 22:37:13,983 INFO BATCH india 400 records: exact=0.30s ann=0.00s model=0.50s total=0.81s 493.1 rows/s; time_left=190.0min
2026-09-26 22:37:13,995 INFO PROGRESS 575200/1732544 enhanced_rows=439371 fallback_rows=0
2026-09-26 22:37:14,835 INFO BATCH india 400 records: exact=0.32s ann=0.00s model=0.50s total=0.84s 477.0 rows/s; time_left=190.0min
2026-09-26 22:37:15,607 INFO BATCH india 400 records: exact=0.29s ann=0.00s model=0.47s total=0.77s 521.0 rows/s; time_left=190.0min
2026-09-26 22:37:16,376 INFO BATCH india 400 records: exact=0.28s ann=0.00s model=0.46s total=0.76s 529.5 rows/s; time_left=190.0min
2026-09-26 22:37:17,211 INFO BATCH india 400 records: exact=0.31s ann=0.00s model=0.50s total=0.82s 486.9 rows/s; time_left=190.0min
2026-09-26 22:37:18,035 INFO BATCH india 400 records: exact=0.30s ann=0.00s model=0.49s total=0.81s 493.5 rows/s; time_left=190.0min
2026-09-26 22:37:18,917 INFO BATCH india 400 records: exact=0.33s ann=0.00s model=0.52s total=0.87s 460.5 rows/s; time_left=189.9min
2026-09-26 22:37:19,780 INFO BATCH india 400 records: exact=0.33s ann=0.00s model=0.51s total=0.86s 466.3 rows/s; time_left=189.9min
2026-09-26 22:37:20,570 INFO BATCH india 400 records: exact=0.29s ann=0.00s model=0.47s total=0.78s 515.5 rows/s; time_left=189.9min
2026-09-26 22:37:21,378 INFO BATCH india 400 records: exact=0.29s ann=0.00s model=0.49s total=0.80s 503.1 rows/s; time_left=189.9min
2026-09-26 22:37:22,136 INFO BATCH india 400 records: exact=0.27s ann=0.00s model=0.46s total=0.75s 536.8 rows/s; time_left=189.9min
2026-09-26 22:37:22,958 INFO BATCH india 400 records: exact=0.30s ann=0.00s model=0.50s total=0.81s 494.7 rows/s; time_left=189.9min
2026-09-26 22:37:23,719 INFO BATCH india 400 records: exact=0.27s ann=0.00s model=0.47s total=0.76s 528.7 rows/s; time_left=189.9min
2026-09-26 22:37:23,733 INFO PROGRESS 580000/1732544 enhanced_rows=443023 fallback_rows=0
2026-09-26 22:37:24,522 INFO BATCH india 400 records: exact=0.29s ann=0.00s model=0.48s total=0.79s 507.0 rows/s; time_left=189.8min
2026-09-26 22:37:25,382 INFO BATCH india 400 records: exact=0.34s ann=0.00s model=0.49s total=0.85s 473.0 rows/s; time_left=189.8min
2026-09-26 22:37:26,195 INFO BATCH india 400 records: exact=0.30s ann=0.00s model=0.50s total=0.81s 495.3 rows/s; time_left=189.8min
2026-09-26 22:37:27,036 INFO BATCH india 400 records: exact=0.32s ann=0.00s model=0.49s total=0.83s 483.2 rows/s; time_left=189.8min
2026-09-26 22:37:27,761 INFO BATCH india 400 records: exact=0.25s ann=0.00s model=0.45s total=0.72s 554.4 rows/s; time_left=189.8min
2026-09-26 22:37:28,569 INFO BATCH india 400 records: exact=0.30s ann=0.00s model=0.48s total=0.79s 503.6 rows/s; time_left=189.8min
2026-09-26 22:37:29,339 INFO BATCH india 400 records: exact=0.29s ann=0.00s model=0.45s total=0.76s 529.3 rows/s; time_left=189.8min
2026-09-26 22:37:30,147 INFO BATCH india 400 records: exact=0.30s ann=0.00s model=0.48s total=0.79s 503.6 rows/s; time_left=189.8min
2026-09-26 22:37:31,057 INFO BATCH india 400 records: exact=0.35s ann=0.00s model=0.52s total=0.89s 447.1 rows/s; time_left=189.7min
2026-09-26 22:37:31,881 INFO BATCH india 400 records: exact=0.33s ann=0.00s model=0.47s total=0.82s 488.4 rows/s; time_left=189.7min
2026-09-26 22:37:32,703 INFO BATCH india 400 records: exact=0.31s ann=0.00s model=0.48s total=0.81s 495.6 rows/s; time_left=189.7min
2026-09-26 22:37:33,540 INFO BATCH india 400 records: exact=0.35s ann=0.00s model=0.47s total=0.83s 481.3 rows/s; time_left=189.7min
2026-09-26 22:37:34,434 INFO BATCH india 400 records: exact=0.35s ann=0.00s model=0.51s total=0.88s 455.2 rows/s; time_left=189.7min
2026-09-26 22:37:34,446 INFO PROGRESS 585200/1732544 enhanced_rows=447011 fallback_rows=0
2026-09-26 22:37:35,347 INFO BATCH india 400 records: exact=0.38s ann=0.00s model=0.51s total=0.90s 444.5 rows/s; time_left=189.7min
2026-09-26 22:37:36,085 INFO BATCH india 400 records: exact=0.26s ann=0.00s model=0.45s total=0.72s 552.5 rows/s; time_left=189.7min
2026-09-26 22:37:36,943 INFO BATCH india 400 records: exact=0.34s ann=0.00s model=0.49s total=0.84s 473.5 rows/s; time_left=189.6min
2026-09-26 22:37:37,749 INFO BATCH india 400 records: exact=0.30s ann=0.00s model=0.48s total=0.79s 506.1 rows/s; time_left=189.6min
2026-09-26 22:37:38,638 INFO BATCH india 400 records: exact=0.35s ann=0.00s model=0.51s total=0.88s 456.8 rows/s; time_left=189.6min
2026-09-26 22:37:39,413 INFO BATCH india 400 records: exact=0.30s ann=0.00s model=0.45s total=0.76s 525.5 rows/s; time_left=189.6min
2026-09-26 22:37:40,251 INFO BATCH india 400 records: exact=0.33s ann=0.00s model=0.49s total=0.83s 479.7 rows/s; time_left=189.6min
2026-09-26 22:37:41,097 INFO BATCH india 400 records: exact=0.33s ann=0.00s model=0.50s total=0.84s 475.4 rows/s; time_left=189.6min
2026-09-26 22:37:41,953 INFO BATCH india 400 records: exact=0.31s ann=0.00s model=0.51s total=0.84s 475.1 rows/s; time_left=189.6min
2026-09-26 22:37:42,783 INFO BATCH india 400 records: exact=0.31s ann=0.00s model=0.50s total=0.83s 484.3 rows/s; time_left=189.5min
2026-09-26 22:37:43,676 INFO BATCH india 400 records: exact=0.35s ann=0.00s model=0.52s total=0.89s 449.6 rows/s; time_left=189.5min
2026-09-26 22:37:44,447 INFO BATCH india 400 records: exact=0.28s ann=0.00s model=0.46s total=0.76s 528.6 rows/s; time_left=189.5min
2026-09-26 22:37:44,459 INFO PROGRESS 590000/1732544 enhanced_rows=450675 fallback_rows=0
2026-09-26 22:37:45,256 INFO BATCH india 400 records: exact=0.31s ann=0.00s model=0.48s total=0.80s 503.0 rows/s; time_left=189.5min
2026-09-26 22:37:46,117 INFO BATCH india 400 records: exact=0.35s ann=0.00s model=0.49s total=0.86s 467.5 rows/s; time_left=189.5min
2026-09-26 22:37:47,025 INFO BATCH india 400 records: exact=0.36s ann=0.00s model=0.51s total=0.90s 443.5 rows/s; time_left=189.5min
2026-09-26 22:37:47,839 INFO BATCH india 400 records: exact=0.33s ann=0.00s model=0.47s total=0.81s 494.7 rows/s; time_left=189.5min
2026-09-26 22:37:48,587 INFO BATCH india 400 records: exact=0.28s ann=0.00s model=0.45s total=0.74s 544.1 rows/s; time_left=189.4min
2026-09-26 22:37:49,450 INFO BATCH india 400 records: exact=0.34s ann=0.00s model=0.50s total=0.85s 470.7 rows/s; time_left=189.4min
2026-09-26 22:37:50,359 INFO BATCH india 400 records: exact=0.37s ann=0.00s model=0.52s total=0.90s 442.5 rows/s; time_left=189.4min
2026-09-26 22:37:51,194 INFO BATCH india 400 records: exact=0.32s ann=0.00s model=0.49s total=0.82s 486.6 rows/s; time_left=189.4min
2026-09-26 22:37:52,025 INFO BATCH india 400 records: exact=0.30s ann=0.00s model=0.50s total=0.82s 489.7 rows/s; time_left=189.4min
2026-09-26 22:37:52,823 INFO BATCH india 400 records: exact=0.31s ann=0.00s model=0.46s total=0.78s 510.0 rows/s; time_left=189.4min
2026-09-26 22:37:53,664 INFO BATCH india 400 records: exact=0.32s ann=0.00s model=0.49s total=0.83s 482.7 rows/s; time_left=189.4min
2026-09-26 22:37:54,510 INFO BATCH india 400 records: exact=0.33s ann=0.00s model=0.49s total=0.83s 480.7 rows/s; time_left=189.3min
2026-09-26 22:37:55,365 INFO BATCH india 400 records: exact=0.33s ann=0.00s model=0.50s total=0.84s 474.4 rows/s; time_left=189.3min
2026-09-26 22:37:55,369 INFO PROGRESS 595200/1732544 enhanced_rows=454620 fallback_rows=0
2026-09-26 22:37:56,133 INFO BATCH india 400 records: exact=0.29s ann=0.00s model=0.46s total=0.76s 524.3 rows/s; time_left=189.3min
2026-09-26 22:37:56,937 INFO BATCH india 400 records: exact=0.31s ann=0.00s model=0.48s total=0.80s 501.3 rows/s; time_left=189.3min
2026-09-26 22:37:57,769 INFO BATCH india 400 records: exact=0.33s ann=0.00s model=0.48s total=0.83s 482.9 rows/s; time_left=189.3min
2026-09-26 22:37:58,588 INFO BATCH india 400 records: exact=0.33s ann=0.00s model=0.47s total=0.81s 493.2 rows/s; time_left=189.3min
2026-09-26 22:37:59,418 INFO BATCH india 400 records: exact=0.33s ann=0.00s model=0.48s total=0.82s 485.7 rows/s; time_left=189.3min
2026-09-26 22:38:00,276 INFO BATCH india 400 records: exact=0.33s ann=0.00s model=0.50s total=0.85s 470.3 rows/s; time_left=189.3min
2026-09-26 22:38:01,183 INFO BATCH india 400 records: exact=0.37s ann=0.00s model=0.51s total=0.89s 448.3 rows/s; time_left=189.2min
2026-09-26 22:38:01,981 INFO BATCH india 400 records: exact=0.29s ann=0.00s model=0.48s total=0.79s 505.0 rows/s; time_left=189.2min
2026-09-26 22:38:02,828 INFO BATCH india 400 records: exact=0.33s ann=0.00s model=0.49s total=0.83s 480.4 rows/s; time_left=189.2min
2026-09-26 22:38:03,663 INFO BATCH india 400 records: exact=0.32s ann=0.00s model=0.48s total=0.82s 486.5 rows/s; time_left=189.2min
2026-09-26 22:38:04,517 INFO BATCH india 400 records: exact=0.34s ann=0.00s model=0.49s total=0.84s 476.5 rows/s; time_left=189.2min
2026-09-26 22:38:05,393 INFO BATCH india 400 records: exact=0.35s ann=0.00s model=0.50s total=0.86s 463.7 rows/s; time_left=189.2min
2026-09-26 22:38:05,405 INFO PROGRESS 600000/1732544 enhanced_rows=458299 fallback_rows=0
2026-09-26 22:38:06,196 INFO BATCH india 400 records: exact=0.32s ann=0.00s model=0.45s total=0.79s 506.8 rows/s; time_left=189.2min
2026-09-26 22:38:07,071 INFO BATCH india 400 records: exact=0.33s ann=0.00s model=0.52s total=0.86s 464.5 rows/s; time_left=189.1min
2026-09-26 22:38:07,919 INFO BATCH india 400 records: exact=0.32s ann=0.00s model=0.50s total=0.83s 479.9 rows/s; time_left=189.1min
2026-09-26 22:38:08,757 INFO BATCH india 400 records: exact=0.33s ann=0.00s model=0.49s total=0.83s 480.0 rows/s; time_left=189.1min
2026-09-26 22:38:09,603 INFO BATCH india 400 records: exact=0.32s ann=0.00s model=0.49s total=0.84s 475.1 rows/s; time_left=189.1min
2026-09-26 22:38:10,426 INFO BATCH india 400 records: exact=0.33s ann=0.00s model=0.46s total=0.81s 495.1 rows/s; time_left=189.1min
2026-09-26 22:38:11,256 INFO BATCH india 400 records: exact=0.32s ann=0.00s model=0.49s total=0.82s 489.4 rows/s; time_left=189.1min
2026-09-26 22:38:12,097 INFO BATCH india 400 records: exact=0.33s ann=0.00s model=0.49s total=0.84s 478.7 rows/s; time_left=189.1min
2026-09-26 22:38:12,953 INFO BATCH india 400 records: exact=0.33s ann=0.00s model=0.51s total=0.85s 469.9 rows/s; time_left=189.0min
2026-09-26 22:38:13,792 INFO BATCH india 400 records: exact=0.34s ann=0.00s model=0.48s total=0.83s 479.4 rows/s; time_left=189.0min
2026-09-26 22:38:14,657 INFO BATCH india 400 records: exact=0.34s ann=0.00s model=0.51s total=0.86s 465.0 rows/s; time_left=189.0min
2026-09-26 22:38:15,447 INFO BATCH india 400 records: exact=0.31s ann=0.00s model=0.46s total=0.79s 509.0 rows/s; time_left=189.0min
2026-09-26 22:38:16,243 INFO BATCH india 400 records: exact=0.30s ann=0.00s model=0.47s total=0.79s 505.8 rows/s; time_left=189.0min
2026-09-26 22:38:16,255 INFO PROGRESS 605200/1732544 enhanced_rows=462282 fallback_rows=0
2026-09-26 22:38:17,129 INFO BATCH india 400 records: exact=0.36s ann=0.00s model=0.50s total=0.87s 458.3 rows/s; time_left=189.0min
2026-09-26 22:38:17,912 INFO BATCH india 400 records: exact=0.27s ann=0.00s model=0.48s total=0.77s 519.9 rows/s; time_left=189.0min
2026-09-26 22:38:18,722 INFO BATCH india 400 records: exact=0.30s ann=0.00s model=0.48s total=0.79s 503.2 rows/s; time_left=188.9min
2026-09-26 22:38:19,547 INFO BATCH india 400 records: exact=0.31s ann=0.00s model=0.49s total=0.81s 492.7 rows/s; time_left=188.9min
2026-09-26 22:38:20,299 INFO BATCH india 400 records: exact=0.27s ann=0.00s model=0.46s total=0.74s 541.8 rows/s; time_left=188.9min
2026-09-26 22:38:21,142 INFO BATCH india 400 records: exact=0.31s ann=0.00s model=0.51s total=0.84s 477.4 rows/s; time_left=188.9min
2026-09-26 22:38:21,971 INFO BATCH india 400 records: exact=0.30s ann=0.00s model=0.50s total=0.81s 490.9 rows/s; time_left=188.9min
2026-09-26 22:38:22,792 INFO BATCH india 400 records: exact=0.31s ann=0.00s model=0.49s total=0.81s 495.2 rows/s; time_left=188.9min
2026-09-26 22:38:23,589 INFO BATCH india 400 records: exact=0.30s ann=0.00s model=0.47s total=0.78s 511.1 rows/s; time_left=188.9min
2026-09-26 22:38:24,444 INFO BATCH india 400 records: exact=0.32s ann=0.00s model=0.51s total=0.84s 475.2 rows/s; time_left=188.8min
2026-09-26 22:38:25,197 INFO BATCH india 400 records: exact=0.27s ann=0.00s model=0.47s total=0.75s 536.2 rows/s; time_left=188.8min
2026-09-26 22:38:25,992 INFO BATCH india 400 records: exact=0.28s ann=0.00s model=0.49s total=0.79s 508.1 rows/s; time_left=188.8min
2026-09-26 22:38:25,997 INFO PROGRESS 610000/1732544 enhanced_rows=465968 fallback_rows=0
2026-09-26 22:38:26,861 INFO BATCH india 400 records: exact=0.29s ann=0.00s model=0.55s total=0.86s 463.6 rows/s; time_left=188.8min
2026-09-26 22:38:27,706 INFO BATCH india 400 records: exact=0.32s ann=0.00s model=0.50s total=0.84s 476.3 rows/s; time_left=188.8min
2026-09-26 22:38:28,511 INFO BATCH india 400 records: exact=0.28s ann=0.00s model=0.49s total=0.79s 506.3 rows/s; time_left=188.8min
2026-09-26 22:38:29,338 INFO BATCH india 400 records: exact=0.29s ann=0.00s model=0.51s total=0.82s 488.1 rows/s; time_left=188.8min
2026-09-26 22:38:30,214 INFO BATCH india 400 records: exact=0.33s ann=0.00s model=0.52s total=0.87s 459.3 rows/s; time_left=188.8min
2026-09-26 22:38:31,051 INFO BATCH india 400 records: exact=0.30s ann=0.00s model=0.51s total=0.82s 485.6 rows/s; time_left=188.7min
2026-09-26 22:38:31,869 INFO BATCH india 400 records: exact=0.30s ann=0.00s model=0.50s total=0.81s 492.6 rows/s; time_left=188.7min
2026-09-26 22:38:32,722 INFO BATCH india 400 records: exact=0.32s ann=0.00s model=0.51s total=0.85s 472.3 rows/s; time_left=188.7min
2026-09-26 22:38:33,612 INFO BATCH india 400 records: exact=0.35s ann=0.00s model=0.51s total=0.88s 453.5 rows/s; time_left=188.7min
2026-09-26 22:38:34,492 INFO BATCH india 400 records: exact=0.31s ann=0.00s model=0.54s total=0.87s 457.8 rows/s; time_left=188.7min
2026-09-26 22:38:35,389 INFO BATCH india 400 records: exact=0.32s ann=0.00s model=0.54s total=0.88s 454.1 rows/s; time_left=188.7min
2026-09-26 22:38:36,293 INFO BATCH india 400 records: exact=0.33s ann=0.00s model=0.54s total=0.89s 448.5 rows/s; time_left=188.7min
2026-09-26 22:38:37,154 INFO BATCH india 400 records: exact=0.32s ann=0.00s model=0.51s total=0.85s 472.3 rows/s; time_left=188.6min
2026-09-26 22:38:37,158 INFO PROGRESS 615200/1732544 enhanced_rows=469922 fallback_rows=0
2026-09-26 22:38:38,028 INFO BATCH india 400 records: exact=0.33s ann=0.00s model=0.52s total=0.87s 460.6 rows/s; time_left=188.6min
2026-09-26 22:38:38,909 INFO BATCH india 400 records: exact=0.33s ann=0.00s model=0.53s total=0.88s 456.9 rows/s; time_left=188.6min
2026-09-26 22:38:39,762 INFO BATCH india 400 records: exact=0.30s ann=0.00s model=0.52s total=0.84s 477.0 rows/s; time_left=188.6min
2026-09-26 22:38:40,528 INFO BATCH india 400 records: exact=0.28s ann=0.00s model=0.45s total=0.75s 532.1 rows/s; time_left=188.6min
2026-09-26 22:38:42,146 INFO BATCH india 400 records: exact=0.46s ann=0.00s model=1.11s total=1.60s 249.7 rows/s; time_left=188.6min
2026-09-26 22:38:43,914 INFO BATCH india 400 records: exact=0.65s ann=0.00s model=1.08s total=1.76s 227.1 rows/s; time_left=188.5min
2026-09-26 22:38:45,686 INFO BATCH india 400 records: exact=0.62s ann=0.00s model=1.10s total=1.77s 226.6 rows/s; time_left=188.5min
2026-09-26 22:38:47,460 INFO BATCH india 400 records: exact=0.65s ann=0.00s model=1.08s total=1.76s 227.1 rows/s; time_left=188.5min
2026-09-26 22:38:49,433 INFO BATCH india 400 records: exact=0.71s ann=0.00s model=1.23s total=1.96s 203.6 rows/s; time_left=188.4min
2026-09-26 22:38:51,315 INFO BATCH india 400 records: exact=0.76s ann=0.00s model=1.08s total=1.87s 213.4 rows/s; time_left=188.4min
2026-09-26 22:38:53,174 INFO BATCH india 400 records: exact=0.73s ann=0.00s model=1.08s total=1.84s 216.9 rows/s; time_left=188.4min
2026-09-26 22:38:55,097 INFO BATCH india 400 records: exact=0.74s ann=0.00s model=1.13s total=1.91s 209.9 rows/s; time_left=188.3min
2026-09-26 22:38:55,103 INFO PROGRESS 620000/1732544 enhanced_rows=473604 fallback_rows=0
2026-09-26 22:38:56,935 INFO BATCH india 400 records: exact=0.65s ann=0.00s model=1.15s total=1.83s 218.7 rows/s; time_left=188.3min
2026-09-26 22:38:58,886 INFO BATCH india 400 records: exact=0.79s ann=0.00s model=1.12s total=1.94s 205.8 rows/s; time_left=188.3min
2026-09-26 22:39:00,663 INFO BATCH india 400 records: exact=0.71s ann=0.00s model=1.04s total=1.77s 226.0 rows/s; time_left=188.2min
2026-09-26 22:39:02,451 INFO BATCH india 400 records: exact=0.68s ann=0.00s model=1.06s total=1.77s 225.8 rows/s; time_left=188.2min
2026-09-26 22:39:04,567 INFO BATCH india 400 records: exact=0.90s ann=0.00s model=1.17s total=2.11s 189.7 rows/s; time_left=188.2min
2026-09-26 22:39:06,512 INFO BATCH india 400 records: exact=0.74s ann=0.00s model=1.16s total=1.94s 206.5 rows/s; time_left=188.1min
2026-09-26 22:39:08,568 INFO BATCH india 400 records: exact=0.84s ann=0.00s model=1.16s total=2.04s 196.2 rows/s; time_left=188.1min
2026-09-26 22:39:10,268 INFO BATCH india 400 records: exact=0.65s ann=0.00s model=1.00s total=1.68s 237.5 rows/s; time_left=188.1min
2026-09-26 22:39:12,260 INFO BATCH india 400 records: exact=0.83s ann=0.00s model=1.11s total=1.98s 202.4 rows/s; time_left=188.1min
2026-09-26 22:39:14,175 INFO BATCH india 400 records: exact=0.72s ann=0.00s model=1.15s total=1.90s 210.8 rows/s; time_left=188.0min
2026-09-26 22:39:16,083 INFO BATCH india 400 records: exact=0.75s ann=0.00s model=1.12s total=1.90s 210.5 rows/s; time_left=188.0min
2026-09-26 22:39:17,796 INFO BATCH india 400 records: exact=0.64s ann=0.00s model=1.02s total=1.68s 237.5 rows/s; time_left=188.0min
2026-09-26 22:39:19,740 INFO BATCH india 400 records: exact=0.82s ann=0.00s model=1.08s total=1.93s 207.4 rows/s; time_left=187.9min
2026-09-26 22:39:19,755 INFO PROGRESS 625200/1732544 enhanced_rows=477581 fallback_rows=0
2026-09-26 22:39:21,809 INFO BATCH india 400 records: exact=0.85s ann=0.00s model=1.17s total=2.05s 194.9 rows/s; time_left=187.9min
2026-09-26 22:39:23,556 INFO BATCH india 400 records: exact=0.64s ann=0.00s model=1.06s total=1.73s 231.1 rows/s; time_left=187.9min
2026-09-26 22:39:25,531 INFO BATCH india 400 records: exact=0.80s ann=0.00s model=1.13s total=1.97s 203.3 rows/s; time_left=187.8min
2026-09-26 22:39:27,485 INFO BATCH india 400 records: exact=0.75s ann=0.00s model=1.16s total=1.94s 206.0 rows/s; time_left=187.8min
2026-09-26 22:39:29,458 INFO BATCH india 400 records: exact=0.81s ann=0.00s model=1.11s total=1.96s 204.6 rows/s; time_left=187.8min
2026-09-26 22:39:31,420 INFO BATCH india 400 records: exact=0.83s ann=0.00s model=1.08s total=1.95s 205.4 rows/s; time_left=187.7min
2026-09-26 22:39:33,354 INFO BATCH india 400 records: exact=0.80s ann=0.00s model=1.08s total=1.92s 208.7 rows/s; time_left=187.7min
2026-09-26 22:39:35,381 INFO BATCH india 400 records: exact=0.84s ann=0.00s model=1.14s total=2.01s 198.8 rows/s; time_left=187.7min
2026-09-26 22:39:37,281 INFO BATCH india 400 records: exact=0.76s ann=0.00s model=1.09s total=1.88s 212.5 rows/s; time_left=187.6min
2026-09-26 22:39:39,219 INFO BATCH india 400 records: exact=0.83s ann=0.00s model=1.06s total=1.92s 208.2 rows/s; time_left=187.6min
2026-09-26 22:39:41,185 INFO BATCH india 400 records: exact=0.81s ann=0.00s model=1.11s total=1.96s 204.2 rows/s; time_left=187.6min
2026-09-26 22:39:43,017 INFO BATCH india 400 records: exact=0.71s ann=0.00s model=1.08s total=1.82s 219.4 rows/s; time_left=187.5min
2026-09-26 22:39:43,031 INFO PROGRESS 630000/1732544 enhanced_rows=481257 fallback_rows=0
2026-09-26 22:39:44,964 INFO BATCH india 400 records: exact=0.80s ann=0.00s model=1.10s total=1.93s 207.1 rows/s; time_left=187.5min
2026-09-26 22:39:46,566 INFO BATCH india 400 records: exact=0.81s ann=0.00s model=0.76s total=1.59s 252.2 rows/s; time_left=187.5min
2026-09-26 22:39:47,744 INFO BATCH india 400 records: exact=0.47s ann=0.00s model=0.68s total=1.17s 340.9 rows/s; time_left=187.5min
2026-09-26 22:39:48,833 INFO BATCH india 400 records: exact=0.45s ann=0.00s model=0.61s total=1.08s 369.0 rows/s; time_left=187.4min
2026-09-26 22:39:50,023 INFO BATCH india 400 records: exact=0.41s ann=0.00s model=0.75s total=1.19s 337.5 rows/s; time_left=187.4min
2026-09-26 22:39:51,147 INFO BATCH india 400 records: exact=0.46s ann=0.00s model=0.64s total=1.12s 357.6 rows/s; time_left=187.4min
2026-09-26 22:39:52,131 INFO BATCH india 400 records: exact=0.37s ann=0.00s model=0.59s total=0.98s 408.7 rows/s; time_left=187.4min
2026-09-26 22:39:53,230 INFO BATCH india 400 records: exact=0.48s ann=0.00s model=0.60s total=1.09s 365.8 rows/s; time_left=187.4min
2026-09-26 22:39:54,861 INFO BATCH india 400 records: exact=0.49s ann=0.00s model=1.10s total=1.63s 246.0 rows/s; time_left=187.3min
2026-09-26 22:39:56,631 INFO BATCH india 400 records: exact=0.69s ann=0.00s model=1.04s total=1.76s 226.9 rows/s; time_left=187.3min
2026-09-26 22:39:58,400 INFO BATCH india 400 records: exact=0.67s ann=0.00s model=1.06s total=1.76s 227.2 rows/s; time_left=187.3min
2026-09-26 22:40:00,374 INFO BATCH india 400 records: exact=0.80s ann=0.00s model=1.14s total=1.97s 203.4 rows/s; time_left=187.3min
2026-09-26 22:40:02,276 INFO BATCH india 400 records: exact=0.77s ann=0.00s model=1.10s total=1.89s 211.3 rows/s; time_left=187.2min
2026-09-26 22:40:02,283 INFO PROGRESS 635200/1732544 enhanced_rows=485253 fallback_rows=0
2026-09-26 22:40:04,046 INFO BATCH india 400 records: exact=0.72s ann=0.00s model=1.01s total=1.76s 227.1 rows/s; time_left=187.2min
2026-09-26 22:40:05,975 INFO BATCH india 400 records: exact=0.72s ann=0.00s model=1.16s total=1.91s 209.3 rows/s; time_left=187.2min
2026-09-26 22:40:07,889 INFO BATCH india 400 records: exact=0.76s ann=0.00s model=1.11s total=1.91s 209.9 rows/s; time_left=187.1min
2026-09-26 22:40:09,902 INFO BATCH india 400 records: exact=0.84s ann=0.00s model=1.14s total=2.01s 199.5 rows/s; time_left=187.1min
2026-09-26 22:40:11,877 INFO BATCH india 400 records: exact=0.82s ann=0.00s model=1.11s total=1.97s 203.4 rows/s; time_left=187.1min
2026-09-26 22:40:13,711 INFO BATCH india 400 records: exact=0.74s ann=0.00s model=1.05s total=1.82s 219.9 rows/s; time_left=187.0min
2026-09-26 22:40:15,815 INFO BATCH india 400 records: exact=0.90s ann=0.00s model=1.16s total=2.09s 191.7 rows/s; time_left=187.0min
2026-09-26 22:40:17,852 INFO BATCH india 400 records: exact=0.85s ann=0.00s model=1.15s total=2.02s 197.6 rows/s; time_left=187.0min
2026-09-26 22:40:19,599 INFO BATCH india 400 records: exact=0.69s ann=0.00s model=1.02s total=1.74s 229.9 rows/s; time_left=186.9min
2026-09-26 22:40:21,300 INFO BATCH india 400 records: exact=0.65s ann=0.00s model=1.01s total=1.69s 236.2 rows/s; time_left=186.9min
2026-09-26 22:40:23,223 INFO BATCH india 400 records: exact=0.73s ann=0.00s model=1.14s total=1.91s 209.9 rows/s; time_left=186.9min
2026-09-26 22:40:25,243 INFO BATCH india 400 records: exact=0.83s ann=0.00s model=1.14s total=2.01s 198.8 rows/s; time_left=186.8min
2026-09-26 22:40:25,252 INFO PROGRESS 640000/1732544 enhanced_rows=488907 fallback_rows=0
2026-09-26 22:40:27,263 INFO BATCH india 400 records: exact=0.86s ann=0.00s model=1.12s total=2.01s 199.0 rows/s; time_left=186.8min
2026-09-26 22:40:29,183 INFO BATCH india 400 records: exact=0.76s ann=0.00s model=1.12s total=1.91s 209.1 rows/s; time_left=186.8min
2026-09-26 22:40:31,312 INFO BATCH india 400 records: exact=0.93s ann=0.00s model=1.15s total=2.11s 189.5 rows/s; time_left=186.7min
2026-09-26 22:40:33,199 INFO BATCH india 400 records: exact=0.75s ann=0.00s model=1.09s total=1.87s 213.9 rows/s; time_left=186.7min
2026-09-26 22:40:35,119 INFO BATCH india 400 records: exact=0.79s ann=0.00s model=1.08s total=1.90s 210.1 rows/s; time_left=186.7min
2026-09-26 22:40:36,829 INFO BATCH india 400 records: exact=0.64s ann=0.00s model=1.03s total=1.69s 236.3 rows/s; time_left=186.6min
2026-09-26 22:40:38,865 INFO BATCH india 400 records: exact=0.88s ann=0.00s model=1.12s total=2.03s 197.2 rows/s; time_left=186.6min
2026-09-26 22:40:40,829 INFO BATCH india 400 records: exact=0.77s ann=0.00s model=1.14s total=1.95s 205.5 rows/s; time_left=186.6min
2026-09-26 22:40:42,760 INFO BATCH india 400 records: exact=0.81s ann=0.00s model=1.07s total=1.91s 209.1 rows/s; time_left=186.5min
2026-09-26 22:40:44,983 INFO BATCH india 400 records: exact=0.83s ann=0.00s model=1.35s total=2.22s 180.6 rows/s; time_left=186.5min
2026-09-26 22:40:47,051 INFO BATCH india 400 records: exact=0.90s ann=0.00s model=1.12s total=2.05s 195.1 rows/s; time_left=186.5min
2026-09-26 22:40:48,763 INFO BATCH india 400 records: exact=0.67s ann=0.00s model=1.00s total=1.71s 234.6 rows/s; time_left=186.4min
2026-09-26 22:40:50,812 INFO BATCH india 400 records: exact=0.84s ann=0.00s model=1.17s total=2.04s 196.0 rows/s; time_left=186.4min
2026-09-26 22:40:50,818 INFO PROGRESS 645200/1732544 enhanced_rows=492926 fallback_rows=0
2026-09-26 22:40:52,594 INFO BATCH india 400 records: exact=0.70s ann=0.00s model=1.04s total=1.77s 225.5 rows/s; time_left=186.4min
2026-09-26 22:40:54,526 INFO BATCH india 400 records: exact=0.77s ann=0.00s model=1.12s total=1.92s 207.8 rows/s; time_left=186.3min
2026-09-26 22:40:56,395 INFO BATCH india 400 records: exact=0.70s ann=0.00s model=1.13s total=1.86s 214.9 rows/s; time_left=186.3min
2026-09-26 22:40:58,263 INFO BATCH india 400 records: exact=0.76s ann=0.00s model=1.06s total=1.85s 216.1 rows/s; time_left=186.3min
2026-09-26 22:41:00,167 INFO BATCH india 400 records: exact=0.69s ann=0.00s model=1.17s total=1.90s 211.0 rows/s; time_left=186.3min
2026-09-26 22:41:01,836 INFO BATCH india 400 records: exact=0.57s ann=0.00s model=1.06s total=1.66s 240.8 rows/s; time_left=186.2min
2026-09-26 22:41:03,644 INFO BATCH india 400 records: exact=0.64s ann=0.00s model=1.12s total=1.79s 223.3 rows/s; time_left=186.2min
2026-09-26 22:41:05,427 INFO BATCH india 400 records: exact=0.63s ann=0.00s model=1.11s total=1.77s 226.6 rows/s; time_left=186.2min
2026-09-26 22:41:07,237 INFO BATCH india 400 records: exact=0.68s ann=0.00s model=1.08s total=1.79s 223.2 rows/s; time_left=186.1min
2026-09-26 22:41:08,978 INFO BATCH india 400 records: exact=0.63s ann=0.00s model=1.06s total=1.72s 232.1 rows/s; time_left=186.1min
2026-09-26 22:41:10,759 INFO BATCH india 400 records: exact=0.65s ann=0.00s model=1.08s total=1.76s 227.0 rows/s; time_left=186.1min
2026-09-26 22:41:12,522 INFO BATCH india 400 records: exact=0.68s ann=0.00s model=1.04s total=1.75s 229.1 rows/s; time_left=186.0min
2026-09-26 22:41:12,537 INFO PROGRESS 650000/1732544 enhanced_rows=496672 fallback_rows=0
2026-09-26 22:41:14,416 INFO BATCH india 400 records: exact=0.71s ann=0.00s model=1.13s total=1.88s 213.1 rows/s; time_left=186.0min
2026-09-26 22:41:16,169 INFO BATCH india 400 records: exact=0.65s ann=0.00s model=1.06s total=1.74s 230.4 rows/s; time_left=186.0min
2026-09-26 22:41:17,952 INFO BATCH india 400 records: exact=0.66s ann=0.00s model=1.08s total=1.76s 226.7 rows/s; time_left=186.0min
2026-09-26 22:41:19,703 INFO BATCH india 400 records: exact=0.64s ann=0.00s model=1.07s total=1.74s 230.4 rows/s; time_left=185.9min
2026-09-26 22:41:21,444 INFO BATCH india 400 records: exact=0.65s ann=0.00s model=1.06s total=1.73s 231.0 rows/s; time_left=185.9min
2026-09-26 22:41:23,332 INFO BATCH india 400 records: exact=0.75s ann=0.00s model=1.09s total=1.87s 213.8 rows/s; time_left=185.9min
2026-09-26 22:41:25,177 INFO BATCH india 400 records: exact=0.66s ann=0.00s model=1.15s total=1.84s 217.7 rows/s; time_left=185.8min
2026-09-26 22:41:26,898 INFO BATCH india 400 records: exact=0.64s ann=0.00s model=1.03s total=1.70s 234.7 rows/s; time_left=185.8min
2026-09-26 22:41:28,751 INFO BATCH india 400 records: exact=0.71s ann=0.00s model=1.10s total=1.84s 216.8 rows/s; time_left=185.8min
2026-09-26 22:41:30,472 INFO BATCH india 400 records: exact=0.65s ann=0.00s model=1.04s total=1.71s 233.4 rows/s; time_left=185.7min
2026-09-26 22:41:32,256 INFO BATCH india 400 records: exact=0.67s ann=0.00s model=1.06s total=1.77s 226.5 rows/s; time_left=185.7min
2026-09-26 22:41:34,110 INFO BATCH india 400 records: exact=0.72s ann=0.00s model=1.09s total=1.84s 217.6 rows/s; time_left=185.7min
2026-09-26 22:41:36,051 INFO BATCH india 400 records: exact=0.74s ann=0.00s model=1.15s total=1.92s 208.0 rows/s; time_left=185.7min
2026-09-26 22:41:36,067 INFO PROGRESS 655200/1732544 enhanced_rows=500638 fallback_rows=0
2026-09-26 22:41:37,910 INFO BATCH india 400 records: exact=0.68s ann=0.00s model=1.13s total=1.84s 217.2 rows/s; time_left=185.6min
2026-09-26 22:41:39,661 INFO BATCH india 400 records: exact=0.64s ann=0.00s model=1.07s total=1.74s 229.6 rows/s; time_left=185.6min
2026-09-26 22:41:41,375 INFO BATCH india 400 records: exact=0.64s ann=0.00s model=1.03s total=1.71s 234.5 rows/s; time_left=185.6min
2026-09-26 22:41:43,203 INFO BATCH india 400 records: exact=0.67s ann=0.00s model=1.11s total=1.81s 221.0 rows/s; time_left=185.5min
2026-09-26 22:41:44,926 INFO BATCH india 400 records: exact=0.64s ann=0.00s model=1.03s total=1.71s 234.4 rows/s; time_left=185.5min
2026-09-26 22:41:46,752 INFO BATCH india 400 records: exact=0.68s ann=0.00s model=1.11s total=1.82s 220.1 rows/s; time_left=185.5min
2026-09-26 22:41:48,659 INFO BATCH india 400 records: exact=0.70s ann=0.00s model=1.16s total=1.90s 210.4 rows/s; time_left=185.4min
2026-09-26 22:41:50,415 INFO BATCH india 400 records: exact=0.60s ann=0.00s model=1.11s total=1.74s 230.0 rows/s; time_left=185.4min
2026-09-26 22:41:52,161 INFO BATCH india 400 records: exact=0.65s ann=0.00s model=1.06s total=1.74s 230.2 rows/s; time_left=185.4min
2026-09-26 22:41:53,957 INFO BATCH india 400 records: exact=0.67s ann=0.00s model=1.09s total=1.78s 224.8 rows/s; time_left=185.4min
2026-09-26 22:41:55,706 INFO BATCH india 400 records: exact=0.65s ann=0.00s model=1.04s total=1.73s 231.3 rows/s; time_left=185.3min
2026-09-26 22:41:57,498 INFO BATCH india 400 records: exact=0.65s ann=0.00s model=1.10s total=1.78s 224.5 rows/s; time_left=185.3min
2026-09-26 22:41:57,513 INFO PROGRESS 660000/1732544 enhanced_rows=504261 fallback_rows=0
2026-09-26 22:41:59,295 INFO BATCH india 400 records: exact=0.67s ann=0.00s model=1.08s total=1.78s 224.7 rows/s; time_left=185.3min
2026-09-26 22:42:01,341 INFO BATCH india 400 records: exact=0.83s ann=0.00s model=1.16s total=2.03s 197.2 rows/s; time_left=185.2min
2026-09-26 22:42:03,341 INFO BATCH india 400 records: exact=0.78s ann=0.00s model=1.16s total=1.98s 201.8 rows/s; time_left=185.2min
2026-09-26 22:42:05,272 INFO BATCH india 400 records: exact=0.76s ann=0.00s model=1.13s total=1.92s 208.1 rows/s; time_left=185.2min
2026-09-26 22:42:07,138 INFO BATCH india 400 records: exact=0.69s ann=0.00s model=1.13s total=1.85s 216.3 rows/s; time_left=185.1min
2026-09-26 22:42:09,101 INFO BATCH india 400 records: exact=0.79s ann=0.00s model=1.13s total=1.95s 204.7 rows/s; time_left=185.1min
2026-09-26 22:42:11,114 INFO BATCH india 400 records: exact=0.84s ann=0.00s model=1.12s total=2.00s 200.3 rows/s; time_left=185.1min
2026-09-26 22:42:13,082 INFO BATCH india 400 records: exact=0.80s ann=0.00s model=1.13s total=1.96s 204.1 rows/s; time_left=185.0min
2026-09-26 22:42:15,014 INFO BATCH india 400 records: exact=0.81s ann=0.00s model=1.09s total=1.92s 207.9 rows/s; time_left=185.0min
2026-09-26 22:42:17,013 INFO BATCH india 400 records: exact=0.85s ann=0.00s model=1.11s total=1.99s 201.0 rows/s; time_left=185.0min
2026-09-26 22:42:18,897 INFO BATCH india 400 records: exact=0.77s ann=0.00s model=1.06s total=1.87s 214.1 rows/s; time_left=184.9min
2026-09-26 22:42:21,022 INFO BATCH india 400 records: exact=0.93s ann=0.00s model=1.14s total=2.11s 189.8 rows/s; time_left=184.9min
2026-09-26 22:42:22,809 INFO BATCH india 400 records: exact=0.67s ann=0.00s model=1.07s total=1.77s 226.0 rows/s; time_left=184.9min
2026-09-26 22:42:22,816 INFO PROGRESS 665200/1732544 enhanced_rows=508279 fallback_rows=0
2026-09-26 22:42:24,782 INFO BATCH india 400 records: exact=0.80s ann=0.00s model=1.12s total=1.96s 203.7 rows/s; time_left=184.8min
2026-09-26 22:42:26,725 INFO BATCH india 400 records: exact=0.80s ann=0.00s model=1.10s total=1.93s 206.8 rows/s; time_left=184.8min
2026-09-26 22:42:28,739 INFO BATCH india 400 records: exact=0.77s ann=0.00s model=1.20s total=2.00s 200.3 rows/s; time_left=184.8min
2026-09-26 22:42:30,574 INFO BATCH india 400 records: exact=0.77s ann=0.00s model=1.02s total=1.82s 220.1 rows/s; time_left=184.7min
2026-09-26 22:42:32,492 INFO BATCH india 400 records: exact=0.78s ann=0.00s model=1.10s total=1.91s 209.5 rows/s; time_left=184.7min
2026-09-26 22:42:34,494 INFO BATCH india 400 records: exact=0.82s ann=0.00s model=1.14s total=1.99s 200.6 rows/s; time_left=184.7min
2026-09-26 22:42:36,490 INFO BATCH india 400 records: exact=0.75s ann=0.00s model=1.20s total=1.98s 201.6 rows/s; time_left=184.6min
2026-09-26 22:42:38,353 INFO BATCH india 400 records: exact=0.77s ann=0.00s model=1.06s total=1.86s 215.6 rows/s; time_left=184.6min
2026-09-26 22:42:40,298 INFO BATCH india 400 records: exact=0.80s ann=0.00s model=1.10s total=1.93s 207.6 rows/s; time_left=184.6min
2026-09-26 22:42:42,335 INFO BATCH india 400 records: exact=0.82s ann=0.00s model=1.17s total=2.02s 197.9 rows/s; time_left=184.6min
2026-09-26 22:42:44,288 INFO BATCH india 400 records: exact=0.81s ann=0.00s model=1.09s total=1.94s 206.6 rows/s; time_left=184.5min
2026-09-26 22:42:46,309 INFO BATCH india 400 records: exact=0.81s ann=0.00s model=1.16s total=2.00s 199.6 rows/s; time_left=184.5min
2026-09-26 22:42:46,325 INFO PROGRESS 670000/1732544 enhanced_rows=511934 fallback_rows=0
2026-09-26 22:42:48,089 INFO BATCH india 400 records: exact=0.66s ann=0.00s model=1.08s total=1.76s 227.1 rows/s; time_left=184.5min
2026-09-26 22:42:49,922 INFO BATCH india 400 records: exact=0.73s ann=0.00s model=1.06s total=1.82s 220.1 rows/s; time_left=184.4min
2026-09-26 22:42:51,745 INFO BATCH india 400 records: exact=0.69s ann=0.00s model=1.09s total=1.82s 220.4 rows/s; time_left=184.4min
2026-09-26 22:42:53,769 INFO BATCH india 400 records: exact=0.80s ann=0.00s model=1.17s total=2.01s 199.4 rows/s; time_left=184.4min
2026-09-26 22:42:55,724 INFO BATCH india 400 records: exact=0.79s ann=0.00s model=1.12s total=1.94s 206.4 rows/s; time_left=184.3min
2026-09-26 22:42:57,519 INFO BATCH india 400 records: exact=0.72s ann=0.00s model=1.03s total=1.79s 223.9 rows/s; time_left=184.3min
2026-09-26 22:42:59,355 INFO BATCH india 400 records: exact=0.75s ann=0.00s model=1.04s total=1.83s 218.8 rows/s; time_left=184.3min
2026-09-26 22:43:01,232 INFO BATCH india 400 records: exact=0.74s ann=0.00s model=1.09s total=1.86s 215.1 rows/s; time_left=184.2min
2026-09-26 22:43:03,238 INFO BATCH india 400 records: exact=0.86s ann=0.00s model=1.11s total=2.00s 200.3 rows/s; time_left=184.2min
2026-09-26 22:43:05,137 INFO BATCH india 400 records: exact=0.78s ann=0.00s model=1.08s total=1.88s 212.6 rows/s; time_left=184.2min
2026-09-26 22:43:07,119 INFO BATCH india 400 records: exact=0.81s ann=0.00s model=1.13s total=1.97s 202.7 rows/s; time_left=184.1min
2026-09-26 22:43:08,905 INFO BATCH india 400 records: exact=0.72s ann=0.00s model=1.02s total=1.77s 225.9 rows/s; time_left=184.1min
2026-09-26 22:43:10,839 INFO BATCH india 400 records: exact=0.71s ann=0.00s model=1.18s total=1.92s 208.7 rows/s; time_left=184.1min
2026-09-26 22:43:10,846 INFO PROGRESS 675200/1732544 enhanced_rows=515890 fallback_rows=0
2026-09-26 22:43:12,815 INFO BATCH india 400 records: exact=0.75s ann=0.00s model=1.19s total=1.97s 203.4 rows/s; time_left=184.0min
2026-09-26 22:43:14,694 INFO BATCH india 400 records: exact=0.72s ann=0.00s model=1.12s total=1.86s 214.7 rows/s; time_left=184.0min
2026-09-26 22:43:16,617 INFO BATCH india 400 records: exact=0.70s ann=0.00s model=1.18s total=1.92s 208.9 rows/s; time_left=184.0min
2026-09-26 22:43:18,550 INFO BATCH india 400 records: exact=0.75s ann=0.00s model=1.13s total=1.92s 208.7 rows/s; time_left=183.9min
2026-09-26 22:43:20,483 INFO BATCH india 400 records: exact=0.76s ann=0.00s model=1.13s total=1.92s 208.9 rows/s; time_left=183.9min
2026-09-26 22:43:22,595 INFO BATCH india 400 records: exact=0.93s ann=0.00s model=1.14s total=2.10s 190.8 rows/s; time_left=183.9min
2026-09-26 22:43:24,725 INFO BATCH india 400 records: exact=0.93s ann=0.00s model=1.15s total=2.11s 189.3 rows/s; time_left=183.8min
2026-09-26 22:43:26,812 INFO BATCH india 400 records: exact=0.80s ann=0.00s model=1.23s total=2.07s 193.2 rows/s; time_left=183.8min
2026-09-26 22:43:28,729 INFO BATCH india 400 records: exact=0.79s ann=0.00s model=1.08s total=1.90s 210.1 rows/s; time_left=183.8min
2026-09-26 22:43:30,619 INFO BATCH india 400 records: exact=0.71s ann=0.00s model=1.13s total=1.87s 213.6 rows/s; time_left=183.7min
2026-09-26 22:43:32,540 INFO BATCH india 400 records: exact=0.78s ann=0.00s model=1.08s total=1.90s 210.3 rows/s; time_left=183.7min
2026-09-26 22:43:34,476 INFO BATCH india 400 records: exact=0.78s ann=0.00s model=1.10s total=1.92s 208.5 rows/s; time_left=183.7min
2026-09-26 22:43:34,491 INFO PROGRESS 680000/1732544 enhanced_rows=519562 fallback_rows=0
2026-09-26 22:43:36,486 INFO BATCH india 400 records: exact=0.77s ann=0.00s model=1.18s total=1.99s 200.7 rows/s; time_left=183.6min
2026-09-26 22:43:38,466 INFO BATCH india 400 records: exact=0.82s ann=0.00s model=1.12s total=1.97s 203.0 rows/s; time_left=183.6min
2026-09-26 22:43:40,370 INFO BATCH india 400 records: exact=0.74s ann=0.00s model=1.13s total=1.90s 211.1 rows/s; time_left=183.6min
2026-09-26 22:43:42,298 INFO BATCH india 400 records: exact=0.77s ann=0.00s model=1.12s total=1.92s 208.4 rows/s; time_left=183.6min
2026-09-26 22:43:44,215 INFO BATCH india 400 records: exact=0.74s ann=0.00s model=1.13s total=1.90s 210.5 rows/s; time_left=183.5min
2026-09-26 22:43:46,121 INFO BATCH india 400 records: exact=0.77s ann=0.00s model=1.09s total=1.89s 211.7 rows/s; time_left=183.5min
2026-09-26 22:43:48,079 INFO BATCH india 400 records: exact=0.83s ann=0.00s model=1.08s total=1.94s 206.2 rows/s; time_left=183.5min
2026-09-26 22:43:50,001 INFO BATCH india 400 records: exact=0.71s ann=0.00s model=1.15s total=1.91s 209.9 rows/s; time_left=183.4min
2026-09-26 22:43:51,963 INFO BATCH india 400 records: exact=0.78s ann=0.00s model=1.14s total=1.95s 204.7 rows/s; time_left=183.4min
2026-09-26 22:43:53,952 INFO BATCH india 400 records: exact=0.81s ann=0.00s model=1.13s total=1.97s 202.8 rows/s; time_left=183.4min
2026-09-26 22:43:55,888 INFO BATCH india 400 records: exact=0.76s ann=0.00s model=1.12s total=1.92s 208.5 rows/s; time_left=183.3min
2026-09-26 22:43:57,818 INFO BATCH india 400 records: exact=0.77s ann=0.00s model=1.11s total=1.91s 209.2 rows/s; time_left=183.3min
2026-09-26 22:43:59,659 INFO BATCH india 400 records: exact=0.72s ann=0.00s model=1.08s total=1.82s 219.4 rows/s; time_left=183.3min
2026-09-26 22:43:59,676 INFO PROGRESS 685200/1732544 enhanced_rows=523548 fallback_rows=0
2026-09-26 22:44:01,399 INFO BATCH india 400 records: exact=0.65s ann=0.00s model=1.04s total=1.72s 232.4 rows/s; time_left=183.2min
2026-09-26 22:44:03,308 INFO BATCH india 400 records: exact=0.77s ann=0.00s model=1.10s total=1.90s 210.3 rows/s; time_left=183.2min
2026-09-26 22:44:05,228 INFO BATCH india 400 records: exact=0.76s ann=0.00s model=1.12s total=1.91s 209.2 rows/s; time_left=183.2min
2026-09-26 22:44:07,232 INFO BATCH india 400 records: exact=0.83s ann=0.00s model=1.13s total=1.99s 201.2 rows/s; time_left=183.1min
2026-09-26 22:44:09,338 INFO BATCH india 400 records: exact=0.87s ann=0.00s model=1.18s total=2.09s 191.3 rows/s; time_left=183.1min
2026-09-26 22:44:11,222 INFO BATCH india 400 records: exact=0.78s ann=0.00s model=1.06s total=1.87s 214.4 rows/s; time_left=183.1min
2026-09-26 22:44:13,137 INFO BATCH india 400 records: exact=0.76s ann=0.00s model=1.12s total=1.91s 209.9 rows/s; time_left=183.0min
2026-09-26 22:44:15,040 INFO BATCH india 400 records: exact=0.77s ann=0.00s model=1.10s total=1.90s 211.0 rows/s; time_left=183.0min
2026-09-26 22:44:17,048 INFO BATCH india 400 records: exact=0.83s ann=0.00s model=1.13s total=1.99s 201.1 rows/s; time_left=183.0min
2026-09-26 22:44:19,111 INFO BATCH india 400 records: exact=0.83s ann=0.00s model=1.19s total=2.05s 194.7 rows/s; time_left=182.9min
2026-09-26 22:44:20,828 INFO BATCH india 400 records: exact=0.65s ann=0.00s model=1.02s total=1.70s 235.3 rows/s; time_left=182.9min
2026-09-26 22:44:22,551 INFO BATCH india 400 records: exact=0.64s ann=0.00s model=1.04s total=1.71s 234.4 rows/s; time_left=182.9min
2026-09-26 22:44:22,558 INFO PROGRESS 690000/1732544 enhanced_rows=527235 fallback_rows=0
2026-09-26 22:44:24,332 INFO BATCH india 400 records: exact=0.67s ann=0.00s model=1.06s total=1.77s 225.6 rows/s; time_left=182.9min
2026-09-26 22:44:26,214 INFO BATCH india 400 records: exact=0.72s ann=0.00s model=1.12s total=1.87s 214.4 rows/s; time_left=182.8min
2026-09-26 22:44:28,078 INFO BATCH india 400 records: exact=0.71s ann=0.00s model=1.11s total=1.85s 216.6 rows/s; time_left=182.8min
2026-09-26 22:44:29,999 INFO BATCH india 400 records: exact=0.74s ann=0.00s model=1.13s total=1.91s 210.0 rows/s; time_left=182.8min
2026-09-26 22:44:31,711 INFO BATCH india 400 records: exact=0.62s ann=0.00s model=1.06s total=1.70s 234.6 rows/s; time_left=182.7min
2026-09-26 22:44:33,543 INFO BATCH india 400 records: exact=0.71s ann=0.00s model=1.07s total=1.82s 220.4 rows/s; time_left=182.7min
2026-09-26 22:44:35,405 INFO BATCH india 400 records: exact=0.70s ann=0.00s model=1.11s total=1.85s 216.8 rows/s; time_left=182.7min
2026-09-26 22:44:37,309 INFO BATCH india 400 records: exact=0.67s ann=0.00s model=1.19s total=1.89s 212.0 rows/s; time_left=182.6min
2026-09-26 22:44:39,071 INFO BATCH india 400 records: exact=0.61s ann=0.00s model=1.11s total=1.75s 228.1 rows/s; time_left=182.6min
2026-09-26 22:44:40,663 INFO BATCH india 400 records: exact=0.59s ann=0.00s model=0.97s total=1.59s 252.3 rows/s; time_left=182.6min
2026-09-26 22:44:42,462 INFO BATCH india 400 records: exact=0.69s ann=0.00s model=1.06s total=1.78s 224.3 rows/s; time_left=182.5min
2026-09-26 22:44:44,254 INFO BATCH india 400 records: exact=0.65s ann=0.00s model=1.10s total=1.78s 225.3 rows/s; time_left=182.5min
2026-09-26 22:44:45,993 INFO BATCH india 400 records: exact=0.65s ann=0.00s model=1.05s total=1.72s 232.2 rows/s; time_left=182.5min
2026-09-26 22:44:45,999 INFO PROGRESS 695200/1732544 enhanced_rows=531229 fallback_rows=0
2026-09-26 22:44:47,868 INFO BATCH india 400 records: exact=0.72s ann=0.00s model=1.11s total=1.87s 214.2 rows/s; time_left=182.5min
2026-09-26 22:44:49,552 INFO BATCH india 400 records: exact=0.60s ann=0.00s model=1.04s total=1.67s 240.0 rows/s; time_left=182.4min
2026-09-26 22:44:51,460 INFO BATCH india 400 records: exact=0.68s ann=0.00s model=1.18s total=1.89s 211.3 rows/s; time_left=182.4min
2026-09-26 22:44:53,324 INFO BATCH india 400 records: exact=0.69s ann=0.00s model=1.14s total=1.86s 215.5 rows/s; time_left=182.4min
2026-09-26 22:44:55,175 INFO BATCH india 400 records: exact=0.71s ann=0.00s model=1.10s total=1.84s 216.9 rows/s; time_left=182.3min
2026-09-26 22:44:56,996 INFO BATCH india 400 records: exact=0.68s ann=0.00s model=1.10s total=1.81s 220.4 rows/s; time_left=182.3min
2026-09-26 22:44:58,813 INFO BATCH india 400 records: exact=0.73s ann=0.00s model=1.05s total=1.81s 220.9 rows/s; time_left=182.3min
2026-09-26 22:45:00,481 INFO BATCH india 400 records: exact=0.62s ann=0.00s model=1.01s total=1.66s 240.8 rows/s; time_left=182.2min
2026-09-26 22:45:02,340 INFO BATCH india 400 records: exact=0.71s ann=0.00s model=1.12s total=1.85s 215.9 rows/s; time_left=182.2min
2026-09-26 22:45:04,183 INFO BATCH india 400 records: exact=0.68s ann=0.00s model=1.12s total=1.84s 218.0 rows/s; time_left=182.2min
2026-09-26 22:45:05,981 INFO BATCH india 400 records: exact=0.67s ann=0.00s model=1.09s total=1.79s 223.2 rows/s; time_left=182.2min
2026-09-26 22:45:07,940 INFO BATCH india 400 records: exact=0.77s ann=0.00s model=1.15s total=1.95s 205.0 rows/s; time_left=182.1min
2026-09-26 22:45:07,946 INFO PROGRESS 700000/1732544 enhanced_rows=534805 fallback_rows=0
2026-09-26 22:45:09,685 INFO BATCH india 400 records: exact=0.66s ann=0.00s model=1.05s total=1.74s 230.2 rows/s; time_left=182.1min
2026-09-26 22:45:11,548 INFO BATCH india 400 records: exact=0.68s ann=0.00s model=1.13s total=1.85s 216.7 rows/s; time_left=182.1min
2026-09-26 22:45:13,272 INFO BATCH india 400 records: exact=0.65s ann=0.00s model=1.04s total=1.72s 233.0 rows/s; time_left=182.0min
2026-09-26 22:45:15,137 INFO BATCH india 400 records: exact=0.65s ann=0.00s model=1.18s total=1.86s 215.3 rows/s; time_left=182.0min
2026-09-26 22:45:16,915 INFO BATCH india 400 records: exact=0.64s ann=0.00s model=1.10s total=1.77s 225.9 rows/s; time_left=182.0min
2026-09-26 22:45:18,680 INFO BATCH india 400 records: exact=0.63s ann=0.00s model=1.09s total=1.76s 227.6 rows/s; time_left=181.9min
2026-09-26 22:45:20,553 INFO BATCH india 400 records: exact=0.65s ann=0.00s model=1.18s total=1.87s 214.3 rows/s; time_left=181.9min
2026-09-26 22:45:22,476 INFO BATCH india 400 records: exact=0.77s ann=0.00s model=1.11s total=1.91s 209.1 rows/s; time_left=181.9min
2026-09-26 22:45:24,417 INFO BATCH india 400 records: exact=0.75s ann=0.00s model=1.16s total=1.93s 206.8 rows/s; time_left=181.8min
2026-09-26 22:45:26,440 INFO BATCH india 400 records: exact=0.78s ann=0.00s model=1.20s total=2.02s 198.4 rows/s; time_left=181.8min
2026-09-26 22:45:28,238 INFO BATCH india 400 records: exact=0.71s ann=0.00s model=1.05s total=1.79s 223.5 rows/s; time_left=181.8min
2026-09-26 22:45:30,040 INFO BATCH india 400 records: exact=0.70s ann=0.00s model=1.07s total=1.79s 222.9 rows/s; time_left=181.8min
2026-09-26 22:45:31,946 INFO BATCH india 400 records: exact=0.72s ann=0.00s model=1.13s total=1.90s 210.6 rows/s; time_left=181.7min
2026-09-26 22:45:31,951 INFO PROGRESS 705200/1732544 enhanced_rows=538785 fallback_rows=0
2026-09-26 22:45:33,900 INFO BATCH india 400 records: exact=0.78s ann=0.00s model=1.14s total=1.95s 205.4 rows/s; time_left=181.7min
2026-09-26 22:45:35,675 INFO BATCH india 400 records: exact=0.68s ann=0.00s model=1.05s total=1.77s 226.4 rows/s; time_left=181.7min
2026-09-26 22:45:37,524 INFO BATCH india 400 records: exact=0.73s ann=0.00s model=1.08s total=1.84s 217.2 rows/s; time_left=181.6min
2026-09-26 22:45:39,466 INFO BATCH india 400 records: exact=0.79s ann=0.00s model=1.12s total=1.93s 206.8 rows/s; time_left=181.6min
2026-09-26 22:45:41,324 INFO BATCH india 400 records: exact=0.69s ann=0.00s model=1.13s total=1.85s 216.1 rows/s; time_left=181.6min
2026-09-26 22:45:43,137 INFO BATCH india 400 records: exact=0.68s ann=0.00s model=1.09s total=1.80s 221.9 rows/s; time_left=181.5min
2026-09-26 22:45:45,187 INFO BATCH india 400 records: exact=0.74s ann=0.00s model=1.27s total=2.04s 195.8 rows/s; time_left=181.5min
2026-09-26 22:45:46,971 INFO BATCH india 400 records: exact=0.70s ann=0.00s model=1.04s total=1.78s 225.2 rows/s; time_left=181.5min
2026-09-26 22:45:48,925 INFO BATCH india 400 records: exact=0.79s ann=0.00s model=1.12s total=1.94s 205.8 rows/s; time_left=181.4min
2026-09-26 22:45:50,882 INFO BATCH india 400 records: exact=0.74s ann=0.00s model=1.18s total=1.95s 205.3 rows/s; time_left=181.4min
2026-09-26 22:45:52,737 INFO BATCH india 400 records: exact=0.75s ann=0.00s model=1.07s total=1.85s 216.5 rows/s; time_left=181.4min
2026-09-26 22:45:54,721 INFO BATCH india 400 records: exact=0.74s ann=0.00s model=1.18s total=1.98s 202.3 rows/s; time_left=181.3min
2026-09-26 22:45:54,728 INFO PROGRESS 710000/1732544 enhanced_rows=542490 fallback_rows=0
2026-09-26 22:45:56,644 INFO BATCH india 400 records: exact=0.73s ann=0.00s model=1.13s total=1.91s 208.9 rows/s; time_left=181.3min
2026-09-26 22:45:58,584 INFO BATCH india 400 records: exact=0.81s ann=0.00s model=1.09s total=1.93s 206.9 rows/s; time_left=181.3min
2026-09-26 22:46:00,434 INFO BATCH india 400 records: exact=0.74s ann=0.00s model=1.07s total=1.84s 217.3 rows/s; time_left=181.2min
2026-09-26 22:46:02,348 INFO BATCH india 400 records: exact=0.73s ann=0.00s model=1.15s total=1.91s 209.9 rows/s; time_left=181.2min
2026-09-26 22:46:04,336 INFO BATCH india 400 records: exact=0.81s ann=0.00s model=1.14s total=1.98s 201.9 rows/s; time_left=181.2min
2026-09-26 22:46:06,189 INFO BATCH india 400 records: exact=0.73s ann=0.00s model=1.08s total=1.85s 216.7 rows/s; time_left=181.2min
2026-09-26 22:46:08,084 INFO BATCH india 400 records: exact=0.79s ann=0.00s model=1.07s total=1.89s 211.9 rows/s; time_left=181.1min
2026-09-26 22:46:09,731 INFO BATCH india 400 records: exact=0.64s ann=0.00s model=0.97s total=1.64s 244.3 rows/s; time_left=181.1min
2026-09-26 22:46:11,762 INFO BATCH india 400 records: exact=0.82s ann=0.00s model=1.16s total=2.02s 197.8 rows/s; time_left=181.1min
2026-09-26 22:46:13,840 INFO BATCH india 400 records: exact=0.85s ann=0.00s model=1.19s total=2.07s 193.2 rows/s; time_left=181.0min
2026-09-26 22:46:15,779 INFO BATCH india 400 records: exact=0.78s ann=0.00s model=1.12s total=1.93s 207.1 rows/s; time_left=181.0min
2026-09-26 22:46:17,952 INFO BATCH india 400 records: exact=0.91s ann=0.00s model=1.22s total=2.17s 184.7 rows/s; time_left=181.0min
2026-09-26 22:46:19,897 INFO BATCH india 400 records: exact=0.76s ann=0.00s model=1.14s total=1.94s 206.4 rows/s; time_left=180.9min
2026-09-26 22:46:19,903 INFO PROGRESS 715200/1732544 enhanced_rows=546464 fallback_rows=0
2026-09-26 22:46:21,724 INFO BATCH india 400 records: exact=0.68s ann=0.00s model=1.10s total=1.82s 219.9 rows/s; time_left=180.9min
2026-09-26 22:46:23,591 INFO BATCH india 400 records: exact=0.72s ann=0.00s model=1.11s total=1.86s 215.1 rows/s; time_left=180.9min
2026-09-26 22:46:25,493 INFO BATCH india 400 records: exact=0.75s ann=0.00s model=1.12s total=1.89s 211.2 rows/s; time_left=180.8min
2026-09-26 22:46:27,265 INFO BATCH india 400 records: exact=0.69s ann=0.00s model=1.04s total=1.76s 226.8 rows/s; time_left=180.8min
2026-09-26 22:46:29,218 INFO BATCH india 400 records: exact=0.78s ann=0.00s model=1.13s total=1.95s 205.5 rows/s; time_left=180.8min
2026-09-26 22:46:31,256 INFO BATCH india 400 records: exact=0.84s ann=0.00s model=1.15s total=2.03s 196.9 rows/s; time_left=180.7min
2026-09-26 22:46:33,053 INFO BATCH india 400 records: exact=0.70s ann=0.00s model=1.06s total=1.79s 223.8 rows/s; time_left=180.7min
2026-09-26 22:46:35,060 INFO BATCH india 400 records: exact=0.81s ann=0.00s model=1.16s total=2.00s 200.3 rows/s; time_left=180.7min
2026-09-26 22:46:37,159 INFO BATCH india 400 records: exact=0.88s ann=0.00s model=1.17s total=2.09s 191.2 rows/s; time_left=180.6min
2026-09-26 22:46:39,138 INFO BATCH india 400 records: exact=0.75s ann=0.00s model=1.19s total=1.97s 203.0 rows/s; time_left=180.6min
2026-09-26 22:46:40,425 INFO BATCH india 400 records: exact=0.66s ann=0.00s model=0.61s total=1.28s 312.6 rows/s; time_left=180.6min
2026-09-26 22:46:41,333 INFO BATCH india 400 records: exact=0.35s ann=0.00s model=0.54s total=0.90s 443.4 rows/s; time_left=180.6min
2026-09-26 22:46:41,336 INFO PROGRESS 720000/1732544 enhanced_rows=550083 fallback_rows=0
2026-09-26 22:46:42,263 INFO BATCH india 400 records: exact=0.37s ann=0.00s model=0.54s total=0.93s 431.9 rows/s; time_left=180.6min
2026-09-26 22:46:43,188 INFO BATCH india 400 records: exact=0.39s ann=0.00s model=0.51s total=0.92s 435.3 rows/s; time_left=180.5min
2026-09-26 22:46:44,048 INFO BATCH india 400 records: exact=0.34s ann=0.00s model=0.50s total=0.85s 467.9 rows/s; time_left=180.5min
2026-09-26 22:46:45,029 INFO BATCH india 400 records: exact=0.43s ann=0.00s model=0.53s total=0.98s 408.9 rows/s; time_left=180.5min
2026-09-26 22:46:45,930 INFO BATCH india 400 records: exact=0.37s ann=0.00s model=0.51s total=0.90s 446.9 rows/s; time_left=180.5min
2026-09-26 22:46:46,798 INFO BATCH india 400 records: exact=0.32s ann=0.00s model=0.52s total=0.86s 463.2 rows/s; time_left=180.5min
2026-09-26 22:46:47,602 INFO BATCH india 400 records: exact=0.30s ann=0.00s model=0.48s total=0.80s 500.9 rows/s; time_left=180.5min
2026-09-26 22:46:48,398 INFO BATCH india 400 records: exact=0.31s ann=0.00s model=0.47s total=0.79s 504.6 rows/s; time_left=180.4min
2026-09-26 22:46:49,171 INFO BATCH india 400 records: exact=0.29s ann=0.00s model=0.46s total=0.77s 521.4 rows/s; time_left=180.4min
2026-09-26 22:46:50,000 INFO BATCH india 400 records: exact=0.31s ann=0.00s model=0.50s total=0.83s 484.4 rows/s; time_left=180.4min
2026-09-26 22:46:50,822 INFO BATCH india 400 records: exact=0.30s ann=0.00s model=0.50s total=0.82s 489.3 rows/s; time_left=180.4min
2026-09-26 22:46:51,683 INFO BATCH india 400 records: exact=0.32s ann=0.00s model=0.52s total=0.86s 467.2 rows/s; time_left=180.4min
2026-09-26 22:46:52,533 INFO BATCH india 400 records: exact=0.34s ann=0.00s model=0.49s total=0.84s 473.6 rows/s; time_left=180.4min
2026-09-26 22:46:52,539 INFO PROGRESS 725200/1732544 enhanced_rows=554059 fallback_rows=0
2026-09-26 22:46:53,360 INFO BATCH india 400 records: exact=0.31s ann=0.00s model=0.49s total=0.82s 487.8 rows/s; time_left=180.4min
2026-09-26 22:46:54,224 INFO BATCH india 400 records: exact=0.35s ann=0.00s model=0.50s total=0.86s 464.7 rows/s; time_left=180.4min
2026-09-26 22:46:55,116 INFO BATCH india 400 records: exact=0.37s ann=0.00s model=0.50s total=0.89s 451.8 rows/s; time_left=180.3min
2026-09-26 22:46:55,937 INFO BATCH india 400 records: exact=0.33s ann=0.00s model=0.48s total=0.82s 490.0 rows/s; time_left=180.3min
2026-09-26 22:46:56,741 INFO BATCH india 400 records: exact=0.30s ann=0.00s model=0.48s total=0.80s 500.5 rows/s; time_left=180.3min
2026-09-26 22:46:57,552 INFO BATCH india 400 records: exact=0.32s ann=0.00s model=0.48s total=0.81s 495.5 rows/s; time_left=180.3min
2026-09-26 22:46:58,391 INFO BATCH india 400 records: exact=0.33s ann=0.00s model=0.49s total=0.83s 480.2 rows/s; time_left=180.3min
2026-09-26 22:46:59,260 INFO BATCH india 400 records: exact=0.35s ann=0.00s model=0.50s total=0.86s 463.3 rows/s; time_left=180.3min
2026-09-26 22:47:00,076 INFO BATCH india 400 records: exact=0.29s ann=0.00s model=0.50s total=0.81s 494.3 rows/s; time_left=180.3min
2026-09-26 22:47:00,931 INFO BATCH india 400 records: exact=0.32s ann=0.00s model=0.51s total=0.85s 471.9 rows/s; time_left=180.2min
2026-09-26 22:47:01,774 INFO BATCH india 400 records: exact=0.31s ann=0.00s model=0.52s total=0.84s 477.5 rows/s; time_left=180.2min
2026-09-26 22:47:02,597 INFO BATCH india 400 records: exact=0.30s ann=0.00s model=0.50s total=0.82s 489.6 rows/s; time_left=180.2min
2026-09-26 22:47:02,600 INFO PROGRESS 730000/1732544 enhanced_rows=557717 fallback_rows=0
2026-09-26 22:47:03,413 INFO BATCH india 400 records: exact=0.28s ann=0.00s model=0.51s total=0.81s 492.8 rows/s; time_left=180.2min
2026-09-26 22:47:04,174 INFO BATCH india 400 records: exact=0.28s ann=0.00s model=0.47s total=0.76s 529.0 rows/s; time_left=180.2min
2026-09-26 22:47:04,977 INFO BATCH india 400 records: exact=0.28s ann=0.00s model=0.50s total=0.80s 501.5 rows/s; time_left=180.2min
2026-09-26 22:47:05,825 INFO BATCH india 400 records: exact=0.31s ann=0.00s model=0.52s total=0.84s 474.5 rows/s; time_left=180.2min
2026-09-26 22:47:06,651 INFO BATCH india 400 records: exact=0.31s ann=0.00s model=0.50s total=0.82s 487.3 rows/s; time_left=180.1min
2026-09-26 22:47:07,419 INFO BATCH india 400 records: exact=0.27s ann=0.00s model=0.48s total=0.76s 524.1 rows/s; time_left=180.1min
2026-09-26 22:47:09,024 INFO BATCH india 400 records: exact=0.49s ann=0.00s model=1.07s total=1.60s 249.8 rows/s; time_left=180.1min
2026-09-26 22:47:10,780 INFO BATCH india 400 records: exact=0.63s ann=0.00s model=1.07s total=1.75s 229.1 rows/s; time_left=180.1min
2026-09-26 22:47:12,516 INFO BATCH india 400 records: exact=0.62s ann=0.00s model=1.08s total=1.73s 231.4 rows/s; time_left=180.0min
2026-09-26 22:47:14,332 INFO BATCH india 400 records: exact=0.67s ann=0.00s model=1.11s total=1.81s 221.2 rows/s; time_left=180.0min
2026-09-26 22:47:16,212 INFO BATCH india 400 records: exact=0.71s ann=0.00s model=1.13s total=1.87s 213.7 rows/s; time_left=180.0min
2026-09-26 22:47:18,102 INFO BATCH india 400 records: exact=0.68s ann=0.00s model=1.17s total=1.88s 212.5 rows/s; time_left=180.0min
2026-09-26 22:47:20,007 INFO BATCH india 400 records: exact=0.68s ann=0.00s model=1.18s total=1.90s 210.8 rows/s; time_left=179.9min
2026-09-26 22:47:20,013 INFO PROGRESS 735200/1732544 enhanced_rows=561723 fallback_rows=0
2026-09-26 22:47:21,698 INFO BATCH india 400 records: exact=0.58s ann=0.00s model=1.07s total=1.68s 237.7 rows/s; time_left=179.9min
2026-09-26 22:47:23,609 INFO BATCH india 400 records: exact=0.66s ann=0.00s model=1.21s total=1.90s 210.2 rows/s; time_left=179.9min
2026-09-26 22:47:25,360 INFO BATCH india 400 records: exact=0.65s ann=0.00s model=1.06s total=1.74s 229.5 rows/s; time_left=179.8min
2026-09-26 22:47:27,262 INFO BATCH india 400 records: exact=0.66s ann=0.00s model=1.21s total=1.89s 211.2 rows/s; time_left=179.8min
2026-09-26 22:47:29,174 INFO BATCH india 400 records: exact=0.76s ann=0.00s model=1.11s total=1.90s 210.0 rows/s; time_left=179.8min
2026-09-26 22:47:30,788 INFO BATCH india 400 records: exact=0.57s ann=0.00s model=1.00s total=1.61s 249.1 rows/s; time_left=179.7min
2026-09-26 22:47:32,535 INFO BATCH india 400 records: exact=0.70s ann=0.00s model=1.01s total=1.74s 230.1 rows/s; time_left=179.7min
2026-09-26 22:47:34,270 INFO BATCH india 400 records: exact=0.65s ann=0.00s model=1.04s total=1.73s 231.5 rows/s; time_left=179.7min
2026-09-26 22:47:35,175 INFO BATCH india 400 records: exact=0.36s ann=0.00s model=0.52s total=0.90s 446.1 rows/s; time_left=179.7min
2026-09-26 22:47:36,113 INFO BATCH india 400 records: exact=0.36s ann=0.00s model=0.55s total=0.93s 428.5 rows/s; time_left=179.7min
2026-09-26 22:47:37,104 INFO BATCH india 400 records: exact=0.36s ann=0.00s model=0.60s total=0.99s 406.0 rows/s; time_left=179.6min
2026-09-26 22:47:38,022 INFO BATCH india 400 records: exact=0.38s ann=0.00s model=0.51s total=0.91s 438.3 rows/s; time_left=179.6min
2026-09-26 22:47:38,029 INFO PROGRESS 740000/1732544 enhanced_rows=565356 fallback_rows=0
2026-09-26 22:47:38,898 INFO BATCH india 400 records: exact=0.35s ann=0.00s model=0.50s total=0.87s 460.9 rows/s; time_left=179.6min
2026-09-26 22:47:39,771 INFO BATCH india 400 records: exact=0.34s ann=0.00s model=0.51s total=0.87s 461.2 rows/s; time_left=179.6min
2026-09-26 22:47:40,741 INFO BATCH india 400 records: exact=0.38s ann=0.00s model=0.57s total=0.96s 414.9 rows/s; time_left=179.6min
2026-09-26 22:47:41,682 INFO BATCH india 400 records: exact=0.34s ann=0.00s model=0.57s total=0.93s 428.5 rows/s; time_left=179.6min
2026-09-26 22:47:42,642 INFO BATCH india 400 records: exact=0.43s ann=0.00s model=0.51s total=0.95s 418.9 rows/s; time_left=179.5min
2026-09-26 22:47:43,507 INFO BATCH india 400 records: exact=0.36s ann=0.00s model=0.48s total=0.86s 465.5 rows/s; time_left=179.5min
2026-09-26 22:47:44,435 INFO BATCH india 400 records: exact=0.39s ann=0.00s model=0.51s total=0.92s 433.7 rows/s; time_left=179.5min
2026-09-26 22:47:45,387 INFO BATCH india 400 records: exact=0.36s ann=0.00s model=0.57s total=0.95s 422.4 rows/s; time_left=179.5min
2026-09-26 22:47:46,284 INFO BATCH india 400 records: exact=0.36s ann=0.00s model=0.52s total=0.89s 449.6 rows/s; time_left=179.5min
2026-09-26 22:47:47,228 INFO BATCH india 400 records: exact=0.39s ann=0.00s model=0.53s total=0.94s 426.4 rows/s; time_left=179.5min
2026-09-26 22:47:48,147 INFO BATCH india 400 records: exact=0.38s ann=0.00s model=0.52s total=0.91s 437.9 rows/s; time_left=179.5min
2026-09-26 22:47:49,038 INFO BATCH india 400 records: exact=0.37s ann=0.00s model=0.49s total=0.89s 451.8 rows/s; time_left=179.4min
2026-09-26 22:47:49,942 INFO BATCH india 400 records: exact=0.39s ann=0.00s model=0.49s total=0.90s 445.5 rows/s; time_left=179.4min
2026-09-26 22:47:49,946 INFO PROGRESS 745200/1732544 enhanced_rows=569325 fallback_rows=0
2026-09-26 22:47:50,796 INFO BATCH india 400 records: exact=0.36s ann=0.00s model=0.48s total=0.85s 471.6 rows/s; time_left=179.4min
2026-09-26 22:47:51,626 INFO BATCH india 400 records: exact=0.34s ann=0.00s model=0.47s total=0.83s 484.3 rows/s; time_left=179.4min
2026-09-26 22:47:52,587 INFO BATCH india 400 records: exact=0.45s ann=0.00s model=0.49s total=0.96s 418.0 rows/s; time_left=179.4min
2026-09-26 22:47:53,481 INFO BATCH india 400 records: exact=0.38s ann=0.00s model=0.49s total=0.89s 449.7 rows/s; time_left=179.4min
2026-09-26 22:47:54,337 INFO BATCH india 400 records: exact=0.36s ann=0.00s model=0.47s total=0.85s 470.5 rows/s; time_left=179.4min
2026-09-26 22:47:55,242 INFO BATCH india 400 records: exact=0.38s ann=0.00s model=0.50s total=0.90s 445.0 rows/s; time_left=179.3min
2026-09-26 22:47:56,158 INFO BATCH india 400 records: exact=0.41s ann=0.00s model=0.49s total=0.91s 439.1 rows/s; time_left=179.3min
2026-09-26 22:47:57,063 INFO BATCH india 400 records: exact=0.39s ann=0.00s model=0.49s total=0.90s 444.9 rows/s; time_left=179.3min
2026-09-26 22:47:57,997 INFO BATCH india 400 records: exact=0.41s ann=0.00s model=0.50s total=0.93s 430.6 rows/s; time_left=179.3min
2026-09-26 22:47:58,856 INFO BATCH india 400 records: exact=0.36s ann=0.00s model=0.48s total=0.85s 469.5 rows/s; time_left=179.3min
2026-09-26 22:47:59,799 INFO BATCH india 400 records: exact=0.42s ann=0.00s model=0.50s total=0.94s 426.6 rows/s; time_left=179.3min
2026-09-26 22:48:00,832 INFO BATCH india 400 records: exact=0.45s ann=0.00s model=0.57s total=1.03s 389.0 rows/s; time_left=179.2min
2026-09-26 22:48:00,835 INFO PROGRESS 750000/1732544 enhanced_rows=572955 fallback_rows=0
2026-09-26 22:48:01,721 INFO BATCH india 400 records: exact=0.38s ann=0.00s model=0.48s total=0.89s 451.9 rows/s; time_left=179.2min
2026-09-26 22:48:02,600 INFO BATCH india 400 records: exact=0.37s ann=0.00s model=0.49s total=0.87s 458.2 rows/s; time_left=179.2min
2026-09-26 22:48:03,470 INFO BATCH india 400 records: exact=0.37s ann=0.00s model=0.48s total=0.86s 462.7 rows/s; time_left=179.2min
2026-09-26 22:48:04,347 INFO BATCH india 400 records: exact=0.37s ann=0.00s model=0.49s total=0.87s 459.2 rows/s; time_left=179.2min
2026-09-26 22:48:05,276 INFO BATCH india 400 records: exact=0.37s ann=0.00s model=0.53s total=0.92s 433.2 rows/s; time_left=179.2min
2026-09-26 22:48:06,490 INFO BATCH india 400 records: exact=0.52s ann=0.00s model=0.67s total=1.21s 331.6 rows/s; time_left=179.1min
2026-09-26 22:48:07,469 INFO BATCH india 400 records: exact=0.39s ann=0.00s model=0.56s total=0.97s 410.5 rows/s; time_left=179.1min
2026-09-26 22:48:08,569 INFO BATCH india 400 records: exact=0.46s ann=0.00s model=0.61s total=1.09s 365.6 rows/s; time_left=179.1min
2026-09-26 22:48:09,526 INFO BATCH india 400 records: exact=0.40s ann=0.00s model=0.53s total=0.95s 420.9 rows/s; time_left=179.1min
2026-09-26 22:48:10,468 INFO BATCH india 400 records: exact=0.41s ann=0.00s model=0.51s total=0.94s 427.0 rows/s; time_left=179.1min
2026-09-26 22:48:11,906 INFO BATCH india 400 records: exact=0.41s ann=0.00s model=1.00s total=1.43s 279.2 rows/s; time_left=179.1min
2026-09-26 22:48:13,836 INFO BATCH india 400 records: exact=0.78s ann=0.00s model=1.11s total=1.92s 208.1 rows/s; time_left=179.0min
2026-09-26 22:48:15,734 INFO BATCH india 400 records: exact=0.74s ann=0.00s model=1.12s total=1.89s 211.5 rows/s; time_left=179.0min
2026-09-26 22:48:15,739 INFO PROGRESS 755200/1732544 enhanced_rows=576952 fallback_rows=0
2026-09-26 22:48:17,537 INFO BATCH india 400 records: exact=0.69s ann=0.00s model=1.07s total=1.80s 222.7 rows/s; time_left=179.0min
2026-09-26 22:48:19,222 INFO BATCH india 400 records: exact=0.66s ann=0.00s model=0.98s total=1.68s 238.7 rows/s; time_left=178.9min
2026-09-26 22:48:21,085 INFO BATCH india 400 records: exact=0.76s ann=0.00s model=1.06s total=1.86s 215.5 rows/s; time_left=178.9min
2026-09-26 22:48:22,932 INFO BATCH india 400 records: exact=0.76s ann=0.00s model=1.06s total=1.84s 217.3 rows/s; time_left=178.9min
2026-09-26 22:48:24,642 INFO BATCH india 400 records: exact=0.65s ann=0.00s model=1.01s total=1.70s 235.0 rows/s; time_left=178.8min
2026-09-26 22:48:26,317 INFO BATCH india 400 records: exact=0.63s ann=0.00s model=1.01s total=1.67s 239.7 rows/s; time_left=178.8min
2026-09-26 22:48:28,069 INFO BATCH india 400 records: exact=0.64s ann=0.00s model=1.07s total=1.74s 229.3 rows/s; time_left=178.8min
2026-09-26 22:48:29,877 INFO BATCH india 400 records: exact=0.73s ann=0.00s model=1.05s total=1.80s 221.9 rows/s; time_left=178.8min
2026-09-26 22:48:31,704 INFO BATCH india 400 records: exact=0.65s ann=0.00s model=1.14s total=1.82s 219.7 rows/s; time_left=178.7min
2026-09-26 22:48:33,438 INFO BATCH india 400 records: exact=0.69s ann=0.00s model=1.00s total=1.73s 231.6 rows/s; time_left=178.7min
2026-09-26 22:48:35,277 INFO BATCH india 400 records: exact=0.73s ann=0.00s model=1.07s total=1.83s 218.3 rows/s; time_left=178.7min
2026-09-26 22:48:37,072 INFO BATCH india 400 records: exact=0.71s ann=0.00s model=1.04s total=1.79s 223.7 rows/s; time_left=178.6min
2026-09-26 22:48:37,077 INFO PROGRESS 760000/1732544 enhanced_rows=580622 fallback_rows=0
2026-09-26 22:48:38,895 INFO BATCH india 400 records: exact=0.71s ann=0.00s model=1.07s total=1.82s 220.2 rows/s; time_left=178.6min
2026-09-26 22:48:40,642 INFO BATCH india 400 records: exact=0.68s ann=0.00s model=1.03s total=1.74s 229.8 rows/s; time_left=178.6min
2026-09-26 22:48:42,400 INFO BATCH india 400 records: exact=0.68s ann=0.00s model=1.04s total=1.75s 228.4 rows/s; time_left=178.5min
2026-09-26 22:48:44,235 INFO BATCH india 400 records: exact=0.71s ann=0.00s model=1.08s total=1.83s 218.8 rows/s; time_left=178.5min
2026-09-26 22:48:45,928 INFO BATCH india 400 records: exact=0.69s ann=0.00s model=0.97s total=1.69s 237.2 rows/s; time_left=178.5min
2026-09-26 22:48:47,608 INFO BATCH india 400 records: exact=0.64s ann=0.00s model=1.00s total=1.67s 239.0 rows/s; time_left=178.5min
2026-09-26 22:48:49,365 INFO BATCH india 400 records: exact=0.65s ann=0.00s model=1.07s total=1.75s 228.6 rows/s; time_left=178.4min
2026-09-26 22:48:50,980 INFO BATCH india 400 records: exact=0.60s ann=0.00s model=0.98s total=1.61s 248.6 rows/s; time_left=178.4min
2026-09-26 22:48:52,713 INFO BATCH india 400 records: exact=0.68s ann=0.00s model=1.02s total=1.73s 231.6 rows/s; time_left=178.4min
2026-09-26 22:48:54,385 INFO BATCH india 400 records: exact=0.61s ann=0.00s model=1.02s total=1.67s 240.1 rows/s; time_left=178.4min
2026-09-26 22:48:56,065 INFO BATCH india 400 records: exact=0.65s ann=0.00s model=1.00s total=1.67s 239.1 rows/s; time_left=178.3min
2026-09-26 22:48:57,769 INFO BATCH india 400 records: exact=0.66s ann=0.00s model=1.01s total=1.70s 235.6 rows/s; time_left=178.3min
2026-09-26 22:48:59,644 INFO BATCH india 400 records: exact=0.84s ann=0.00s model=1.00s total=1.87s 214.2 rows/s; time_left=178.3min
2026-09-26 22:48:59,649 INFO PROGRESS 765200/1732544 enhanced_rows=584642 fallback_rows=0
2026-09-26 22:49:01,443 INFO BATCH india 400 records: exact=0.71s ann=0.00s model=1.05s total=1.79s 223.2 rows/s; time_left=178.2min
2026-09-26 22:49:03,267 INFO BATCH india 400 records: exact=0.72s ann=0.00s model=1.07s total=1.82s 220.3 rows/s; time_left=178.2min
2026-09-26 22:49:05,054 INFO BATCH india 400 records: exact=0.69s ann=0.00s model=1.05s total=1.77s 226.0 rows/s; time_left=178.2min
2026-09-26 22:49:06,865 INFO BATCH india 400 records: exact=0.75s ann=0.00s model=1.03s total=1.80s 221.8 rows/s; time_left=178.1min
2026-09-26 22:49:08,706 INFO BATCH india 400 records: exact=0.75s ann=0.00s model=1.06s total=1.84s 218.0 rows/s; time_left=178.1min
2026-09-26 22:49:10,421 INFO BATCH india 400 records: exact=0.66s ann=0.00s model=1.02s total=1.71s 234.3 rows/s; time_left=178.1min
2026-09-26 22:49:11,893 INFO BATCH india 400 records: exact=0.70s ann=0.00s model=0.74s total=1.47s 272.9 rows/s; time_left=178.1min
2026-09-26 22:49:13,077 INFO BATCH india 400 records: exact=0.47s ann=0.00s model=0.69s total=1.18s 339.3 rows/s; time_left=178.0min
2026-09-26 22:49:14,721 INFO BATCH india 400 records: exact=0.60s ann=0.00s model=1.01s total=1.64s 244.0 rows/s; time_left=178.0min
2026-09-26 22:49:16,521 INFO BATCH india 400 records: exact=0.73s ann=0.00s model=1.03s total=1.79s 223.1 rows/s; time_left=178.0min
2026-09-26 22:49:18,365 INFO BATCH india 400 records: exact=0.75s ann=0.00s model=1.05s total=1.84s 217.8 rows/s; time_left=178.0min
2026-09-26 22:49:20,002 INFO BATCH india 400 records: exact=0.59s ann=0.00s model=1.01s total=1.63s 245.4 rows/s; time_left=177.9min
2026-09-26 22:49:20,007 INFO PROGRESS 770000/1732544 enhanced_rows=588248 fallback_rows=0
2026-09-26 22:49:21,665 INFO BATCH india 400 records: exact=0.61s ann=0.00s model=1.01s total=1.66s 241.5 rows/s; time_left=177.9min
2026-09-26 22:49:23,347 INFO BATCH india 400 records: exact=0.65s ann=0.00s model=1.00s total=1.67s 238.9 rows/s; time_left=177.9min
2026-09-26 22:49:25,075 INFO BATCH india 400 records: exact=0.63s ann=0.00s model=1.06s total=1.72s 232.5 rows/s; time_left=177.8min
2026-09-26 22:49:26,817 INFO BATCH india 400 records: exact=0.66s ann=0.00s model=1.04s total=1.74s 230.5 rows/s; time_left=177.8min
2026-09-26 22:49:28,625 INFO BATCH india 400 records: exact=0.71s ann=0.00s model=1.06s total=1.80s 222.1 rows/s; time_left=177.8min
2026-09-26 22:49:30,523 INFO BATCH india 400 records: exact=0.66s ann=0.00s model=1.20s total=1.89s 211.5 rows/s; time_left=177.7min
2026-09-26 22:49:32,136 INFO BATCH india 400 records: exact=0.58s ann=0.00s model=1.00s total=1.61s 249.0 rows/s; time_left=177.7min
2026-09-26 22:49:33,881 INFO BATCH india 400 records: exact=0.63s ann=0.00s model=1.07s total=1.74s 230.1 rows/s; time_left=177.7min
2026-09-26 22:49:35,429 INFO BATCH india 400 records: exact=0.54s ann=0.00s model=0.97s total=1.54s 259.8 rows/s; time_left=177.7min
2026-09-26 22:49:37,154 INFO BATCH india 400 records: exact=0.64s ann=0.00s model=1.04s total=1.72s 232.8 rows/s; time_left=177.6min
2026-09-26 22:49:38,872 INFO BATCH india 400 records: exact=0.63s ann=0.00s model=1.05s total=1.71s 233.7 rows/s; time_left=177.6min
2026-09-26 22:49:40,573 INFO BATCH india 400 records: exact=0.63s ann=0.00s model=1.03s total=1.69s 236.1 rows/s; time_left=177.6min
2026-09-26 22:49:42,251 INFO BATCH india 400 records: exact=0.60s ann=0.00s model=1.04s total=1.67s 239.3 rows/s; time_left=177.6min
2026-09-26 22:49:42,256 INFO PROGRESS 775200/1732544 enhanced_rows=592299 fallback_rows=0
2026-09-26 22:49:44,042 INFO BATCH india 400 records: exact=0.68s ann=0.00s model=1.07s total=1.78s 224.2 rows/s; time_left=177.5min
2026-09-26 22:49:45,867 INFO BATCH india 400 records: exact=0.66s ann=0.00s model=1.13s total=1.82s 220.0 rows/s; time_left=177.5min
2026-09-26 22:49:47,526 INFO BATCH india 400 records: exact=0.59s ann=0.00s model=1.03s total=1.65s 242.0 rows/s; time_left=177.5min
2026-09-26 22:49:48,687 INFO BATCH india 400 records: exact=0.57s ann=0.00s model=0.55s total=1.15s 349.3 rows/s; time_left=177.4min
2026-09-26 22:49:49,535 INFO BATCH india 400 records: exact=0.32s ann=0.00s model=0.51s total=0.84s 474.4 rows/s; time_left=177.4min
2026-09-26 22:49:50,374 INFO BATCH india 400 records: exact=0.32s ann=0.00s model=0.49s total=0.83s 484.7 rows/s; time_left=177.4min
2026-09-26 22:49:51,201 INFO BATCH india 400 records: exact=0.29s ann=0.00s model=0.51s total=0.82s 486.2 rows/s; time_left=177.4min
2026-09-26 22:49:52,133 INFO BATCH india 400 records: exact=0.36s ann=0.00s model=0.55s total=0.93s 430.8 rows/s; time_left=177.4min
2026-09-26 22:49:53,064 INFO BATCH india 400 records: exact=0.36s ann=0.00s model=0.54s total=0.93s 432.0 rows/s; time_left=177.4min
2026-09-26 22:49:53,977 INFO BATCH india 400 records: exact=0.36s ann=0.00s model=0.53s total=0.91s 440.9 rows/s; time_left=177.4min
2026-09-26 22:49:54,809 INFO BATCH india 400 records: exact=0.31s ann=0.00s model=0.50s total=0.83s 483.2 rows/s; time_left=177.3min
2026-09-26 22:49:55,765 INFO BATCH india 400 records: exact=0.37s ann=0.00s model=0.56s total=0.95s 420.5 rows/s; time_left=177.3min
2026-09-26 22:49:55,769 INFO PROGRESS 780000/1732544 enhanced_rows=595945 fallback_rows=0
2026-09-26 22:49:56,647 INFO BATCH india 400 records: exact=0.33s ann=0.00s model=0.52s total=0.88s 455.9 rows/s; time_left=177.3min
2026-09-26 22:49:57,597 INFO BATCH india 400 records: exact=0.38s ann=0.00s model=0.54s total=0.95s 422.9 rows/s; time_left=177.3min
2026-09-26 22:49:58,427 INFO BATCH india 400 records: exact=0.33s ann=0.00s model=0.48s total=0.82s 485.8 rows/s; time_left=177.3min
2026-09-26 22:49:59,308 INFO BATCH india 400 records: exact=0.35s ann=0.00s model=0.51s total=0.88s 456.2 rows/s; time_left=177.3min
2026-09-26 22:50:00,128 INFO BATCH india 400 records: exact=0.30s ann=0.00s model=0.49s total=0.82s 490.3 rows/s; time_left=177.3min
2026-09-26 22:50:01,013 INFO BATCH india 400 records: exact=0.35s ann=0.00s model=0.52s total=0.88s 454.2 rows/s; time_left=177.2min
2026-09-26 22:50:01,763 INFO BATCH india 400 records: exact=0.28s ann=0.00s model=0.45s total=0.75s 536.5 rows/s; time_left=177.2min
2026-09-26 22:50:02,809 INFO BATCH india 400 records: exact=0.42s ann=0.00s model=0.60s total=1.04s 383.5 rows/s; time_left=177.2min
2026-09-26 22:50:03,646 INFO BATCH india 400 records: exact=0.32s ann=0.00s model=0.50s total=0.83s 481.2 rows/s; time_left=177.2min
2026-09-26 22:50:04,615 INFO BATCH india 400 records: exact=0.37s ann=0.00s model=0.58s total=0.96s 415.0 rows/s; time_left=177.2min
2026-09-26 22:50:05,526 INFO BATCH india 400 records: exact=0.33s ann=0.00s model=0.55s total=0.91s 441.2 rows/s; time_left=177.2min
2026-09-26 22:50:06,404 INFO BATCH india 400 records: exact=0.33s ann=0.00s model=0.53s total=0.87s 458.6 rows/s; time_left=177.1min
2026-09-26 22:50:07,228 INFO BATCH india 400 records: exact=0.31s ann=0.00s model=0.50s total=0.82s 488.3 rows/s; time_left=177.1min
2026-09-26 22:50:07,231 INFO PROGRESS 785200/1732544 enhanced_rows=599911 fallback_rows=0
2026-09-26 22:50:08,027 INFO BATCH india 400 records: exact=0.30s ann=0.00s model=0.49s total=0.80s 502.9 rows/s; time_left=177.1min
2026-09-26 22:50:08,888 INFO BATCH india 400 records: exact=0.33s ann=0.00s model=0.51s total=0.86s 467.3 rows/s; time_left=177.1min
2026-09-26 22:50:09,709 INFO BATCH india 400 records: exact=0.30s ann=0.00s model=0.50s total=0.82s 489.4 rows/s; time_left=177.1min
2026-09-26 22:50:10,654 INFO BATCH india 400 records: exact=0.35s ann=0.00s model=0.57s total=0.94s 425.2 rows/s; time_left=177.1min
2026-09-26 22:50:11,533 INFO BATCH india 400 records: exact=0.34s ann=0.00s model=0.51s total=0.87s 462.4 rows/s; time_left=177.1min
2026-09-26 22:50:12,456 INFO BATCH india 400 records: exact=0.36s ann=0.00s model=0.53s total=0.92s 435.9 rows/s; time_left=177.0min
2026-09-26 22:50:13,323 INFO BATCH india 400 records: exact=0.34s ann=0.00s model=0.50s total=0.85s 469.0 rows/s; time_left=177.0min
2026-09-26 22:50:14,169 INFO BATCH india 400 records: exact=0.32s ann=0.00s model=0.51s total=0.84s 475.2 rows/s; time_left=177.0min
2026-09-26 22:50:15,011 INFO BATCH india 400 records: exact=0.34s ann=0.00s model=0.48s total=0.84s 478.2 rows/s; time_left=177.0min
2026-09-26 22:50:15,812 INFO BATCH india 400 records: exact=0.31s ann=0.00s model=0.47s total=0.79s 503.7 rows/s; time_left=177.0min
2026-09-26 22:50:16,611 INFO BATCH india 400 records: exact=0.30s ann=0.00s model=0.48s total=0.79s 503.7 rows/s; time_left=177.0min
2026-09-26 22:50:17,473 INFO BATCH india 400 records: exact=0.33s ann=0.00s model=0.50s total=0.85s 471.6 rows/s; time_left=177.0min
2026-09-26 22:50:17,477 INFO PROGRESS 790000/1732544 enhanced_rows=603518 fallback_rows=0
2026-09-26 22:50:18,265 INFO BATCH india 400 records: exact=0.29s ann=0.00s model=0.48s total=0.79s 507.9 rows/s; time_left=177.0min
2026-09-26 22:50:19,110 INFO BATCH india 400 records: exact=0.30s ann=0.00s model=0.52s total=0.84s 476.3 rows/s; time_left=176.9min
2026-09-26 22:50:19,924 INFO BATCH india 400 records: exact=0.30s ann=0.00s model=0.50s total=0.81s 494.7 rows/s; time_left=176.9min
2026-09-26 22:50:20,785 INFO BATCH india 400 records: exact=0.33s ann=0.00s model=0.51s total=0.86s 467.2 rows/s; time_left=176.9min
2026-09-26 22:50:21,544 INFO BATCH india 400 records: exact=0.26s ann=0.00s model=0.47s total=0.75s 535.5 rows/s; time_left=176.9min
2026-09-26 22:50:22,384 INFO BATCH india 400 records: exact=0.33s ann=0.00s model=0.49s total=0.83s 479.1 rows/s; time_left=176.9min
2026-09-26 22:50:23,179 INFO BATCH india 400 records: exact=0.29s ann=0.00s model=0.48s total=0.79s 506.2 rows/s; time_left=176.9min
2026-09-26 22:50:24,063 INFO BATCH india 400 records: exact=0.35s ann=0.00s model=0.51s total=0.88s 456.1 rows/s; time_left=176.9min
2026-09-26 22:50:24,878 INFO BATCH india 400 records: exact=0.30s ann=0.00s model=0.49s total=0.81s 494.2 rows/s; time_left=176.8min
2026-09-26 22:50:25,721 INFO BATCH india 400 records: exact=0.33s ann=0.00s model=0.49s total=0.84s 477.3 rows/s; time_left=176.8min
2026-09-26 22:50:26,558 INFO BATCH india 400 records: exact=0.32s ann=0.00s model=0.50s total=0.83s 482.0 rows/s; time_left=176.8min
2026-09-26 22:50:27,330 INFO BATCH india 400 records: exact=0.28s ann=0.00s model=0.47s total=0.76s 526.7 rows/s; time_left=176.8min
2026-09-26 22:50:28,148 INFO BATCH india 400 records: exact=0.31s ann=0.00s model=0.49s total=0.81s 492.7 rows/s; time_left=176.8min
2026-09-26 22:50:28,152 INFO PROGRESS 795200/1732544 enhanced_rows=607458 fallback_rows=0
2026-09-26 22:50:28,938 INFO BATCH india 400 records: exact=0.29s ann=0.00s model=0.48s total=0.79s 509.4 rows/s; time_left=176.8min
2026-09-26 22:50:29,730 INFO BATCH india 400 records: exact=0.30s ann=0.00s model=0.47s total=0.79s 507.9 rows/s; time_left=176.8min
2026-09-26 22:50:30,542 INFO BATCH india 400 records: exact=0.31s ann=0.00s model=0.48s total=0.81s 495.6 rows/s; time_left=176.7min
2026-09-26 22:50:31,388 INFO BATCH india 400 records: exact=0.32s ann=0.00s model=0.51s total=0.84s 476.1 rows/s; time_left=176.7min
2026-09-26 22:50:32,221 INFO BATCH india 400 records: exact=0.32s ann=0.00s model=0.50s total=0.83s 482.3 rows/s; time_left=176.7min
2026-09-26 22:50:33,023 INFO BATCH india 400 records: exact=0.30s ann=0.00s model=0.49s total=0.80s 500.7 rows/s; time_left=176.7min
2026-09-26 22:50:33,865 INFO BATCH india 400 records: exact=0.32s ann=0.00s model=0.51s total=0.84s 477.9 rows/s; time_left=176.7min
2026-09-26 22:50:34,665 INFO BATCH india 400 records: exact=0.30s ann=0.00s model=0.48s total=0.80s 502.3 rows/s; time_left=176.7min
2026-09-26 22:50:35,493 INFO BATCH india 400 records: exact=0.30s ann=0.00s model=0.50s total=0.81s 491.7 rows/s; time_left=176.7min
2026-09-26 22:50:36,273 INFO BATCH india 400 records: exact=0.29s ann=0.00s model=0.48s total=0.78s 515.2 rows/s; time_left=176.7min
2026-09-26 22:50:37,044 INFO BATCH india 400 records: exact=0.29s ann=0.00s model=0.46s total=0.77s 522.0 rows/s; time_left=176.6min
2026-09-26 22:50:37,852 INFO BATCH india 400 records: exact=0.30s ann=0.00s model=0.48s total=0.80s 498.1 rows/s; time_left=176.6min
2026-09-26 22:50:37,864 INFO PROGRESS 800000/1732544 enhanced_rows=611108 fallback_rows=0
2026-09-26 22:50:38,633 INFO BATCH india 400 records: exact=0.28s ann=0.00s model=0.48s total=0.77s 521.2 rows/s; time_left=176.6min
2026-09-26 22:50:39,508 INFO BATCH india 400 records: exact=0.34s ann=0.00s model=0.52s total=0.87s 460.8 rows/s; time_left=176.6min
2026-09-26 22:50:40,294 INFO BATCH india 400 records: exact=0.29s ann=0.00s model=0.47s total=0.78s 512.4 rows/s; time_left=176.6min
2026-09-26 22:50:41,119 INFO BATCH india 400 records: exact=0.30s ann=0.00s model=0.50s total=0.82s 487.0 rows/s; time_left=176.6min
2026-09-26 22:50:41,940 INFO BATCH india 400 records: exact=0.31s ann=0.00s model=0.50s total=0.81s 490.9 rows/s; time_left=176.6min
2026-09-26 22:50:42,719 INFO BATCH india 400 records: exact=0.30s ann=0.00s model=0.46s total=0.77s 517.4 rows/s; time_left=176.5min
2026-09-26 22:50:43,563 INFO BATCH india 400 records: exact=0.33s ann=0.00s model=0.50s total=0.84s 478.2 rows/s; time_left=176.5min
2026-09-26 22:50:44,370 INFO BATCH india 400 records: exact=0.30s ann=0.00s model=0.49s total=0.80s 499.7 rows/s; time_left=176.5min
2026-09-26 22:50:45,168 INFO BATCH india 400 records: exact=0.31s ann=0.00s model=0.46s total=0.78s 510.1 rows/s; time_left=176.5min
2026-09-26 22:50:45,945 INFO BATCH india 400 records: exact=0.28s ann=0.00s model=0.47s total=0.76s 524.0 rows/s; time_left=176.5min
2026-09-26 22:50:46,813 INFO BATCH india 400 records: exact=0.32s ann=0.00s model=0.53s total=0.86s 463.4 rows/s; time_left=176.5min
2026-09-26 22:50:47,683 INFO BATCH india 400 records: exact=0.33s ann=0.00s model=0.50s total=0.86s 467.1 rows/s; time_left=176.5min
2026-09-26 22:50:48,453 INFO BATCH india 400 records: exact=0.29s ann=0.00s model=0.46s total=0.76s 528.5 rows/s; time_left=176.4min
2026-09-26 22:50:48,466 INFO PROGRESS 805200/1732544 enhanced_rows=615075 fallback_rows=0
2026-09-26 22:50:49,247 INFO BATCH india 400 records: exact=0.29s ann=0.00s model=0.47s total=0.78s 513.3 rows/s; time_left=176.4min
2026-09-26 22:50:50,034 INFO BATCH india 400 records: exact=0.29s ann=0.00s model=0.48s total=0.78s 511.5 rows/s; time_left=176.4min
2026-09-26 22:50:51,657 INFO BATCH india 400 records: exact=0.40s ann=0.00s model=1.18s total=1.62s 247.2 rows/s; time_left=176.4min
2026-09-26 22:50:53,555 INFO BATCH india 400 records: exact=0.69s ann=0.00s model=1.17s total=1.89s 211.6 rows/s; time_left=176.4min
2026-09-26 22:50:55,635 INFO BATCH india 400 records: exact=0.82s ann=0.00s model=1.20s total=2.05s 195.0 rows/s; time_left=176.3min
2026-09-26 22:50:57,624 INFO BATCH india 400 records: exact=0.72s ann=0.00s model=1.22s total=1.97s 202.6 rows/s; time_left=176.3min
2026-09-26 22:50:58,521 INFO BATCH india 400 records: exact=0.37s ann=0.00s model=0.50s total=0.88s 453.8 rows/s; time_left=176.3min
2026-09-26 22:50:59,393 INFO BATCH india 400 records: exact=0.33s ann=0.00s model=0.52s total=0.86s 465.8 rows/s; time_left=176.3min
2026-09-26 22:51:00,268 INFO BATCH india 400 records: exact=0.35s ann=0.00s model=0.51s total=0.87s 460.2 rows/s; time_left=176.3min
2026-09-26 22:51:01,077 INFO BATCH india 400 records: exact=0.31s ann=0.00s model=0.48s total=0.80s 497.6 rows/s; time_left=176.2min
2026-09-26 22:51:01,929 INFO BATCH india 400 records: exact=0.31s ann=0.00s model=0.52s total=0.85s 472.3 rows/s; time_left=176.2min
2026-09-26 22:51:02,706 INFO BATCH india 386 records: exact=0.29s ann=0.00s model=0.47s total=0.77s 500.2 rows/s; time_left=176.2min
2026-09-26 22:51:02,993 INFO Completed country india
2026-09-26 22:51:03,810 INFO BATCH us 400 records: exact=0.38s ann=0.00s model=0.32s total=0.71s 563.7 rows/s; time_left=176.2min
2026-09-26 22:51:03,824 INFO PROGRESS 810386/1732544 enhanced_rows=619050 fallback_rows=0
2026-09-26 22:51:04,436 INFO BATCH us 400 records: exact=0.31s ann=0.00s model=0.30s total=0.61s 654.4 rows/s; time_left=176.2min
2026-09-26 22:51:04,991 INFO BATCH us 400 records: exact=0.25s ann=0.00s model=0.29s total=0.54s 739.2 rows/s; time_left=176.2min
2026-09-26 22:51:05,598 INFO BATCH us 400 records: exact=0.29s ann=0.00s model=0.30s total=0.60s 663.4 rows/s; time_left=176.2min
2026-09-26 22:51:06,193 INFO BATCH us 400 records: exact=0.27s ann=0.00s model=0.31s total=0.59s 676.1 rows/s; time_left=176.2min
2026-09-26 22:51:06,767 INFO BATCH us 400 records: exact=0.24s ann=0.00s model=0.32s total=0.57s 701.5 rows/s; time_left=176.1min
2026-09-26 22:51:07,400 INFO BATCH us 400 records: exact=0.32s ann=0.00s model=0.29s total=0.63s 637.6 rows/s; time_left=176.1min
2026-09-26 22:51:07,974 INFO BATCH us 400 records: exact=0.27s ann=0.00s model=0.28s total=0.56s 713.0 rows/s; time_left=176.1min
2026-09-26 22:51:08,603 INFO BATCH us 400 records: exact=0.30s ann=0.00s model=0.30s total=0.62s 650.3 rows/s; time_left=176.1min
2026-09-26 22:51:09,150 INFO BATCH us 400 records: exact=0.24s ann=0.00s model=0.29s total=0.54s 739.3 rows/s; time_left=176.1min
2026-09-26 22:51:09,684 INFO BATCH us 400 records: exact=0.23s ann=0.00s model=0.29s total=0.53s 758.2 rows/s; time_left=176.1min
2026-09-26 22:51:10,243 INFO BATCH us 400 records: exact=0.24s ann=0.00s model=0.30s total=0.55s 721.5 rows/s; time_left=176.1min
2026-09-26 22:51:10,756 INFO BATCH us 400 records: exact=0.21s ann=0.00s model=0.29s total=0.51s 788.3 rows/s; time_left=176.1min
2026-09-26 22:51:10,761 INFO PROGRESS 815186/1732544 enhanced_rows=622974 fallback_rows=0
2026-09-26 22:51:11,318 INFO BATCH us 400 records: exact=0.24s ann=0.00s model=0.30s total=0.56s 719.4 rows/s; time_left=176.1min
2026-09-26 22:51:11,872 INFO BATCH us 400 records: exact=0.23s ann=0.00s model=0.31s total=0.55s 730.0 rows/s; time_left=176.1min
2026-09-26 22:51:12,404 INFO BATCH us 400 records: exact=0.23s ann=0.00s model=0.29s total=0.53s 757.8 rows/s; time_left=176.0min
2026-09-26 22:51:12,919 INFO BATCH us 400 records: exact=0.21s ann=0.00s model=0.29s total=0.51s 786.8 rows/s; time_left=176.0min
2026-09-26 22:51:13,459 INFO BATCH us 400 records: exact=0.24s ann=0.00s model=0.28s total=0.53s 750.9 rows/s; time_left=176.0min
2026-09-26 22:51:14,002 INFO BATCH us 400 records: exact=0.23s ann=0.00s model=0.29s total=0.54s 745.4 rows/s; time_left=176.0min
2026-09-26 22:51:14,554 INFO BATCH us 400 records: exact=0.23s ann=0.00s model=0.30s total=0.55s 730.5 rows/s; time_left=176.0min
2026-09-26 22:51:15,089 INFO BATCH us 400 records: exact=0.23s ann=0.00s model=0.29s total=0.53s 755.6 rows/s; time_left=176.0min
2026-09-26 22:51:15,641 INFO BATCH us 400 records: exact=0.24s ann=0.00s model=0.30s total=0.55s 733.2 rows/s; time_left=176.0min
2026-09-26 22:51:16,162 INFO BATCH us 400 records: exact=0.23s ann=0.00s model=0.28s total=0.51s 776.9 rows/s; time_left=176.0min
2026-09-26 22:51:16,691 INFO BATCH us 400 records: exact=0.24s ann=0.00s model=0.28s total=0.53s 761.5 rows/s; time_left=176.0min
2026-09-26 22:51:17,300 INFO BATCH us 400 records: exact=0.27s ann=0.00s model=0.32s total=0.60s 663.2 rows/s; time_left=176.0min
2026-09-26 22:51:17,915 INFO BATCH us 400 records: exact=0.28s ann=0.00s model=0.32s total=0.61s 656.7 rows/s; time_left=176.0min
2026-09-26 22:51:17,920 INFO PROGRESS 820386/1732544 enhanced_rows=627214 fallback_rows=0
2026-09-26 22:51:18,393 INFO BATCH us 400 records: exact=0.20s ann=0.00s model=0.27s total=0.47s 848.0 rows/s; time_left=176.0min
2026-09-26 22:51:18,902 INFO BATCH us 400 records: exact=0.20s ann=0.00s model=0.29s total=0.50s 794.7 rows/s; time_left=175.9min
2026-09-26 22:51:19,446 INFO BATCH us 400 records: exact=0.23s ann=0.00s model=0.30s total=0.54s 741.5 rows/s; time_left=175.9min
2026-09-26 22:51:19,979 INFO BATCH us 400 records: exact=0.22s ann=0.00s model=0.30s total=0.53s 755.3 rows/s; time_left=175.9min
2026-09-26 22:51:20,539 INFO BATCH us 400 records: exact=0.24s ann=0.00s model=0.30s total=0.55s 721.2 rows/s; time_left=175.9min
2026-09-26 22:51:21,101 INFO BATCH us 400 records: exact=0.24s ann=0.00s model=0.30s total=0.56s 716.9 rows/s; time_left=175.9min
2026-09-26 22:51:21,636 INFO BATCH us 400 records: exact=0.23s ann=0.00s model=0.29s total=0.53s 755.7 rows/s; time_left=175.9min
2026-09-26 22:51:22,210 INFO BATCH us 400 records: exact=0.26s ann=0.00s model=0.30s total=0.57s 702.1 rows/s; time_left=175.9min
2026-09-26 22:51:22,799 INFO BATCH us 400 records: exact=0.27s ann=0.00s model=0.31s total=0.58s 686.1 rows/s; time_left=175.9min
2026-09-26 22:51:23,317 INFO BATCH us 400 records: exact=0.23s ann=0.00s model=0.28s total=0.51s 780.9 rows/s; time_left=175.9min
2026-09-26 22:51:23,855 INFO BATCH us 400 records: exact=0.24s ann=0.00s model=0.29s total=0.53s 748.5 rows/s; time_left=175.9min
2026-09-26 22:51:24,479 INFO BATCH us 400 records: exact=0.26s ann=0.00s model=0.35s total=0.62s 644.3 rows/s; time_left=175.8min
2026-09-26 22:51:24,483 INFO PROGRESS 825186/1732544 enhanced_rows=631138 fallback_rows=0
2026-09-26 22:51:25,102 INFO BATCH us 400 records: exact=0.27s ann=0.00s model=0.33s total=0.62s 647.7 rows/s; time_left=175.8min
2026-09-26 22:51:25,714 INFO BATCH us 400 records: exact=0.29s ann=0.00s model=0.31s total=0.61s 659.0 rows/s; time_left=175.8min
2026-09-26 22:51:26,299 INFO BATCH us 400 records: exact=0.26s ann=0.00s model=0.31s total=0.58s 689.5 rows/s; time_left=175.8min
2026-09-26 22:51:26,835 INFO BATCH us 400 records: exact=0.23s ann=0.00s model=0.29s total=0.53s 752.9 rows/s; time_left=175.8min
2026-09-26 22:51:27,369 INFO BATCH us 400 records: exact=0.21s ann=0.00s model=0.31s total=0.53s 759.4 rows/s; time_left=175.8min
2026-09-26 22:51:27,947 INFO BATCH us 400 records: exact=0.26s ann=0.00s model=0.31s total=0.57s 698.0 rows/s; time_left=175.8min
2026-09-26 22:51:28,448 INFO BATCH us 400 records: exact=0.20s ann=0.00s model=0.29s total=0.49s 810.1 rows/s; time_left=175.8min
2026-09-26 22:51:29,005 INFO BATCH us 400 records: exact=0.24s ann=0.00s model=0.31s total=0.55s 726.2 rows/s; time_left=175.8min
2026-09-26 22:51:29,540 INFO BATCH us 400 records: exact=0.21s ann=0.00s model=0.31s total=0.53s 753.2 rows/s; time_left=175.8min
2026-09-26 22:51:30,092 INFO BATCH us 400 records: exact=0.24s ann=0.00s model=0.30s total=0.55s 731.0 rows/s; time_left=175.8min
2026-09-26 22:51:30,636 INFO BATCH us 400 records: exact=0.22s ann=0.00s model=0.30s total=0.54s 743.9 rows/s; time_left=175.7min
2026-09-26 22:51:31,207 INFO BATCH us 400 records: exact=0.25s ann=0.00s model=0.30s total=0.57s 707.6 rows/s; time_left=175.7min
2026-09-26 22:51:31,740 INFO BATCH us 400 records: exact=0.22s ann=0.00s model=0.30s total=0.53s 760.9 rows/s; time_left=175.7min
2026-09-26 22:51:31,746 INFO PROGRESS 830386/1732544 enhanced_rows=635362 fallback_rows=0
2026-09-26 22:51:32,297 INFO BATCH us 400 records: exact=0.22s ann=0.00s model=0.32s total=0.55s 727.1 rows/s; time_left=175.7min
2026-09-26 22:51:32,831 INFO BATCH us 400 records: exact=0.23s ann=0.00s model=0.29s total=0.53s 757.0 rows/s; time_left=175.7min
2026-09-26 22:51:33,342 INFO BATCH us 400 records: exact=0.21s ann=0.00s model=0.29s total=0.51s 791.9 rows/s; time_left=175.7min
2026-09-26 22:51:33,851 INFO BATCH us 400 records: exact=0.21s ann=0.00s model=0.28s total=0.50s 796.6 rows/s; time_left=175.7min
2026-09-26 22:51:34,354 INFO BATCH us 400 records: exact=0.19s ann=0.00s model=0.30s total=0.50s 804.0 rows/s; time_left=175.7min
2026-09-26 22:51:34,899 INFO BATCH us 400 records: exact=0.23s ann=0.00s model=0.30s total=0.54s 741.8 rows/s; time_left=175.7min
2026-09-26 22:51:35,433 INFO BATCH us 400 records: exact=0.23s ann=0.00s model=0.29s total=0.53s 754.5 rows/s; time_left=175.7min
2026-09-26 22:51:35,949 INFO BATCH us 400 records: exact=0.19s ann=0.00s model=0.31s total=0.51s 784.2 rows/s; time_left=175.7min
2026-09-26 22:51:36,513 INFO BATCH us 400 records: exact=0.23s ann=0.00s model=0.32s total=0.56s 714.7 rows/s; time_left=175.6min
2026-09-26 22:51:37,096 INFO BATCH us 400 records: exact=0.26s ann=0.00s model=0.31s total=0.58s 690.9 rows/s; time_left=175.6min
2026-09-26 22:51:37,727 INFO BATCH us 400 records: exact=0.29s ann=0.00s model=0.32s total=0.62s 641.9 rows/s; time_left=175.6min
2026-09-26 22:51:38,253 INFO BATCH us 400 records: exact=0.23s ann=0.00s model=0.29s total=0.52s 767.3 rows/s; time_left=175.6min
2026-09-26 22:51:38,257 INFO PROGRESS 835186/1732544 enhanced_rows=639256 fallback_rows=0
2026-09-26 22:51:38,779 INFO BATCH us 400 records: exact=0.21s ann=0.00s model=0.30s total=0.52s 767.5 rows/s; time_left=175.6min
2026-09-26 22:51:39,309 INFO BATCH us 400 records: exact=0.22s ann=0.00s model=0.29s total=0.52s 764.5 rows/s; time_left=175.6min
2026-09-26 22:51:39,835 INFO BATCH us 400 records: exact=0.22s ann=0.00s model=0.29s total=0.52s 770.7 rows/s; time_left=175.6min
2026-09-26 22:51:40,342 INFO BATCH us 400 records: exact=0.21s ann=0.00s model=0.28s total=0.50s 800.2 rows/s; time_left=175.6min
2026-09-26 22:51:40,921 INFO BATCH us 400 records: exact=0.22s ann=0.00s model=0.34s total=0.57s 696.4 rows/s; time_left=175.6min
2026-09-26 22:51:41,487 INFO BATCH us 400 records: exact=0.27s ann=0.00s model=0.28s total=0.56s 713.8 rows/s; time_left=175.6min
2026-09-26 22:51:42,107 INFO BATCH us 400 records: exact=0.27s ann=0.00s model=0.33s total=0.61s 652.9 rows/s; time_left=175.6min
2026-09-26 22:51:42,638 INFO BATCH us 400 records: exact=0.23s ann=0.00s model=0.28s total=0.52s 763.0 rows/s; time_left=175.5min
2026-09-26 22:51:43,141 INFO BATCH us 400 records: exact=0.20s ann=0.00s model=0.29s total=0.50s 804.4 rows/s; time_left=175.5min
2026-09-26 22:51:43,740 INFO BATCH us 400 records: exact=0.27s ann=0.00s model=0.32s total=0.59s 673.9 rows/s; time_left=175.5min
2026-09-26 22:51:44,297 INFO BATCH us 400 records: exact=0.25s ann=0.00s model=0.29s total=0.55s 725.2 rows/s; time_left=175.5min
2026-09-26 22:51:44,801 INFO BATCH us 400 records: exact=0.19s ann=0.00s model=0.30s total=0.50s 803.7 rows/s; time_left=175.5min
2026-09-26 22:51:45,305 INFO BATCH us 400 records: exact=0.20s ann=0.00s model=0.29s total=0.50s 801.7 rows/s; time_left=175.5min
2026-09-26 22:51:45,312 INFO PROGRESS 840386/1732544 enhanced_rows=643541 fallback_rows=0
2026-09-26 22:51:45,850 INFO BATCH us 400 records: exact=0.21s ann=0.00s model=0.31s total=0.54s 744.1 rows/s; time_left=175.5min
2026-09-26 22:51:46,386 INFO BATCH us 400 records: exact=0.23s ann=0.00s model=0.29s total=0.53s 753.7 rows/s; time_left=175.5min
2026-09-26 22:51:46,853 INFO BATCH us 400 records: exact=0.17s ann=0.00s model=0.28s total=0.46s 866.5 rows/s; time_left=175.5min
2026-09-26 22:51:47,402 INFO BATCH us 400 records: exact=0.23s ann=0.00s model=0.30s total=0.54s 737.5 rows/s; time_left=175.5min
2026-09-26 22:51:47,958 INFO BATCH us 400 records: exact=0.20s ann=0.00s model=0.34s total=0.55s 725.9 rows/s; time_left=175.5min
2026-09-26 22:51:48,532 INFO BATCH us 400 records: exact=0.25s ann=0.00s model=0.31s total=0.57s 702.5 rows/s; time_left=175.4min
2026-09-26 22:51:49,175 INFO BATCH us 400 records: exact=0.31s ann=0.00s model=0.32s total=0.64s 626.2 rows/s; time_left=175.4min
2026-09-26 22:51:49,777 INFO BATCH us 400 records: exact=0.29s ann=0.00s model=0.30s total=0.59s 672.6 rows/s; time_left=175.4min
2026-09-26 22:51:50,394 INFO BATCH us 400 records: exact=0.25s ann=0.00s model=0.35s total=0.61s 654.5 rows/s; time_left=175.4min
2026-09-26 22:51:50,929 INFO BATCH us 400 records: exact=0.22s ann=0.00s model=0.30s total=0.53s 756.9 rows/s; time_left=175.4min
2026-09-26 22:51:51,442 INFO BATCH us 400 records: exact=0.20s ann=0.00s model=0.30s total=0.51s 787.9 rows/s; time_left=175.4min
2026-09-26 22:51:51,975 INFO BATCH us 400 records: exact=0.24s ann=0.00s model=0.28s total=0.53s 759.8 rows/s; time_left=175.4min
2026-09-26 22:51:51,981 INFO PROGRESS 845186/1732544 enhanced_rows=647457 fallback_rows=0
2026-09-26 22:51:52,522 INFO BATCH us 400 records: exact=0.22s ann=0.00s model=0.31s total=0.54s 739.7 rows/s; time_left=175.4min
2026-09-26 22:51:53,059 INFO BATCH us 400 records: exact=0.22s ann=0.00s model=0.30s total=0.53s 755.4 rows/s; time_left=175.4min
2026-09-26 22:51:53,553 INFO BATCH us 400 records: exact=0.19s ann=0.00s model=0.29s total=0.49s 815.6 rows/s; time_left=175.4min
2026-09-26 22:51:54,075 INFO BATCH us 400 records: exact=0.22s ann=0.00s model=0.29s total=0.52s 775.8 rows/s; time_left=175.4min
2026-09-26 22:51:54,600 INFO BATCH us 400 records: exact=0.22s ann=0.00s model=0.29s total=0.52s 769.8 rows/s; time_left=175.3min
2026-09-26 22:51:55,186 INFO BATCH us 400 records: exact=0.24s ann=0.00s model=0.33s total=0.58s 690.9 rows/s; time_left=175.3min
2026-09-26 22:51:55,714 INFO BATCH us 400 records: exact=0.22s ann=0.00s model=0.29s total=0.52s 769.0 rows/s; time_left=175.3min
2026-09-26 22:51:56,235 INFO BATCH us 400 records: exact=0.19s ann=0.00s model=0.31s total=0.51s 777.4 rows/s; time_left=175.3min
2026-09-26 22:51:56,771 INFO BATCH us 400 records: exact=0.23s ann=0.00s model=0.29s total=0.53s 755.2 rows/s; time_left=175.3min
2026-09-26 22:51:57,280 INFO BATCH us 400 records: exact=0.18s ann=0.00s model=0.31s total=0.50s 794.9 rows/s; time_left=175.3min
2026-09-26 22:51:57,819 INFO BATCH us 400 records: exact=0.21s ann=0.00s model=0.30s total=0.53s 756.0 rows/s; time_left=175.3min
2026-09-26 22:51:58,320 INFO BATCH us 400 records: exact=0.22s ann=0.00s model=0.26s total=0.49s 809.2 rows/s; time_left=175.3min
2026-09-26 22:51:58,861 INFO BATCH us 400 records: exact=0.22s ann=0.00s model=0.30s total=0.53s 748.8 rows/s; time_left=175.3min
2026-09-26 22:51:58,867 INFO PROGRESS 850386/1732544 enhanced_rows=651667 fallback_rows=0
2026-09-26 22:51:59,346 INFO BATCH us 400 records: exact=0.18s ann=0.00s model=0.29s total=0.48s 835.4 rows/s; time_left=175.3min
2026-09-26 22:51:59,829 INFO BATCH us 400 records: exact=0.19s ann=0.00s model=0.28s total=0.48s 836.7 rows/s; time_left=175.3min
2026-09-26 22:52:00,334 INFO BATCH us 400 records: exact=0.19s ann=0.00s model=0.30s total=0.50s 801.5 rows/s; time_left=175.3min
2026-09-26 22:52:00,798 INFO BATCH us 400 records: exact=0.15s ann=0.00s model=0.30s total=0.46s 873.9 rows/s; time_left=175.2min
2026-09-26 22:52:01,352 INFO BATCH us 400 records: exact=0.23s ann=0.00s model=0.31s total=0.55s 729.2 rows/s; time_left=175.2min
2026-09-26 22:52:01,872 INFO BATCH us 400 records: exact=0.22s ann=0.00s model=0.29s total=0.51s 777.3 rows/s; time_left=175.2min
2026-09-26 22:52:02,382 INFO BATCH us 400 records: exact=0.19s ann=0.00s model=0.30s total=0.50s 793.3 rows/s; time_left=175.2min
2026-09-26 22:52:02,943 INFO BATCH us 400 records: exact=0.22s ann=0.00s model=0.32s total=0.55s 721.6 rows/s; time_left=175.2min
2026-09-26 22:52:03,466 INFO BATCH us 400 records: exact=0.20s ann=0.00s model=0.30s total=0.52s 772.3 rows/s; time_left=175.2min
2026-09-26 22:52:04,085 INFO BATCH us 400 records: exact=0.28s ann=0.00s model=0.32s total=0.61s 652.5 rows/s; time_left=175.2min
2026-09-26 22:52:04,592 INFO BATCH us 400 records: exact=0.18s ann=0.00s model=0.31s total=0.50s 796.2 rows/s; time_left=175.2min
2026-09-26 22:52:05,099 INFO BATCH us 400 records: exact=0.21s ann=0.00s model=0.28s total=0.50s 798.8 rows/s; time_left=175.2min
2026-09-26 22:52:05,102 INFO PROGRESS 855186/1732544 enhanced_rows=655590 fallback_rows=0
2026-09-26 22:52:05,670 INFO BATCH us 400 records: exact=0.25s ann=0.00s model=0.31s total=0.57s 704.9 rows/s; time_left=175.2min
2026-09-26 22:52:06,269 INFO BATCH us 400 records: exact=0.22s ann=0.00s model=0.36s total=0.59s 676.0 rows/s; time_left=175.2min
2026-09-26 22:52:06,845 INFO BATCH us 400 records: exact=0.27s ann=0.00s model=0.29s total=0.57s 700.4 rows/s; time_left=175.1min
2026-09-26 22:52:07,384 INFO BATCH us 400 records: exact=0.21s ann=0.00s model=0.31s total=0.53s 750.4 rows/s; time_left=175.1min
2026-09-26 22:52:07,934 INFO BATCH us 400 records: exact=0.23s ann=0.00s model=0.30s total=0.54s 737.2 rows/s; time_left=175.1min
2026-09-26 22:52:08,421 INFO BATCH us 400 records: exact=0.18s ann=0.00s model=0.30s total=0.48s 830.6 rows/s; time_left=175.1min
2026-09-26 22:52:08,964 INFO BATCH us 400 records: exact=0.22s ann=0.00s model=0.31s total=0.54s 743.5 rows/s; time_left=175.1min
2026-09-26 22:52:09,523 INFO BATCH us 400 records: exact=0.22s ann=0.00s model=0.32s total=0.55s 721.0 rows/s; time_left=175.1min
2026-09-26 22:52:10,139 INFO BATCH us 400 records: exact=0.25s ann=0.00s model=0.35s total=0.61s 657.2 rows/s; time_left=175.1min
2026-09-26 22:52:10,701 INFO BATCH us 400 records: exact=0.23s ann=0.00s model=0.31s total=0.55s 725.0 rows/s; time_left=175.1min
2026-09-26 22:52:11,302 INFO BATCH us 400 records: exact=0.27s ann=0.00s model=0.31s total=0.59s 673.7 rows/s; time_left=175.1min
2026-09-26 22:52:11,877 INFO BATCH us 400 records: exact=0.26s ann=0.00s model=0.30s total=0.57s 703.6 rows/s; time_left=175.1min
2026-09-26 22:52:12,748 INFO BATCH us 400 records: exact=0.20s ann=0.00s model=0.64s total=0.86s 463.4 rows/s; time_left=175.0min
2026-09-26 22:52:12,756 INFO PROGRESS 860386/1732544 enhanced_rows=659771 fallback_rows=0
2026-09-26 22:52:14,051 INFO BATCH us 400 records: exact=0.50s ann=0.00s model=0.77s total=1.29s 309.1 rows/s; time_left=175.0min
2026-09-26 22:52:15,348 INFO BATCH us 400 records: exact=0.53s ann=0.00s model=0.74s total=1.29s 310.4 rows/s; time_left=175.0min
2026-09-26 22:52:16,736 INFO BATCH us 400 records: exact=0.56s ann=0.00s model=0.78s total=1.37s 291.5 rows/s; time_left=175.0min
2026-09-26 22:52:17,934 INFO BATCH us 400 records: exact=0.40s ann=0.00s model=0.77s total=1.18s 338.2 rows/s; time_left=175.0min
2026-09-26 22:52:19,083 INFO BATCH us 400 records: exact=0.39s ann=0.00s model=0.72s total=1.14s 350.7 rows/s; time_left=174.9min
2026-09-26 22:52:20,393 INFO BATCH us 400 records: exact=0.49s ann=0.00s model=0.78s total=1.30s 307.9 rows/s; time_left=174.9min
2026-09-26 22:52:21,579 INFO BATCH us 400 records: exact=0.48s ann=0.00s model=0.68s total=1.18s 339.2 rows/s; time_left=174.9min
2026-09-26 22:52:22,810 INFO BATCH us 400 records: exact=0.47s ann=0.00s model=0.72s total=1.22s 329.1 rows/s; time_left=174.9min
2026-09-26 22:52:24,046 INFO BATCH us 400 records: exact=0.44s ann=0.00s model=0.75s total=1.22s 327.8 rows/s; time_left=174.9min
2026-09-26 22:52:25,268 INFO BATCH us 400 records: exact=0.48s ann=0.00s model=0.71s total=1.21s 330.0 rows/s; time_left=174.8min
2026-09-26 22:52:26,471 INFO BATCH us 400 records: exact=0.48s ann=0.00s model=0.69s total=1.19s 335.2 rows/s; time_left=174.8min
2026-09-26 22:52:27,741 INFO BATCH us 400 records: exact=0.42s ann=0.00s model=0.80s total=1.26s 316.8 rows/s; time_left=174.8min
2026-09-26 22:52:27,749 INFO PROGRESS 865186/1732544 enhanced_rows=663670 fallback_rows=0
2026-09-26 22:52:28,970 INFO BATCH us 400 records: exact=0.44s ann=0.00s model=0.75s total=1.22s 327.9 rows/s; time_left=174.8min
2026-09-26 22:52:30,202 INFO BATCH us 400 records: exact=0.47s ann=0.00s model=0.72s total=1.22s 329.0 rows/s; time_left=174.8min
2026-09-26 22:52:31,168 INFO BATCH us 400 records: exact=0.54s ann=0.00s model=0.40s total=0.95s 422.3 rows/s; time_left=174.7min
2026-09-26 22:52:31,671 INFO BATCH us 400 records: exact=0.18s ann=0.00s model=0.30s total=0.49s 816.9 rows/s; time_left=174.7min
2026-09-26 22:52:32,167 INFO BATCH us 400 records: exact=0.19s ann=0.00s model=0.29s total=0.49s 813.7 rows/s; time_left=174.7min
2026-09-26 22:52:32,699 INFO BATCH us 400 records: exact=0.22s ann=0.00s model=0.29s total=0.52s 770.3 rows/s; time_left=174.7min
2026-09-26 22:52:33,202 INFO BATCH us 400 records: exact=0.19s ann=0.00s model=0.29s total=0.49s 817.5 rows/s; time_left=174.7min
2026-09-26 22:52:33,738 INFO BATCH us 400 records: exact=0.22s ann=0.00s model=0.31s total=0.53s 750.6 rows/s; time_left=174.7min
2026-09-26 22:52:34,259 INFO BATCH us 400 records: exact=0.21s ann=0.00s model=0.29s total=0.51s 787.6 rows/s; time_left=174.7min
2026-09-26 22:52:34,760 INFO BATCH us 400 records: exact=0.18s ann=0.00s model=0.31s total=0.49s 808.2 rows/s; time_left=174.7min
2026-09-26 22:52:35,301 INFO BATCH us 400 records: exact=0.21s ann=0.00s model=0.30s total=0.53s 760.3 rows/s; time_left=174.7min
2026-09-26 22:52:35,811 INFO BATCH us 400 records: exact=0.19s ann=0.00s model=0.30s total=0.51s 790.5 rows/s; time_left=174.7min
2026-09-26 22:52:36,369 INFO BATCH us 400 records: exact=0.24s ann=0.00s model=0.30s total=0.54s 735.8 rows/s; time_left=174.7min
2026-09-26 22:52:36,373 INFO PROGRESS 870386/1732544 enhanced_rows=667865 fallback_rows=0
2026-09-26 22:52:36,851 INFO BATCH us 400 records: exact=0.16s ann=0.00s model=0.30s total=0.48s 838.6 rows/s; time_left=174.6min
2026-09-26 22:52:37,379 INFO BATCH us 400 records: exact=0.20s ann=0.00s model=0.31s total=0.52s 765.6 rows/s; time_left=174.6min
2026-09-26 22:52:37,827 INFO BATCH us 400 records: exact=0.15s ann=0.00s model=0.28s total=0.44s 903.1 rows/s; time_left=174.6min
2026-09-26 22:52:38,334 INFO BATCH us 400 records: exact=0.20s ann=0.00s model=0.29s total=0.50s 797.4 rows/s; time_left=174.6min
2026-09-26 22:52:38,853 INFO BATCH us 400 records: exact=0.18s ann=0.00s model=0.32s total=0.51s 780.2 rows/s; time_left=174.6min
2026-09-26 22:52:39,351 INFO BATCH us 400 records: exact=0.19s ann=0.00s model=0.30s total=0.49s 812.1 rows/s; time_left=174.6min
2026-09-26 22:52:39,850 INFO BATCH us 400 records: exact=0.18s ann=0.00s model=0.30s total=0.49s 810.1 rows/s; time_left=174.6min
2026-09-26 22:52:40,358 INFO BATCH us 400 records: exact=0.20s ann=0.00s model=0.29s total=0.50s 793.7 rows/s; time_left=174.6min
2026-09-26 22:52:40,863 INFO BATCH us 400 records: exact=0.18s ann=0.00s model=0.31s total=0.50s 801.0 rows/s; time_left=174.6min
2026-09-26 22:52:41,367 INFO BATCH us 400 records: exact=0.19s ann=0.00s model=0.30s total=0.50s 801.4 rows/s; time_left=174.6min
2026-09-26 22:52:41,916 INFO BATCH us 400 records: exact=0.22s ann=0.00s model=0.32s total=0.55s 733.4 rows/s; time_left=174.6min
2026-09-26 22:52:42,398 INFO BATCH us 400 records: exact=0.18s ann=0.00s model=0.29s total=0.48s 840.8 rows/s; time_left=174.5min
2026-09-26 22:52:42,402 INFO PROGRESS 875186/1732544 enhanced_rows=671789 fallback_rows=0
2026-09-26 22:52:42,912 INFO BATCH us 400 records: exact=0.19s ann=0.00s model=0.31s total=0.51s 784.6 rows/s; time_left=174.5min
2026-09-26 22:52:43,404 INFO BATCH us 400 records: exact=0.19s ann=0.00s model=0.28s total=0.48s 825.3 rows/s; time_left=174.5min
2026-09-26 22:52:43,894 INFO BATCH us 400 records: exact=0.18s ann=0.00s model=0.30s total=0.49s 823.1 rows/s; time_left=174.5min
2026-09-26 22:52:44,413 INFO BATCH us 400 records: exact=0.19s ann=0.00s model=0.31s total=0.51s 780.4 rows/s; time_left=174.5min
2026-09-26 22:52:44,894 INFO BATCH us 400 records: exact=0.17s ann=0.00s model=0.30s total=0.47s 842.5 rows/s; time_left=174.5min
2026-09-26 22:52:45,400 INFO BATCH us 400 records: exact=0.18s ann=0.00s model=0.31s total=0.50s 800.6 rows/s; time_left=174.5min
2026-09-26 22:52:45,877 INFO BATCH us 400 records: exact=0.17s ann=0.00s model=0.29s total=0.47s 844.7 rows/s; time_left=174.5min
2026-09-26 22:52:46,336 INFO BATCH us 400 records: exact=0.16s ann=0.00s model=0.28s total=0.45s 886.6 rows/s; time_left=174.5min
2026-09-26 22:52:46,829 INFO BATCH us 400 records: exact=0.20s ann=0.00s model=0.28s total=0.49s 817.1 rows/s; time_left=174.5min
2026-09-26 22:52:47,386 INFO BATCH us 400 records: exact=0.21s ann=0.00s model=0.33s total=0.55s 723.0 rows/s; time_left=174.5min
2026-09-26 22:52:47,907 INFO BATCH us 400 records: exact=0.20s ann=0.00s model=0.31s total=0.52s 772.1 rows/s; time_left=174.5min
2026-09-26 22:52:48,453 INFO BATCH us 400 records: exact=0.21s ann=0.00s model=0.32s total=0.54s 741.5 rows/s; time_left=174.4min
2026-09-26 22:52:48,958 INFO BATCH us 400 records: exact=0.18s ann=0.00s model=0.31s total=0.50s 802.2 rows/s; time_left=174.4min
2026-09-26 22:52:48,963 INFO PROGRESS 880386/1732544 enhanced_rows=676031 fallback_rows=0
2026-09-26 22:52:49,455 INFO BATCH us 400 records: exact=0.19s ann=0.00s model=0.30s total=0.49s 815.3 rows/s; time_left=174.4min
2026-09-26 22:52:49,968 INFO BATCH us 400 records: exact=0.19s ann=0.00s model=0.31s total=0.51s 791.2 rows/s; time_left=174.4min
2026-09-26 22:52:50,447 INFO BATCH us 400 records: exact=0.18s ann=0.00s model=0.29s total=0.47s 844.5 rows/s; time_left=174.4min
2026-09-26 22:52:50,952 INFO BATCH us 400 records: exact=0.20s ann=0.00s model=0.29s total=0.50s 804.1 rows/s; time_left=174.4min
2026-09-26 22:52:51,461 INFO BATCH us 400 records: exact=0.19s ann=0.00s model=0.30s total=0.50s 793.6 rows/s; time_left=174.4min
2026-09-26 22:52:51,969 INFO BATCH us 400 records: exact=0.20s ann=0.00s model=0.29s total=0.50s 798.2 rows/s; time_left=174.4min
2026-09-26 22:52:52,403 INFO BATCH us 400 records: exact=0.14s ann=0.00s model=0.28s total=0.43s 932.1 rows/s; time_left=174.4min
2026-09-26 22:52:52,885 INFO BATCH us 400 records: exact=0.18s ann=0.00s model=0.29s total=0.48s 837.7 rows/s; time_left=174.4min
2026-09-26 22:52:53,395 INFO BATCH us 400 records: exact=0.19s ann=0.00s model=0.30s total=0.50s 792.8 rows/s; time_left=174.4min
2026-09-26 22:52:53,913 INFO BATCH us 400 records: exact=0.20s ann=0.00s model=0.30s total=0.51s 782.0 rows/s; time_left=174.4min
2026-09-26 22:52:54,442 INFO BATCH us 400 records: exact=0.20s ann=0.00s model=0.31s total=0.52s 763.3 rows/s; time_left=174.3min
2026-09-26 22:52:54,934 INFO BATCH us 400 records: exact=0.18s ann=0.00s model=0.29s total=0.49s 822.8 rows/s; time_left=174.3min
2026-09-26 22:52:54,938 INFO PROGRESS 885186/1732544 enhanced_rows=679921 fallback_rows=0
2026-09-26 22:52:55,411 INFO BATCH us 400 records: exact=0.18s ann=0.00s model=0.28s total=0.47s 846.3 rows/s; time_left=174.3min
2026-09-26 22:52:55,832 INFO BATCH us 400 records: exact=0.13s ann=0.00s model=0.28s total=0.42s 963.0 rows/s; time_left=174.3min
2026-09-26 22:52:56,262 INFO BATCH us 400 records: exact=0.15s ann=0.00s model=0.27s total=0.42s 945.5 rows/s; time_left=174.3min
2026-09-26 22:52:56,734 INFO BATCH us 400 records: exact=0.16s ann=0.00s model=0.29s total=0.47s 859.6 rows/s; time_left=174.3min
2026-09-26 22:52:57,210 INFO BATCH us 400 records: exact=0.17s ann=0.00s model=0.29s total=0.47s 851.7 rows/s; time_left=174.3min
2026-09-26 22:52:57,724 INFO BATCH us 400 records: exact=0.19s ann=0.00s model=0.30s total=0.51s 787.8 rows/s; time_left=174.3min
2026-09-26 22:52:58,218 INFO BATCH us 400 records: exact=0.20s ann=0.00s model=0.28s total=0.49s 815.6 rows/s; time_left=174.3min
2026-09-26 22:52:58,690 INFO BATCH us 400 records: exact=0.17s ann=0.00s model=0.29s total=0.47s 859.6 rows/s; time_left=174.3min
2026-09-26 22:52:59,178 INFO BATCH us 400 records: exact=0.17s ann=0.00s model=0.30s total=0.48s 831.3 rows/s; time_left=174.3min
2026-09-26 22:52:59,649 INFO BATCH us 400 records: exact=0.17s ann=0.00s model=0.29s total=0.47s 857.5 rows/s; time_left=174.3min
2026-09-26 22:53:00,140 INFO BATCH us 400 records: exact=0.16s ann=0.00s model=0.31s total=0.49s 823.3 rows/s; time_left=174.3min
2026-09-26 22:53:00,662 INFO BATCH us 400 records: exact=0.19s ann=0.00s model=0.31s total=0.52s 774.4 rows/s; time_left=174.2min
2026-09-26 22:53:01,153 INFO BATCH us 400 records: exact=0.17s ann=0.00s model=0.30s total=0.48s 825.1 rows/s; time_left=174.2min
2026-09-26 22:53:01,160 INFO PROGRESS 890386/1732544 enhanced_rows=684129 fallback_rows=0
2026-09-26 22:53:01,668 INFO BATCH us 400 records: exact=0.20s ann=0.00s model=0.30s total=0.51s 788.3 rows/s; time_left=174.2min
2026-09-26 22:53:02,156 INFO BATCH us 400 records: exact=0.17s ann=0.00s model=0.30s total=0.48s 831.6 rows/s; time_left=174.2min
2026-09-26 22:53:02,626 INFO BATCH us 400 records: exact=0.16s ann=0.00s model=0.30s total=0.46s 863.3 rows/s; time_left=174.2min
2026-09-26 22:53:03,076 INFO BATCH us 400 records: exact=0.16s ann=0.00s model=0.28s total=0.44s 901.6 rows/s; time_left=174.2min
2026-09-26 22:53:03,563 INFO BATCH us 400 records: exact=0.18s ann=0.00s model=0.29s total=0.48s 830.4 rows/s; time_left=174.2min
2026-09-26 22:53:04,050 INFO BATCH us 400 records: exact=0.17s ann=0.00s model=0.30s total=0.48s 832.5 rows/s; time_left=174.2min
2026-09-26 22:53:04,604 INFO BATCH us 400 records: exact=0.22s ann=0.00s model=0.31s total=0.55s 729.9 rows/s; time_left=174.2min
2026-09-26 22:53:05,053 INFO BATCH us 400 records: exact=0.16s ann=0.00s model=0.28s total=0.44s 899.9 rows/s; time_left=174.2min
2026-09-26 22:53:05,541 INFO BATCH us 400 records: exact=0.17s ann=0.00s model=0.30s total=0.48s 828.8 rows/s; time_left=174.2min
2026-09-26 22:53:06,003 INFO BATCH us 400 records: exact=0.16s ann=0.00s model=0.29s total=0.46s 876.9 rows/s; time_left=174.2min
2026-09-26 22:53:06,495 INFO BATCH us 400 records: exact=0.19s ann=0.00s model=0.28s total=0.49s 821.0 rows/s; time_left=174.1min
2026-09-26 22:53:07,003 INFO BATCH us 400 records: exact=0.18s ann=0.00s model=0.31s total=0.50s 798.0 rows/s; time_left=174.1min
2026-09-26 22:53:07,008 INFO PROGRESS 895186/1732544 enhanced_rows=688034 fallback_rows=0
2026-09-26 22:53:07,477 INFO BATCH us 400 records: exact=0.16s ann=0.00s model=0.30s total=0.47s 855.6 rows/s; time_left=174.1min
2026-09-26 22:53:07,942 INFO BATCH us 400 records: exact=0.15s ann=0.00s model=0.30s total=0.46s 871.9 rows/s; time_left=174.1min
2026-09-26 22:53:08,442 INFO BATCH us 400 records: exact=0.17s ann=0.00s model=0.31s total=0.49s 808.2 rows/s; time_left=174.1min
2026-09-26 22:53:08,939 INFO BATCH us 400 records: exact=0.18s ann=0.00s model=0.30s total=0.49s 815.2 rows/s; time_left=174.1min
2026-09-26 22:53:09,429 INFO BATCH us 400 records: exact=0.18s ann=0.00s model=0.30s total=0.48s 825.3 rows/s; time_left=174.1min
2026-09-26 22:53:09,935 INFO BATCH us 400 records: exact=0.18s ann=0.00s model=0.31s total=0.50s 798.0 rows/s; time_left=174.1min
2026-09-26 22:53:10,432 INFO BATCH us 400 records: exact=0.18s ann=0.00s model=0.30s total=0.49s 811.3 rows/s; time_left=174.1min
2026-09-26 22:53:10,869 INFO BATCH us 400 records: exact=0.15s ann=0.00s model=0.27s total=0.43s 930.1 rows/s; time_left=174.1min
2026-09-26 22:53:11,351 INFO BATCH us 400 records: exact=0.18s ann=0.00s model=0.29s total=0.48s 841.4 rows/s; time_left=174.1min
2026-09-26 22:53:11,799 INFO BATCH us 400 records: exact=0.16s ann=0.00s model=0.28s total=0.45s 897.6 rows/s; time_left=174.1min
2026-09-26 22:53:12,255 INFO BATCH us 400 records: exact=0.16s ann=0.00s model=0.29s total=0.45s 884.4 rows/s; time_left=174.1min
2026-09-26 22:53:12,705 INFO BATCH us 400 records: exact=0.13s ann=0.00s model=0.30s total=0.44s 901.9 rows/s; time_left=174.0min
2026-09-26 22:53:13,175 INFO BATCH us 400 records: exact=0.16s ann=0.00s model=0.30s total=0.47s 856.1 rows/s; time_left=174.0min
2026-09-26 22:53:13,181 INFO PROGRESS 900386/1732544 enhanced_rows=692259 fallback_rows=0
2026-09-26 22:53:13,654 INFO BATCH us 400 records: exact=0.17s ann=0.00s model=0.29s total=0.47s 847.3 rows/s; time_left=174.0min
2026-09-26 22:53:14,144 INFO BATCH us 400 records: exact=0.17s ann=0.00s model=0.31s total=0.48s 826.2 rows/s; time_left=174.0min
2026-09-26 22:53:14,633 INFO BATCH us 400 records: exact=0.17s ann=0.00s model=0.31s total=0.49s 823.9 rows/s; time_left=174.0min
2026-09-26 22:53:15,097 INFO BATCH us 400 records: exact=0.17s ann=0.00s model=0.28s total=0.46s 873.3 rows/s; time_left=174.0min
2026-09-26 22:53:15,541 INFO BATCH us 400 records: exact=0.14s ann=0.00s model=0.29s total=0.44s 915.9 rows/s; time_left=174.0min
2026-09-26 22:53:16,043 INFO BATCH us 400 records: exact=0.17s ann=0.00s model=0.32s total=0.50s 803.7 rows/s; time_left=174.0min
2026-09-26 22:53:16,562 INFO BATCH us 400 records: exact=0.18s ann=0.00s model=0.32s total=0.51s 780.8 rows/s; time_left=174.0min
2026-09-26 22:53:17,072 INFO BATCH us 400 records: exact=0.20s ann=0.00s model=0.30s total=0.51s 789.8 rows/s; time_left=174.0min
2026-09-26 22:53:17,507 INFO BATCH us 400 records: exact=0.14s ann=0.00s model=0.28s total=0.43s 932.7 rows/s; time_left=174.0min
2026-09-26 22:53:17,982 INFO BATCH us 400 records: exact=0.17s ann=0.00s model=0.29s total=0.47s 853.1 rows/s; time_left=174.0min
2026-09-26 22:53:18,568 INFO BATCH us 400 records: exact=0.17s ann=0.00s model=0.40s total=0.58s 688.5 rows/s; time_left=173.9min
2026-09-26 22:53:19,070 INFO BATCH us 400 records: exact=0.18s ann=0.00s model=0.30s total=0.50s 807.3 rows/s; time_left=173.9min
2026-09-26 22:53:19,075 INFO PROGRESS 905186/1732544 enhanced_rows=696196 fallback_rows=0
2026-09-26 22:53:19,557 INFO BATCH us 400 records: exact=0.17s ann=0.00s model=0.30s total=0.48s 829.9 rows/s; time_left=173.9min
2026-09-26 22:53:20,014 INFO BATCH us 400 records: exact=0.16s ann=0.00s model=0.28s total=0.45s 885.1 rows/s; time_left=173.9min
2026-09-26 22:53:20,481 INFO BATCH us 400 records: exact=0.16s ann=0.00s model=0.29s total=0.46s 867.1 rows/s; time_left=173.9min
2026-09-26 22:53:20,988 INFO BATCH us 400 records: exact=0.19s ann=0.00s model=0.30s total=0.50s 798.9 rows/s; time_left=173.9min
2026-09-26 22:53:21,483 INFO BATCH us 400 records: exact=0.19s ann=0.00s model=0.29s total=0.49s 815.4 rows/s; time_left=173.9min
2026-09-26 22:53:21,976 INFO BATCH us 400 records: exact=0.18s ann=0.00s model=0.30s total=0.49s 821.2 rows/s; time_left=173.9min
2026-09-26 22:53:22,473 INFO BATCH us 400 records: exact=0.18s ann=0.00s model=0.30s total=0.49s 811.9 rows/s; time_left=173.9min
2026-09-26 22:53:22,956 INFO BATCH us 400 records: exact=0.17s ann=0.00s model=0.30s total=0.48s 836.2 rows/s; time_left=173.9min
2026-09-26 22:53:23,451 INFO BATCH us 400 records: exact=0.18s ann=0.00s model=0.30s total=0.49s 818.5 rows/s; time_left=173.9min
2026-09-26 22:53:23,903 INFO BATCH us 400 records: exact=0.15s ann=0.00s model=0.28s total=0.45s 896.4 rows/s; time_left=173.9min
2026-09-26 22:53:24,422 INFO BATCH us 400 records: exact=0.18s ann=0.00s model=0.32s total=0.51s 781.4 rows/s; time_left=173.8min
2026-09-26 22:53:24,993 INFO BATCH us 400 records: exact=0.23s ann=0.00s model=0.32s total=0.56s 708.3 rows/s; time_left=173.8min
2026-09-26 22:53:25,503 INFO BATCH us 400 records: exact=0.19s ann=0.00s model=0.31s total=0.51s 791.6 rows/s; time_left=173.8min
2026-09-26 22:53:25,508 INFO PROGRESS 910386/1732544 enhanced_rows=700427 fallback_rows=0
2026-09-26 22:53:25,986 INFO BATCH us 400 records: exact=0.17s ann=0.00s model=0.29s total=0.48s 838.8 rows/s; time_left=173.8min
2026-09-26 22:53:26,501 INFO BATCH us 400 records: exact=0.19s ann=0.00s model=0.31s total=0.51s 785.1 rows/s; time_left=173.8min
2026-09-26 22:53:26,987 INFO BATCH us 400 records: exact=0.17s ann=0.00s model=0.30s total=0.48s 832.0 rows/s; time_left=173.8min
2026-09-26 22:53:27,512 INFO BATCH us 400 records: exact=0.19s ann=0.00s model=0.31s total=0.52s 770.2 rows/s; time_left=173.8min
2026-09-26 22:53:28,005 INFO BATCH us 400 records: exact=0.17s ann=0.00s model=0.31s total=0.49s 821.7 rows/s; time_left=173.8min
2026-09-26 22:53:28,483 INFO BATCH us 400 records: exact=0.17s ann=0.00s model=0.29s total=0.47s 849.3 rows/s; time_left=173.8min
2026-09-26 22:53:28,953 INFO BATCH us 400 records: exact=0.16s ann=0.00s model=0.29s total=0.46s 862.1 rows/s; time_left=173.8min
2026-09-26 22:53:29,434 INFO BATCH us 400 records: exact=0.16s ann=0.00s model=0.30s total=0.47s 842.4 rows/s; time_left=173.8min
2026-09-26 22:53:29,915 INFO BATCH us 400 records: exact=0.17s ann=0.00s model=0.29s total=0.47s 843.3 rows/s; time_left=173.8min
2026-09-26 22:53:30,425 INFO BATCH us 400 records: exact=0.19s ann=0.00s model=0.31s total=0.50s 794.3 rows/s; time_left=173.7min
2026-09-26 22:53:30,921 INFO BATCH us 400 records: exact=0.19s ann=0.00s model=0.29s total=0.49s 812.7 rows/s; time_left=173.7min
2026-09-26 22:53:31,720 INFO BATCH us 400 records: exact=0.16s ann=0.00s model=0.61s total=0.79s 504.5 rows/s; time_left=173.7min
2026-09-26 22:53:31,725 INFO PROGRESS 915186/1732544 enhanced_rows=704352 fallback_rows=0
2026-09-26 22:53:32,831 INFO BATCH us 400 records: exact=0.38s ann=0.00s model=0.71s total=1.10s 362.3 rows/s; time_left=173.7min
2026-09-26 22:53:34,085 INFO BATCH us 400 records: exact=0.46s ann=0.00s model=0.76s total=1.25s 320.4 rows/s; time_left=173.7min
2026-09-26 22:53:35,246 INFO BATCH us 400 records: exact=0.39s ann=0.00s model=0.74s total=1.15s 346.8 rows/s; time_left=173.7min
2026-09-26 22:53:36,445 INFO BATCH us 400 records: exact=0.47s ann=0.00s model=0.69s total=1.18s 339.0 rows/s; time_left=173.6min
2026-09-26 22:53:37,664 INFO BATCH us 400 records: exact=0.42s ann=0.00s model=0.76s total=1.20s 332.6 rows/s; time_left=173.6min
2026-09-26 22:53:38,757 INFO BATCH us 400 records: exact=0.44s ann=0.00s model=0.59s total=1.08s 371.3 rows/s; time_left=173.6min
2026-09-26 22:53:39,974 INFO BATCH us 400 records: exact=0.38s ann=0.00s model=0.81s total=1.21s 330.7 rows/s; time_left=173.6min
2026-09-26 22:53:40,975 INFO BATCH us 400 records: exact=0.32s ann=0.00s model=0.65s total=0.99s 403.3 rows/s; time_left=173.6min
2026-09-26 22:53:42,185 INFO BATCH us 400 records: exact=0.42s ann=0.00s model=0.75s total=1.19s 335.1 rows/s; time_left=173.6min
2026-09-26 22:53:43,332 INFO BATCH us 400 records: exact=0.38s ann=0.00s model=0.72s total=1.13s 354.3 rows/s; time_left=173.5min
2026-09-26 22:53:44,552 INFO BATCH us 400 records: exact=0.39s ann=0.00s model=0.79s total=1.20s 332.5 rows/s; time_left=173.5min
2026-09-26 22:53:45,843 INFO BATCH us 400 records: exact=0.45s ann=0.00s model=0.79s total=1.27s 314.0 rows/s; time_left=173.5min
2026-09-26 22:53:47,072 INFO BATCH us 400 records: exact=0.46s ann=0.00s model=0.73s total=1.21s 329.9 rows/s; time_left=173.5min
2026-09-26 22:53:47,087 INFO PROGRESS 920386/1732544 enhanced_rows=708562 fallback_rows=0
2026-09-26 22:53:48,322 INFO BATCH us 400 records: exact=0.43s ann=0.00s model=0.79s total=1.23s 324.1 rows/s; time_left=173.5min
2026-09-26 22:53:49,470 INFO BATCH us 400 records: exact=0.42s ann=0.00s model=0.69s total=1.13s 353.6 rows/s; time_left=173.4min
2026-09-26 22:53:50,496 INFO BATCH us 400 records: exact=0.37s ann=0.00s model=0.63s total=1.02s 392.4 rows/s; time_left=173.4min
2026-09-26 22:53:51,465 INFO BATCH us 400 records: exact=0.31s ann=0.00s model=0.63s total=0.95s 419.5 rows/s; time_left=173.4min
2026-09-26 22:53:52,673 INFO BATCH us 400 records: exact=0.44s ann=0.00s model=0.74s total=1.19s 335.7 rows/s; time_left=173.4min
2026-09-26 22:53:53,827 INFO BATCH us 400 records: exact=0.37s ann=0.00s model=0.74s total=1.14s 352.1 rows/s; time_left=173.4min
2026-09-26 22:53:54,974 INFO BATCH us 400 records: exact=0.32s ann=0.00s model=0.77s total=1.13s 353.9 rows/s; time_left=173.3min
2026-09-26 22:53:56,121 INFO BATCH us 400 records: exact=0.41s ann=0.00s model=0.70s total=1.14s 351.4 rows/s; time_left=173.3min
2026-09-26 22:53:57,419 INFO BATCH us 400 records: exact=0.48s ann=0.00s model=0.78s total=1.28s 312.0 rows/s; time_left=173.3min
2026-09-26 22:53:58,595 INFO BATCH us 400 records: exact=0.39s ann=0.00s model=0.74s total=1.16s 345.1 rows/s; time_left=173.3min
2026-09-26 22:53:59,711 INFO BATCH us 400 records: exact=0.38s ann=0.00s model=0.69s total=1.10s 363.5 rows/s; time_left=173.3min
2026-09-26 22:54:01,003 INFO BATCH us 400 records: exact=0.55s ann=0.00s model=0.70s total=1.27s 314.2 rows/s; time_left=173.2min
2026-09-26 22:54:01,018 INFO PROGRESS 925186/1732544 enhanced_rows=712479 fallback_rows=0
2026-09-26 22:54:02,073 INFO BATCH us 400 records: exact=0.33s ann=0.00s model=0.70s total=1.05s 379.7 rows/s; time_left=173.2min
2026-09-26 22:54:03,187 INFO BATCH us 400 records: exact=0.42s ann=0.00s model=0.67s total=1.11s 361.5 rows/s; time_left=173.2min
2026-09-26 22:54:04,230 INFO BATCH us 400 records: exact=0.36s ann=0.00s model=0.66s total=1.04s 386.1 rows/s; time_left=173.2min
2026-09-26 22:54:05,418 INFO BATCH us 400 records: exact=0.41s ann=0.00s model=0.75s total=1.18s 339.0 rows/s; time_left=173.2min
2026-09-26 22:54:06,600 INFO BATCH us 400 records: exact=0.36s ann=0.00s model=0.77s total=1.16s 343.9 rows/s; time_left=173.1min
2026-09-26 22:54:07,647 INFO BATCH us 400 records: exact=0.39s ann=0.00s model=0.63s total=1.03s 388.1 rows/s; time_left=173.1min
2026-09-26 22:54:08,875 INFO BATCH us 400 records: exact=0.39s ann=0.00s model=0.80s total=1.21s 330.1 rows/s; time_left=173.1min
2026-09-26 22:54:09,932 INFO BATCH us 400 records: exact=0.33s ann=0.00s model=0.69s total=1.04s 384.3 rows/s; time_left=173.1min
2026-09-26 22:54:11,179 INFO BATCH us 400 records: exact=0.46s ann=0.00s model=0.75s total=1.24s 322.2 rows/s; time_left=173.1min
2026-09-26 22:54:12,355 INFO BATCH us 400 records: exact=0.41s ann=0.00s model=0.73s total=1.16s 345.1 rows/s; time_left=173.1min
2026-09-26 22:54:13,527 INFO BATCH us 400 records: exact=0.40s ann=0.00s model=0.73s total=1.16s 346.1 rows/s; time_left=173.0min
2026-09-26 22:54:14,515 INFO BATCH us 400 records: exact=0.38s ann=0.00s model=0.58s total=0.97s 411.5 rows/s; time_left=173.0min
2026-09-26 22:54:14,968 INFO BATCH us 400 records: exact=0.15s ann=0.00s model=0.29s total=0.45s 891.2 rows/s; time_left=173.0min
2026-09-26 22:54:14,980 INFO PROGRESS 930386/1732544 enhanced_rows=716772 fallback_rows=0
2026-09-26 22:54:15,470 INFO BATCH us 400 records: exact=0.18s ann=0.00s model=0.30s total=0.49s 819.1 rows/s; time_left=173.0min
2026-09-26 22:54:16,009 INFO BATCH us 400 records: exact=0.19s ann=0.00s model=0.32s total=0.53s 748.1 rows/s; time_left=173.0min
2026-09-26 22:54:16,525 INFO BATCH us 400 records: exact=0.19s ann=0.00s model=0.31s total=0.51s 783.1 rows/s; time_left=173.0min
2026-09-26 22:54:16,977 INFO BATCH us 400 records: exact=0.15s ann=0.00s model=0.29s total=0.45s 891.0 rows/s; time_left=173.0min
2026-09-26 22:54:17,490 INFO BATCH us 400 records: exact=0.19s ann=0.00s model=0.30s total=0.51s 788.4 rows/s; time_left=173.0min
2026-09-26 22:54:18,013 INFO BATCH us 400 records: exact=0.19s ann=0.00s model=0.31s total=0.51s 784.4 rows/s; time_left=173.0min
2026-09-26 22:54:18,464 INFO BATCH us 400 records: exact=0.15s ann=0.00s model=0.28s total=0.44s 914.6 rows/s; time_left=172.9min
2026-09-26 22:54:18,939 INFO BATCH us 400 records: exact=0.15s ann=0.00s model=0.30s total=0.46s 865.6 rows/s; time_left=172.9min
2026-09-26 22:54:19,442 INFO BATCH us 400 records: exact=0.18s ann=0.00s model=0.30s total=0.49s 816.5 rows/s; time_left=172.9min
2026-09-26 22:54:20,031 INFO BATCH us 400 records: exact=0.25s ann=0.00s model=0.32s total=0.58s 685.8 rows/s; time_left=172.9min
2026-09-26 22:54:20,547 INFO BATCH us 400 records: exact=0.19s ann=0.00s model=0.31s total=0.51s 785.6 rows/s; time_left=172.9min
2026-09-26 22:54:21,059 INFO BATCH us 400 records: exact=0.20s ann=0.00s model=0.30s total=0.51s 786.5 rows/s; time_left=172.9min
2026-09-26 22:54:21,063 INFO PROGRESS 935186/1732544 enhanced_rows=720685 fallback_rows=0
2026-09-26 22:54:21,552 INFO BATCH us 400 records: exact=0.19s ann=0.00s model=0.29s total=0.49s 820.5 rows/s; time_left=172.9min
2026-09-26 22:54:22,084 INFO BATCH us 400 records: exact=0.21s ann=0.00s model=0.30s total=0.52s 762.0 rows/s; time_left=172.9min
2026-09-26 22:54:22,604 INFO BATCH us 400 records: exact=0.20s ann=0.00s model=0.31s total=0.52s 774.3 rows/s; time_left=172.9min
2026-09-26 22:54:23,138 INFO BATCH us 400 records: exact=0.20s ann=0.00s model=0.32s total=0.53s 758.8 rows/s; time_left=172.9min
2026-09-26 22:54:23,704 INFO BATCH us 400 records: exact=0.22s ann=0.00s model=0.32s total=0.56s 716.1 rows/s; time_left=172.9min
2026-09-26 22:54:24,306 INFO BATCH us 400 records: exact=0.24s ann=0.00s model=0.34s total=0.60s 671.0 rows/s; time_left=172.9min
2026-09-26 22:54:24,936 INFO BATCH us 400 records: exact=0.26s ann=0.00s model=0.35s total=0.62s 640.4 rows/s; time_left=172.8min
2026-09-26 22:54:25,475 INFO BATCH us 400 records: exact=0.19s ann=0.00s model=0.33s total=0.54s 746.3 rows/s; time_left=172.8min
2026-09-26 22:54:25,986 INFO BATCH us 400 records: exact=0.19s ann=0.00s model=0.31s total=0.50s 794.2 rows/s; time_left=172.8min
2026-09-26 22:54:26,484 INFO BATCH us 400 records: exact=0.18s ann=0.00s model=0.30s total=0.49s 813.0 rows/s; time_left=172.8min
2026-09-26 22:54:26,963 INFO BATCH us 400 records: exact=0.17s ann=0.00s model=0.30s total=0.47s 846.8 rows/s; time_left=172.8min
2026-09-26 22:54:27,436 INFO BATCH us 400 records: exact=0.16s ann=0.00s model=0.30s total=0.47s 855.6 rows/s; time_left=172.8min
2026-09-26 22:54:27,905 INFO BATCH us 400 records: exact=0.15s ann=0.00s model=0.30s total=0.46s 866.3 rows/s; time_left=172.8min
2026-09-26 22:54:27,911 INFO PROGRESS 940386/1732544 enhanced_rows=724888 fallback_rows=0
2026-09-26 22:54:28,359 INFO BATCH us 400 records: exact=0.15s ann=0.00s model=0.29s total=0.45s 893.9 rows/s; time_left=172.8min
2026-09-26 22:54:28,882 INFO BATCH us 400 records: exact=0.20s ann=0.00s model=0.30s total=0.52s 774.9 rows/s; time_left=172.8min
2026-09-26 22:54:29,336 INFO BATCH us 400 records: exact=0.15s ann=0.00s model=0.29s total=0.45s 889.9 rows/s; time_left=172.8min
2026-09-26 22:54:29,835 INFO BATCH us 400 records: exact=0.20s ann=0.00s model=0.29s total=0.49s 811.0 rows/s; time_left=172.8min
2026-09-26 22:54:30,370 INFO BATCH us 400 records: exact=0.19s ann=0.00s model=0.32s total=0.53s 756.9 rows/s; time_left=172.8min
2026-09-26 22:54:30,826 INFO BATCH us 400 records: exact=0.15s ann=0.00s model=0.29s total=0.45s 885.9 rows/s; time_left=172.7min
2026-09-26 22:54:31,312 INFO BATCH us 400 records: exact=0.18s ann=0.00s model=0.29s total=0.48s 831.9 rows/s; time_left=172.7min
2026-09-26 22:54:31,813 INFO BATCH us 400 records: exact=0.18s ann=0.00s model=0.30s total=0.49s 810.4 rows/s; time_left=172.7min
2026-09-26 22:54:32,288 INFO BATCH us 400 records: exact=0.17s ann=0.00s model=0.29s total=0.47s 848.8 rows/s; time_left=172.7min
2026-09-26 22:54:32,752 INFO BATCH us 400 records: exact=0.16s ann=0.00s model=0.29s total=0.46s 874.1 rows/s; time_left=172.7min
2026-09-26 22:54:33,232 INFO BATCH us 400 records: exact=0.17s ann=0.00s model=0.29s total=0.47s 846.2 rows/s; time_left=172.7min
2026-09-26 22:54:33,757 INFO BATCH us 400 records: exact=0.20s ann=0.00s model=0.31s total=0.52s 768.6 rows/s; time_left=172.7min
2026-09-26 22:54:33,762 INFO PROGRESS 945186/1732544 enhanced_rows=728778 fallback_rows=0
2026-09-26 22:54:34,234 INFO BATCH us 400 records: exact=0.17s ann=0.00s model=0.30s total=0.47s 849.4 rows/s; time_left=172.7min
2026-09-26 22:54:34,726 INFO BATCH us 400 records: exact=0.18s ann=0.00s model=0.30s total=0.49s 819.7 rows/s; time_left=172.7min
2026-09-26 22:54:35,193 INFO BATCH us 400 records: exact=0.17s ann=0.00s model=0.29s total=0.46s 867.4 rows/s; time_left=172.7min
2026-09-26 22:54:35,639 INFO BATCH us 400 records: exact=0.15s ann=0.00s model=0.28s total=0.44s 908.4 rows/s; time_left=172.7min
2026-09-26 22:54:36,151 INFO BATCH us 400 records: exact=0.19s ann=0.00s model=0.31s total=0.51s 787.7 rows/s; time_left=172.7min
2026-09-26 22:54:36,637 INFO BATCH us 400 records: exact=0.16s ann=0.00s model=0.31s total=0.48s 837.5 rows/s; time_left=172.6min
2026-09-26 22:54:37,098 INFO BATCH us 400 records: exact=0.17s ann=0.00s model=0.28s total=0.45s 879.3 rows/s; time_left=172.6min
2026-09-26 22:54:37,590 INFO BATCH us 400 records: exact=0.16s ann=0.00s model=0.31s total=0.49s 824.6 rows/s; time_left=172.6min
2026-09-26 22:54:38,392 INFO BATCH us 400 records: exact=0.17s ann=0.00s model=0.60s total=0.80s 500.9 rows/s; time_left=172.6min
2026-09-26 22:54:39,521 INFO BATCH us 400 records: exact=0.43s ann=0.00s model=0.67s total=1.12s 357.4 rows/s; time_left=172.6min
2026-09-26 22:54:40,807 INFO BATCH us 400 records: exact=0.50s ann=0.00s model=0.75s total=1.28s 313.2 rows/s; time_left=172.6min
2026-09-26 22:54:41,909 INFO BATCH us 400 records: exact=0.39s ann=0.00s model=0.67s total=1.09s 368.6 rows/s; time_left=172.6min
2026-09-26 22:54:42,891 INFO BATCH us 400 records: exact=0.32s ann=0.00s model=0.63s total=0.97s 413.7 rows/s; time_left=172.5min
2026-09-26 22:54:42,907 INFO PROGRESS 950386/1732544 enhanced_rows=732990 fallback_rows=0
2026-09-26 22:54:43,920 INFO BATCH us 400 records: exact=0.36s ann=0.00s model=0.63s total=1.01s 395.1 rows/s; time_left=172.5min
2026-09-26 22:54:45,047 INFO BATCH us 400 records: exact=0.40s ann=0.00s model=0.69s total=1.11s 360.2 rows/s; time_left=172.5min
2026-09-26 22:54:46,040 INFO BATCH us 400 records: exact=0.34s ann=0.00s model=0.62s total=0.98s 409.5 rows/s; time_left=172.5min
2026-09-26 22:54:47,123 INFO BATCH us 400 records: exact=0.40s ann=0.00s model=0.65s total=1.07s 374.9 rows/s; time_left=172.5min
2026-09-26 22:54:48,201 INFO BATCH us 400 records: exact=0.37s ann=0.00s model=0.67s total=1.06s 376.4 rows/s; time_left=172.5min
2026-09-26 22:54:49,305 INFO BATCH us 400 records: exact=0.38s ann=0.00s model=0.70s total=1.10s 365.0 rows/s; time_left=172.4min
2026-09-26 22:54:50,461 INFO BATCH us 400 records: exact=0.46s ann=0.00s model=0.67s total=1.15s 348.3 rows/s; time_left=172.4min
2026-09-26 22:54:51,485 INFO BATCH us 400 records: exact=0.37s ann=0.00s model=0.63s total=1.02s 393.3 rows/s; time_left=172.4min
2026-09-26 22:54:52,518 INFO BATCH us 400 records: exact=0.34s ann=0.00s model=0.66s total=1.03s 390.0 rows/s; time_left=172.4min
2026-09-26 22:54:53,553 INFO BATCH us 400 records: exact=0.32s ann=0.00s model=0.68s total=1.02s 392.1 rows/s; time_left=172.4min
2026-09-26 22:54:54,704 INFO BATCH us 400 records: exact=0.40s ann=0.00s model=0.72s total=1.14s 349.9 rows/s; time_left=172.3min
2026-09-26 22:54:55,846 INFO BATCH us 400 records: exact=0.44s ann=0.00s model=0.67s total=1.13s 355.4 rows/s; time_left=172.3min
2026-09-26 22:54:55,861 INFO PROGRESS 955186/1732544 enhanced_rows=736884 fallback_rows=0
2026-09-26 22:54:57,031 INFO BATCH us 400 records: exact=0.44s ann=0.00s model=0.71s total=1.17s 342.2 rows/s; time_left=172.3min
2026-09-26 22:54:58,136 INFO BATCH us 400 records: exact=0.37s ann=0.00s model=0.70s total=1.09s 367.7 rows/s; time_left=172.3min
2026-09-26 22:54:59,250 INFO BATCH us 400 records: exact=0.41s ann=0.00s model=0.67s total=1.10s 364.2 rows/s; time_left=172.3min
2026-09-26 22:55:00,360 INFO BATCH us 400 records: exact=0.39s ann=0.00s model=0.69s total=1.10s 362.9 rows/s; time_left=172.3min
2026-09-26 22:55:01,454 INFO BATCH us 400 records: exact=0.41s ann=0.00s model=0.65s total=1.09s 368.1 rows/s; time_left=172.2min
2026-09-26 22:55:02,470 INFO BATCH us 400 records: exact=0.33s ann=0.00s model=0.66s total=1.01s 396.8 rows/s; time_left=172.2min
2026-09-26 22:55:03,577 INFO BATCH us 400 records: exact=0.38s ann=0.00s model=0.69s total=1.09s 366.0 rows/s; time_left=172.2min
2026-09-26 22:55:04,676 INFO BATCH us 400 records: exact=0.39s ann=0.00s model=0.67s total=1.08s 369.4 rows/s; time_left=172.2min
2026-09-26 22:55:05,785 INFO BATCH us 400 records: exact=0.39s ann=0.00s model=0.68s total=1.09s 365.9 rows/s; time_left=172.2min
2026-09-26 22:55:06,748 INFO BATCH us 400 records: exact=0.30s ann=0.00s model=0.64s total=0.96s 418.0 rows/s; time_left=172.1min
2026-09-26 22:55:07,950 INFO BATCH us 400 records: exact=0.49s ann=0.00s model=0.67s total=1.18s 337.9 rows/s; time_left=172.1min
2026-09-26 22:55:09,077 INFO BATCH us 400 records: exact=0.43s ann=0.00s model=0.67s total=1.12s 357.2 rows/s; time_left=172.1min
2026-09-26 22:55:10,140 INFO BATCH us 400 records: exact=0.36s ann=0.00s model=0.66s total=1.05s 382.1 rows/s; time_left=172.1min
2026-09-26 22:55:10,145 INFO PROGRESS 960386/1732544 enhanced_rows=741140 fallback_rows=0
2026-09-26 22:55:11,299 INFO BATCH us 400 records: exact=0.46s ann=0.00s model=0.67s total=1.15s 347.1 rows/s; time_left=172.1min
2026-09-26 22:55:12,478 INFO BATCH us 400 records: exact=0.44s ann=0.00s model=0.71s total=1.17s 341.3 rows/s; time_left=172.0min
2026-09-26 22:55:13,542 INFO BATCH us 400 records: exact=0.36s ann=0.00s model=0.66s total=1.05s 381.3 rows/s; time_left=172.0min
2026-09-26 22:55:14,728 INFO BATCH us 400 records: exact=0.43s ann=0.00s model=0.72s total=1.17s 342.3 rows/s; time_left=172.0min
2026-09-26 22:55:15,728 INFO BATCH us 400 records: exact=0.34s ann=0.00s model=0.62s total=0.98s 406.4 rows/s; time_left=172.0min
2026-09-26 22:55:16,769 INFO BATCH us 400 records: exact=0.35s ann=0.00s model=0.66s total=1.02s 390.4 rows/s; time_left=172.0min
2026-09-26 22:55:17,901 INFO BATCH us 400 records: exact=0.41s ann=0.00s model=0.68s total=1.13s 355.5 rows/s; time_left=172.0min
2026-09-26 22:55:19,017 INFO BATCH us 400 records: exact=0.41s ann=0.00s model=0.67s total=1.10s 363.8 rows/s; time_left=171.9min
2026-09-26 22:55:20,188 INFO BATCH us 400 records: exact=0.43s ann=0.00s model=0.70s total=1.15s 346.7 rows/s; time_left=171.9min
2026-09-26 22:55:21,187 INFO BATCH us 400 records: exact=0.34s ann=0.00s model=0.63s total=0.98s 406.9 rows/s; time_left=171.9min
2026-09-26 22:55:22,316 INFO BATCH us 400 records: exact=0.39s ann=0.00s model=0.69s total=1.11s 359.4 rows/s; time_left=171.9min
2026-09-26 22:55:23,396 INFO BATCH us 400 records: exact=0.40s ann=0.00s model=0.66s total=1.07s 373.2 rows/s; time_left=171.9min
2026-09-26 22:55:23,403 INFO PROGRESS 965186/1732544 enhanced_rows=745074 fallback_rows=0
2026-09-26 22:55:24,365 INFO BATCH us 400 records: exact=0.32s ann=0.00s model=0.62s total=0.96s 416.0 rows/s; time_left=171.9min
2026-09-26 22:55:25,418 INFO BATCH us 400 records: exact=0.37s ann=0.00s model=0.64s total=1.04s 386.0 rows/s; time_left=171.8min
2026-09-26 22:55:26,537 INFO BATCH us 400 records: exact=0.41s ann=0.00s model=0.67s total=1.10s 362.8 rows/s; time_left=171.8min
2026-09-26 22:55:27,633 INFO BATCH us 400 records: exact=0.41s ann=0.00s model=0.65s total=1.08s 370.9 rows/s; time_left=171.8min
2026-09-26 22:55:28,667 INFO BATCH us 400 records: exact=0.38s ann=0.00s model=0.63s total=1.03s 389.8 rows/s; time_left=171.8min
2026-09-26 22:55:29,781 INFO BATCH us 400 records: exact=0.40s ann=0.00s model=0.68s total=1.10s 364.5 rows/s; time_left=171.8min
2026-09-26 22:55:30,822 INFO BATCH us 400 records: exact=0.36s ann=0.00s model=0.65s total=1.03s 387.8 rows/s; time_left=171.7min
2026-09-26 22:55:32,003 INFO BATCH us 400 records: exact=0.44s ann=0.00s model=0.71s total=1.17s 343.1 rows/s; time_left=171.7min
2026-09-26 22:55:32,999 INFO BATCH us 400 records: exact=0.33s ann=0.00s model=0.63s total=0.98s 408.8 rows/s; time_left=171.7min
2026-09-26 22:55:34,134 INFO BATCH us 400 records: exact=0.40s ann=0.00s model=0.70s total=1.12s 357.6 rows/s; time_left=171.7min
2026-09-26 22:55:35,276 INFO BATCH us 400 records: exact=0.38s ann=0.00s model=0.72s total=1.13s 355.5 rows/s; time_left=171.7min
2026-09-26 22:55:36,338 INFO BATCH us 400 records: exact=0.36s ann=0.00s model=0.66s total=1.05s 382.2 rows/s; time_left=171.7min
2026-09-26 22:55:37,376 INFO BATCH us 400 records: exact=0.34s ann=0.00s model=0.65s total=1.02s 391.6 rows/s; time_left=171.6min
2026-09-26 22:55:37,384 INFO PROGRESS 970386/1732544 enhanced_rows=749332 fallback_rows=0
2026-09-26 22:55:38,438 INFO BATCH us 400 records: exact=0.40s ann=0.00s model=0.63s total=1.05s 380.3 rows/s; time_left=171.6min
2026-09-26 22:55:39,499 INFO BATCH us 400 records: exact=0.39s ann=0.00s model=0.64s total=1.05s 379.7 rows/s; time_left=171.6min
2026-09-26 22:55:40,662 INFO BATCH us 400 records: exact=0.45s ann=0.00s model=0.68s total=1.15s 348.5 rows/s; time_left=171.6min
2026-09-26 22:55:41,734 INFO BATCH us 400 records: exact=0.39s ann=0.00s model=0.64s total=1.06s 378.8 rows/s; time_left=171.6min
2026-09-26 22:55:42,923 INFO BATCH us 400 records: exact=0.44s ann=0.00s model=0.71s total=1.17s 341.3 rows/s; time_left=171.5min
2026-09-26 22:55:43,840 INFO BATCH us 400 records: exact=0.30s ann=0.00s model=0.58s total=0.90s 444.4 rows/s; time_left=171.5min
2026-09-26 22:55:44,808 INFO BATCH us 400 records: exact=0.43s ann=0.00s model=0.51s total=0.95s 419.6 rows/s; time_left=171.5min
2026-09-26 22:55:45,292 INFO BATCH us 400 records: exact=0.15s ann=0.00s model=0.32s total=0.48s 833.8 rows/s; time_left=171.5min
2026-09-26 22:55:45,753 INFO BATCH us 400 records: exact=0.16s ann=0.00s model=0.28s total=0.46s 877.4 rows/s; time_left=171.5min
2026-09-26 22:55:46,273 INFO BATCH us 400 records: exact=0.17s ann=0.00s model=0.32s total=0.51s 791.4 rows/s; time_left=171.5min
2026-09-26 22:55:46,814 INFO BATCH us 400 records: exact=0.18s ann=0.00s model=0.34s total=0.54s 744.4 rows/s; time_left=171.5min
2026-09-26 22:55:47,402 INFO BATCH us 400 records: exact=0.23s ann=0.00s model=0.35s total=0.58s 685.3 rows/s; time_left=171.5min
2026-09-26 22:55:47,414 INFO PROGRESS 975186/1732544 enhanced_rows=753244 fallback_rows=0
2026-09-26 22:55:47,911 INFO BATCH us 400 records: exact=0.18s ann=0.00s model=0.30s total=0.50s 806.1 rows/s; time_left=171.5min
2026-09-26 22:55:48,425 INFO BATCH us 400 records: exact=0.17s ann=0.00s model=0.32s total=0.50s 798.8 rows/s; time_left=171.4min
2026-09-26 22:55:48,984 INFO BATCH us 400 records: exact=0.21s ann=0.00s model=0.33s total=0.56s 720.3 rows/s; time_left=171.4min
2026-09-26 22:55:49,528 INFO BATCH us 400 records: exact=0.19s ann=0.00s model=0.33s total=0.53s 755.9 rows/s; time_left=171.4min
2026-09-26 22:55:49,994 INFO BATCH us 400 records: exact=0.17s ann=0.00s model=0.29s total=0.46s 866.5 rows/s; time_left=171.4min
2026-09-26 22:55:50,447 INFO BATCH us 400 records: exact=0.15s ann=0.00s model=0.29s total=0.45s 890.5 rows/s; time_left=171.4min
2026-09-26 22:55:50,916 INFO BATCH us 400 records: exact=0.15s ann=0.00s model=0.30s total=0.45s 880.1 rows/s; time_left=171.4min
2026-09-26 22:55:51,423 INFO BATCH us 400 records: exact=0.17s ann=0.00s model=0.32s total=0.50s 795.2 rows/s; time_left=171.4min
2026-09-26 22:55:51,901 INFO BATCH us 400 records: exact=0.17s ann=0.00s model=0.30s total=0.47s 843.1 rows/s; time_left=171.4min
2026-09-26 22:55:52,400 INFO BATCH us 400 records: exact=0.18s ann=0.00s model=0.30s total=0.49s 810.7 rows/s; time_left=171.4min
2026-09-26 22:55:52,896 INFO BATCH us 400 records: exact=0.17s ann=0.00s model=0.31s total=0.49s 813.1 rows/s; time_left=171.4min
2026-09-26 22:55:53,358 INFO BATCH us 400 records: exact=0.15s ann=0.00s model=0.29s total=0.45s 890.9 rows/s; time_left=171.4min
2026-09-26 22:55:53,813 INFO BATCH us 400 records: exact=0.13s ann=0.00s model=0.30s total=0.44s 903.4 rows/s; time_left=171.4min
2026-09-26 22:55:53,827 INFO PROGRESS 980386/1732544 enhanced_rows=757473 fallback_rows=0
2026-09-26 22:55:54,302 INFO BATCH us 400 records: exact=0.16s ann=0.00s model=0.30s total=0.47s 843.1 rows/s; time_left=171.4min
2026-09-26 22:55:54,865 INFO BATCH us 400 records: exact=0.21s ann=0.00s model=0.33s total=0.55s 733.0 rows/s; time_left=171.3min
2026-09-26 22:55:55,354 INFO BATCH us 400 records: exact=0.16s ann=0.00s model=0.32s total=0.49s 824.4 rows/s; time_left=171.3min
2026-09-26 22:55:55,806 INFO BATCH us 400 records: exact=0.14s ann=0.00s model=0.29s total=0.45s 897.7 rows/s; time_left=171.3min
2026-09-26 22:55:56,260 INFO BATCH us 400 records: exact=0.15s ann=0.00s model=0.29s total=0.45s 892.3 rows/s; time_left=171.3min
2026-09-26 22:55:56,758 INFO BATCH us 400 records: exact=0.19s ann=0.00s model=0.30s total=0.49s 809.8 rows/s; time_left=171.3min
2026-09-26 22:55:57,208 INFO BATCH us 400 records: exact=0.14s ann=0.00s model=0.29s total=0.44s 902.3 rows/s; time_left=171.3min
2026-09-26 22:55:57,676 INFO BATCH us 400 records: exact=0.16s ann=0.00s model=0.29s total=0.46s 865.0 rows/s; time_left=171.3min
2026-09-26 22:55:58,143 INFO BATCH us 400 records: exact=0.14s ann=0.00s model=0.31s total=0.46s 863.6 rows/s; time_left=171.3min
2026-09-26 22:55:58,629 INFO BATCH us 400 records: exact=0.16s ann=0.00s model=0.31s total=0.48s 834.0 rows/s; time_left=171.3min
2026-09-26 22:55:59,080 INFO BATCH us 400 records: exact=0.15s ann=0.00s model=0.29s total=0.45s 898.4 rows/s; time_left=171.3min
2026-09-26 22:55:59,542 INFO BATCH us 400 records: exact=0.16s ann=0.00s model=0.29s total=0.46s 873.4 rows/s; time_left=171.3min
2026-09-26 22:55:59,548 INFO PROGRESS 985186/1732544 enhanced_rows=761374 fallback_rows=0
2026-09-26 22:55:59,991 INFO BATCH us 400 records: exact=0.15s ann=0.00s model=0.28s total=0.44s 904.2 rows/s; time_left=171.3min
2026-09-26 22:56:00,504 INFO BATCH us 400 records: exact=0.17s ann=0.00s model=0.33s total=0.51s 790.4 rows/s; time_left=171.2min
2026-09-26 22:56:01,018 INFO BATCH us 400 records: exact=0.18s ann=0.00s model=0.32s total=0.51s 786.6 rows/s; time_left=171.2min
2026-09-26 22:56:01,519 INFO BATCH us 400 records: exact=0.19s ann=0.00s model=0.29s total=0.49s 809.0 rows/s; time_left=171.2min
2026-09-26 22:56:02,042 INFO BATCH us 400 records: exact=0.20s ann=0.00s model=0.31s total=0.52s 770.5 rows/s; time_left=171.2min
2026-09-26 22:56:02,540 INFO BATCH us 400 records: exact=0.18s ann=0.00s model=0.30s total=0.49s 813.5 rows/s; time_left=171.2min
2026-09-26 22:56:03,038 INFO BATCH us 400 records: exact=0.17s ann=0.00s model=0.31s total=0.49s 813.3 rows/s; time_left=171.2min
2026-09-26 22:56:03,529 INFO BATCH us 400 records: exact=0.17s ann=0.00s model=0.30s total=0.48s 825.4 rows/s; time_left=171.2min
2026-09-26 22:56:04,053 INFO BATCH us 400 records: exact=0.19s ann=0.00s model=0.32s total=0.52s 773.5 rows/s; time_left=171.2min
2026-09-26 22:56:04,545 INFO BATCH us 400 records: exact=0.17s ann=0.00s model=0.30s total=0.49s 820.7 rows/s; time_left=171.2min
2026-09-26 22:56:05,011 INFO BATCH us 400 records: exact=0.17s ann=0.00s model=0.28s total=0.46s 870.3 rows/s; time_left=171.2min
2026-09-26 22:56:05,506 INFO BATCH us 400 records: exact=0.18s ann=0.00s model=0.30s total=0.49s 819.0 rows/s; time_left=171.2min
2026-09-26 22:56:06,006 INFO BATCH us 400 records: exact=0.18s ann=0.00s model=0.31s total=0.49s 809.1 rows/s; time_left=171.2min
2026-09-26 22:56:06,011 INFO PROGRESS 990386/1732544 enhanced_rows=765577 fallback_rows=0
2026-09-26 22:56:06,469 INFO BATCH us 400 records: exact=0.16s ann=0.00s model=0.29s total=0.46s 875.0 rows/s; time_left=171.1min
2026-09-26 22:56:06,914 INFO BATCH us 400 records: exact=0.15s ann=0.00s model=0.28s total=0.44s 911.5 rows/s; time_left=171.1min
2026-09-26 22:56:07,408 INFO BATCH us 400 records: exact=0.17s ann=0.00s model=0.30s total=0.49s 820.0 rows/s; time_left=171.1min
2026-09-26 22:56:07,889 INFO BATCH us 400 records: exact=0.16s ann=0.00s model=0.30s total=0.47s 842.5 rows/s; time_left=171.1min
2026-09-26 22:56:08,389 INFO BATCH us 400 records: exact=0.18s ann=0.00s model=0.30s total=0.49s 812.8 rows/s; time_left=171.1min
2026-09-26 22:56:08,905 INFO BATCH us 400 records: exact=0.18s ann=0.00s model=0.32s total=0.51s 785.7 rows/s; time_left=171.1min
2026-09-26 22:56:09,402 INFO BATCH us 400 records: exact=0.20s ann=0.00s model=0.29s total=0.49s 816.1 rows/s; time_left=171.1min
2026-09-26 22:56:09,869 INFO BATCH us 400 records: exact=0.15s ann=0.00s model=0.30s total=0.46s 867.6 rows/s; time_left=171.1min
2026-09-26 22:56:10,309 INFO BATCH us 400 records: exact=0.14s ann=0.00s model=0.28s total=0.44s 915.6 rows/s; time_left=171.1min
2026-09-26 22:56:10,862 INFO BATCH us 400 records: exact=0.20s ann=0.00s model=0.34s total=0.55s 731.3 rows/s; time_left=171.1min
2026-09-26 22:56:11,379 INFO BATCH us 400 records: exact=0.20s ann=0.00s model=0.30s total=0.51s 783.6 rows/s; time_left=171.1min
2026-09-26 22:56:11,867 INFO BATCH us 400 records: exact=0.17s ann=0.00s model=0.30s total=0.48s 827.0 rows/s; time_left=171.1min
2026-09-26 22:56:11,873 INFO PROGRESS 995186/1732544 enhanced_rows=769437 fallback_rows=0
2026-09-26 22:56:12,315 INFO BATCH us 400 records: exact=0.15s ann=0.00s model=0.28s total=0.44s 906.4 rows/s; time_left=171.1min
2026-09-26 22:56:12,814 INFO BATCH us 400 records: exact=0.17s ann=0.00s model=0.31s total=0.49s 809.7 rows/s; time_left=171.0min
2026-09-26 22:56:13,260 INFO BATCH us 400 records: exact=0.13s ann=0.00s model=0.30s total=0.44s 908.7 rows/s; time_left=171.0min
2026-09-26 22:56:13,742 INFO BATCH us 400 records: exact=0.17s ann=0.00s model=0.30s total=0.48s 836.5 rows/s; time_left=171.0min
2026-09-26 22:56:14,227 INFO BATCH us 400 records: exact=0.17s ann=0.00s model=0.30s total=0.48s 835.5 rows/s; time_left=171.0min
2026-09-26 22:56:14,706 INFO BATCH us 400 records: exact=0.17s ann=0.00s model=0.30s total=0.47s 843.1 rows/s; time_left=171.0min
2026-09-26 22:56:15,235 INFO BATCH us 400 records: exact=0.20s ann=0.00s model=0.32s total=0.52s 766.2 rows/s; time_left=171.0min
2026-09-26 22:56:15,720 INFO BATCH us 400 records: exact=0.17s ann=0.00s model=0.30s total=0.48s 832.1 rows/s; time_left=171.0min
2026-09-26 22:56:16,156 INFO BATCH us 400 records: exact=0.14s ann=0.00s model=0.28s total=0.43s 932.9 rows/s; time_left=171.0min
2026-09-26 22:56:16,644 INFO BATCH us 400 records: exact=0.17s ann=0.00s model=0.30s total=0.48s 828.2 rows/s; time_left=171.0min
2026-09-26 22:56:17,127 INFO BATCH us 400 records: exact=0.16s ann=0.00s model=0.30s total=0.48s 838.7 rows/s; time_left=171.0min
2026-09-26 22:56:17,635 INFO BATCH us 400 records: exact=0.17s ann=0.00s model=0.32s total=0.50s 794.3 rows/s; time_left=171.0min
2026-09-26 22:56:18,213 INFO BATCH us 400 records: exact=0.22s ann=0.00s model=0.34s total=0.57s 700.4 rows/s; time_left=171.0min
2026-09-26 22:56:18,216 INFO PROGRESS 1000386/1732544 enhanced_rows=773658 fallback_rows=0
2026-09-26 22:56:18,702 INFO BATCH us 400 records: exact=0.18s ann=0.00s model=0.30s total=0.49s 824.7 rows/s; time_left=170.9min
2026-09-26 22:56:19,624 INFO BATCH us 400 records: exact=0.20s ann=0.00s model=0.69s total=0.92s 437.1 rows/s; time_left=170.9min
2026-09-26 22:56:20,707 INFO BATCH us 400 records: exact=0.39s ann=0.00s model=0.66s total=1.08s 371.7 rows/s; time_left=170.9min
2026-09-26 22:56:21,695 INFO BATCH us 400 records: exact=0.32s ann=0.00s model=0.64s total=0.98s 408.5 rows/s; time_left=170.9min
2026-09-26 22:56:22,779 INFO BATCH us 400 records: exact=0.33s ann=0.00s model=0.72s total=1.07s 372.5 rows/s; time_left=170.9min
2026-09-26 22:56:23,792 INFO BATCH us 400 records: exact=0.32s ann=0.00s model=0.66s total=1.01s 397.8 rows/s; time_left=170.9min
2026-09-26 22:56:24,905 INFO BATCH us 400 records: exact=0.39s ann=0.00s model=0.70s total=1.10s 362.3 rows/s; time_left=170.8min
2026-09-26 22:56:26,014 INFO BATCH us 400 records: exact=0.37s ann=0.00s model=0.71s total=1.10s 362.7 rows/s; time_left=170.8min
2026-09-26 22:56:27,095 INFO BATCH us 400 records: exact=0.35s ann=0.00s model=0.71s total=1.07s 372.6 rows/s; time_left=170.8min
2026-09-26 22:56:28,163 INFO BATCH us 400 records: exact=0.36s ann=0.00s model=0.67s total=1.05s 380.3 rows/s; time_left=170.8min
2026-09-26 22:56:29,420 INFO BATCH us 400 records: exact=0.47s ann=0.00s model=0.75s total=1.24s 322.8 rows/s; time_left=170.8min
2026-09-26 22:56:30,557 INFO BATCH us 400 records: exact=0.40s ann=0.00s model=0.70s total=1.12s 356.9 rows/s; time_left=170.7min
2026-09-26 22:56:30,572 INFO PROGRESS 1005186/1732544 enhanced_rows=777574 fallback_rows=0
2026-09-26 22:56:31,671 INFO BATCH us 400 records: exact=0.37s ann=0.00s model=0.70s total=1.10s 364.3 rows/s; time_left=170.7min
2026-09-26 22:56:32,944 INFO BATCH us 400 records: exact=0.50s ann=0.00s model=0.74s total=1.27s 315.9 rows/s; time_left=170.7min
2026-09-26 22:56:34,070 INFO BATCH us 400 records: exact=0.38s ann=0.00s model=0.71s total=1.11s 360.5 rows/s; time_left=170.7min
2026-09-26 22:56:35,208 INFO BATCH us 400 records: exact=0.40s ann=0.00s model=0.70s total=1.12s 356.4 rows/s; time_left=170.7min
2026-09-26 22:56:36,349 INFO BATCH us 400 records: exact=0.39s ann=0.00s model=0.72s total=1.13s 353.1 rows/s; time_left=170.7min
2026-09-26 22:56:37,422 INFO BATCH us 400 records: exact=0.38s ann=0.00s model=0.67s total=1.07s 375.4 rows/s; time_left=170.6min
2026-09-26 22:56:38,475 INFO BATCH us 400 records: exact=0.39s ann=0.00s model=0.63s total=1.04s 386.4 rows/s; time_left=170.6min
2026-09-26 22:56:39,571 INFO BATCH us 400 records: exact=0.41s ann=0.00s model=0.65s total=1.08s 370.4 rows/s; time_left=170.6min
2026-09-26 22:56:40,620 INFO BATCH us 400 records: exact=0.36s ann=0.00s model=0.65s total=1.03s 387.4 rows/s; time_left=170.6min
2026-09-26 22:56:41,812 INFO BATCH us 400 records: exact=0.41s ann=0.00s model=0.74s total=1.17s 340.6 rows/s; time_left=170.6min
2026-09-26 22:56:42,987 INFO BATCH us 400 records: exact=0.47s ann=0.00s model=0.67s total=1.17s 342.3 rows/s; time_left=170.5min
2026-09-26 22:56:44,087 INFO BATCH us 400 records: exact=0.39s ann=0.00s model=0.67s total=1.08s 369.8 rows/s; time_left=170.5min
2026-09-26 22:56:45,243 INFO BATCH us 400 records: exact=0.47s ann=0.00s model=0.66s total=1.15s 348.1 rows/s; time_left=170.5min
2026-09-26 22:56:45,258 INFO PROGRESS 1010386/1732544 enhanced_rows=781833 fallback_rows=0
2026-09-26 22:56:46,409 INFO BATCH us 400 records: exact=0.44s ann=0.00s model=0.68s total=1.15s 347.9 rows/s; time_left=170.5min
2026-09-26 22:56:47,560 INFO BATCH us 400 records: exact=0.41s ann=0.00s model=0.70s total=1.13s 352.8 rows/s; time_left=170.5min
2026-09-26 22:56:48,766 INFO BATCH us 400 records: exact=0.45s ann=0.00s model=0.71s total=1.19s 336.2 rows/s; time_left=170.4min
2026-09-26 22:56:49,878 INFO BATCH us 400 records: exact=0.38s ann=0.00s model=0.69s total=1.10s 365.0 rows/s; time_left=170.4min
2026-09-26 22:56:50,978 INFO BATCH us 400 records: exact=0.37s ann=0.00s model=0.69s total=1.08s 369.5 rows/s; time_left=170.4min
2026-09-26 22:56:52,190 INFO BATCH us 400 records: exact=0.44s ann=0.00s model=0.73s total=1.20s 334.6 rows/s; time_left=170.4min
2026-09-26 22:56:53,457 INFO BATCH us 400 records: exact=0.52s ann=0.00s model=0.71s total=1.26s 317.8 rows/s; time_left=170.4min
2026-09-26 22:56:54,681 INFO BATCH us 400 records: exact=0.46s ann=0.00s model=0.72s total=1.21s 331.2 rows/s; time_left=170.3min
2026-09-26 22:56:55,801 INFO BATCH us 400 records: exact=0.36s ann=0.00s model=0.72s total=1.10s 362.1 rows/s; time_left=170.3min
2026-09-26 22:56:57,015 INFO BATCH us 400 records: exact=0.47s ann=0.00s model=0.71s total=1.20s 334.1 rows/s; time_left=170.3min
2026-09-26 22:56:58,027 INFO BATCH us 400 records: exact=0.33s ann=0.00s model=0.64s total=0.99s 402.1 rows/s; time_left=170.3min
2026-09-26 22:56:59,065 INFO BATCH us 400 records: exact=0.36s ann=0.00s model=0.65s total=1.03s 388.0 rows/s; time_left=170.3min
2026-09-26 22:56:59,070 INFO PROGRESS 1015186/1732544 enhanced_rows=785705 fallback_rows=0
2026-09-26 22:57:00,246 INFO BATCH us 400 records: exact=0.45s ann=0.00s model=0.70s total=1.17s 340.8 rows/s; time_left=170.3min
2026-09-26 22:57:01,427 INFO BATCH us 400 records: exact=0.43s ann=0.00s model=0.72s total=1.17s 340.7 rows/s; time_left=170.2min
2026-09-26 22:57:02,570 INFO BATCH us 400 records: exact=0.40s ann=0.00s model=0.71s total=1.13s 355.0 rows/s; time_left=170.2min
2026-09-26 22:57:03,783 INFO BATCH us 400 records: exact=0.47s ann=0.00s model=0.71s total=1.21s 331.5 rows/s; time_left=170.2min
2026-09-26 22:57:04,442 INFO BATCH us 400 records: exact=0.34s ann=0.00s model=0.29s total=0.64s 622.7 rows/s; time_left=170.2min
2026-09-26 22:57:04,951 INFO BATCH us 400 records: exact=0.18s ann=0.00s model=0.31s total=0.51s 790.2 rows/s; time_left=170.2min
2026-09-26 22:57:05,474 INFO BATCH us 400 records: exact=0.20s ann=0.00s model=0.30s total=0.51s 784.2 rows/s; time_left=170.2min
2026-09-26 22:57:05,990 INFO BATCH us 400 records: exact=0.18s ann=0.00s model=0.31s total=0.50s 795.8 rows/s; time_left=170.2min
2026-09-26 22:57:06,508 INFO BATCH us 400 records: exact=0.19s ann=0.00s model=0.30s total=0.50s 794.4 rows/s; time_left=170.1min
2026-09-26 22:57:07,038 INFO BATCH us 400 records: exact=0.22s ann=0.00s model=0.29s total=0.53s 761.5 rows/s; time_left=170.1min
2026-09-26 22:57:07,579 INFO BATCH us 400 records: exact=0.22s ann=0.00s model=0.30s total=0.53s 761.1 rows/s; time_left=170.1min
2026-09-26 22:57:08,100 INFO BATCH us 400 records: exact=0.22s ann=0.00s model=0.28s total=0.52s 774.6 rows/s; time_left=170.1min
2026-09-26 22:57:08,592 INFO BATCH us 400 records: exact=0.17s ann=0.00s model=0.30s total=0.48s 837.3 rows/s; time_left=170.1min
2026-09-26 22:57:08,597 INFO PROGRESS 1020386/1732544 enhanced_rows=789919 fallback_rows=0
2026-09-26 22:57:09,156 INFO BATCH us 400 records: exact=0.22s ann=0.00s model=0.32s total=0.56s 716.6 rows/s; time_left=170.1min
2026-09-26 22:57:09,641 INFO BATCH us 400 records: exact=0.19s ann=0.00s model=0.28s total=0.48s 831.4 rows/s; time_left=170.1min
2026-09-26 22:57:10,143 INFO BATCH us 400 records: exact=0.17s ann=0.00s model=0.31s total=0.49s 809.6 rows/s; time_left=170.1min
2026-09-26 22:57:10,637 INFO BATCH us 400 records: exact=0.18s ann=0.00s model=0.30s total=0.49s 816.4 rows/s; time_left=170.1min
2026-09-26 22:57:11,144 INFO BATCH us 400 records: exact=0.18s ann=0.00s model=0.31s total=0.50s 799.7 rows/s; time_left=170.1min
2026-09-26 22:57:11,627 INFO BATCH us 400 records: exact=0.17s ann=0.00s model=0.30s total=0.48s 841.4 rows/s; time_left=170.1min
2026-09-26 22:57:12,102 INFO BATCH us 400 records: exact=0.17s ann=0.00s model=0.29s total=0.47s 849.3 rows/s; time_left=170.1min
2026-09-26 22:57:12,625 INFO BATCH us 400 records: exact=0.19s ann=0.00s model=0.31s total=0.52s 775.2 rows/s; time_left=170.0min
2026-09-26 22:57:13,166 INFO BATCH us 400 records: exact=0.20s ann=0.00s model=0.33s total=0.54s 745.7 rows/s; time_left=170.0min
2026-09-26 22:57:13,721 INFO BATCH us 400 records: exact=0.21s ann=0.00s model=0.33s total=0.55s 728.8 rows/s; time_left=170.0min
2026-09-26 22:57:14,232 INFO BATCH us 400 records: exact=0.20s ann=0.00s model=0.30s total=0.50s 792.2 rows/s; time_left=170.0min
2026-09-26 22:57:14,709 INFO BATCH us 400 records: exact=0.16s ann=0.00s model=0.30s total=0.47s 850.2 rows/s; time_left=170.0min
2026-09-26 22:57:14,717 INFO PROGRESS 1025186/1732544 enhanced_rows=793839 fallback_rows=0
2026-09-26 22:57:15,212 INFO BATCH us 400 records: exact=0.18s ann=0.00s model=0.30s total=0.49s 808.6 rows/s; time_left=170.0min
2026-09-26 22:57:15,740 INFO BATCH us 400 records: exact=0.20s ann=0.00s model=0.31s total=0.52s 765.3 rows/s; time_left=170.0min
2026-09-26 22:57:16,243 INFO BATCH us 400 records: exact=0.19s ann=0.00s model=0.30s total=0.50s 804.3 rows/s; time_left=170.0min
2026-09-26 22:57:16,725 INFO BATCH us 400 records: exact=0.19s ann=0.00s model=0.28s total=0.48s 841.5 rows/s; time_left=170.0min
2026-09-26 22:57:17,172 INFO BATCH us 400 records: exact=0.15s ann=0.00s model=0.28s total=0.44s 900.7 rows/s; time_left=170.0min
2026-09-26 22:57:17,691 INFO BATCH us 400 records: exact=0.19s ann=0.00s model=0.31s total=0.51s 780.2 rows/s; time_left=170.0min
2026-09-26 22:57:18,222 INFO BATCH us 400 records: exact=0.19s ann=0.00s model=0.32s total=0.52s 763.0 rows/s; time_left=170.0min
2026-09-26 22:57:18,713 INFO BATCH us 400 records: exact=0.18s ann=0.00s model=0.29s total=0.48s 825.2 rows/s; time_left=169.9min
2026-09-26 22:57:19,243 INFO BATCH us 400 records: exact=0.21s ann=0.00s model=0.31s total=0.52s 763.3 rows/s; time_left=169.9min
2026-09-26 22:57:19,698 INFO BATCH us 400 records: exact=0.15s ann=0.00s model=0.29s total=0.45s 893.3 rows/s; time_left=169.9min
2026-09-26 22:57:20,221 INFO BATCH us 400 records: exact=0.19s ann=0.00s model=0.32s total=0.52s 775.0 rows/s; time_left=169.9min
2026-09-26 22:57:20,677 INFO BATCH us 400 records: exact=0.17s ann=0.00s model=0.27s total=0.45s 886.8 rows/s; time_left=169.9min
2026-09-26 22:57:21,208 INFO BATCH us 400 records: exact=0.21s ann=0.00s model=0.30s total=0.52s 763.0 rows/s; time_left=169.9min
2026-09-26 22:57:21,213 INFO PROGRESS 1030386/1732544 enhanced_rows=798081 fallback_rows=0
2026-09-26 22:57:21,686 INFO BATCH us 400 records: exact=0.17s ann=0.00s model=0.29s total=0.47s 848.0 rows/s; time_left=169.9min
2026-09-26 22:57:22,173 INFO BATCH us 400 records: exact=0.19s ann=0.00s model=0.29s total=0.48s 832.6 rows/s; time_left=169.9min
2026-09-26 22:57:22,679 INFO BATCH us 400 records: exact=0.20s ann=0.00s model=0.29s total=0.50s 798.6 rows/s; time_left=169.9min
2026-09-26 22:57:23,166 INFO BATCH us 400 records: exact=0.17s ann=0.00s model=0.30s total=0.48s 827.8 rows/s; time_left=169.9min
2026-09-26 22:57:23,655 INFO BATCH us 400 records: exact=0.18s ann=0.00s model=0.29s total=0.48s 829.2 rows/s; time_left=169.9min
2026-09-26 22:57:24,154 INFO BATCH us 400 records: exact=0.18s ann=0.00s model=0.31s total=0.49s 808.9 rows/s; time_left=169.9min
2026-09-26 22:57:24,656 INFO BATCH us 400 records: exact=0.19s ann=0.00s model=0.30s total=0.50s 807.3 rows/s; time_left=169.8min
2026-09-26 22:57:25,139 INFO BATCH us 400 records: exact=0.17s ann=0.00s model=0.30s total=0.48s 838.7 rows/s; time_left=169.8min
2026-09-26 22:57:25,624 INFO BATCH us 400 records: exact=0.17s ann=0.00s model=0.30s total=0.48s 838.5 rows/s; time_left=169.8min
2026-09-26 22:57:26,125 INFO BATCH us 400 records: exact=0.20s ann=0.00s model=0.29s total=0.50s 807.2 rows/s; time_left=169.8min
2026-09-26 22:57:26,649 INFO BATCH us 400 records: exact=0.19s ann=0.00s model=0.31s total=0.52s 770.6 rows/s; time_left=169.8min
2026-09-26 22:57:27,155 INFO BATCH us 400 records: exact=0.20s ann=0.00s model=0.29s total=0.50s 801.2 rows/s; time_left=169.8min
2026-09-26 22:57:27,162 INFO PROGRESS 1035186/1732544 enhanced_rows=801959 fallback_rows=0
2026-09-26 22:57:27,666 INFO BATCH us 400 records: exact=0.21s ann=0.00s model=0.29s total=0.50s 795.8 rows/s; time_left=169.8min
2026-09-26 22:57:28,166 INFO BATCH us 400 records: exact=0.18s ann=0.00s model=0.30s total=0.49s 809.2 rows/s; time_left=169.8min
2026-09-26 22:57:28,636 INFO BATCH us 400 records: exact=0.18s ann=0.00s model=0.28s total=0.46s 861.6 rows/s; time_left=169.8min
2026-09-26 22:57:29,175 INFO BATCH us 400 records: exact=0.21s ann=0.00s model=0.31s total=0.53s 750.2 rows/s; time_left=169.8min
2026-09-26 22:57:29,645 INFO BATCH us 400 records: exact=0.17s ann=0.00s model=0.28s total=0.47s 859.9 rows/s; time_left=169.8min
2026-09-26 22:57:30,148 INFO BATCH us 400 records: exact=0.20s ann=0.00s model=0.29s total=0.50s 805.7 rows/s; time_left=169.8min
2026-09-26 22:57:30,664 INFO BATCH us 400 records: exact=0.20s ann=0.00s model=0.30s total=0.51s 782.5 rows/s; time_left=169.7min
2026-09-26 22:57:31,151 INFO BATCH us 400 records: exact=0.18s ann=0.00s model=0.29s total=0.48s 832.1 rows/s; time_left=169.7min
2026-09-26 22:57:31,670 INFO BATCH us 400 records: exact=0.20s ann=0.00s model=0.30s total=0.51s 781.7 rows/s; time_left=169.7min
2026-09-26 22:57:32,141 INFO BATCH us 400 records: exact=0.18s ann=0.00s model=0.28s total=0.47s 857.8 rows/s; time_left=169.7min
2026-09-26 22:57:32,670 INFO BATCH us 400 records: exact=0.21s ann=0.00s model=0.30s total=0.53s 761.9 rows/s; time_left=169.7min
2026-09-26 22:57:33,181 INFO BATCH us 400 records: exact=0.21s ann=0.00s model=0.29s total=0.51s 791.3 rows/s; time_left=169.7min
2026-09-26 22:57:33,643 INFO BATCH us 400 records: exact=0.17s ann=0.00s model=0.28s total=0.46s 873.8 rows/s; time_left=169.7min
2026-09-26 22:57:33,649 INFO PROGRESS 1040386/1732544 enhanced_rows=806181 fallback_rows=0
2026-09-26 22:57:34,123 INFO BATCH us 400 records: exact=0.18s ann=0.00s model=0.29s total=0.47s 844.2 rows/s; time_left=169.7min
2026-09-26 22:57:34,642 INFO BATCH us 400 records: exact=0.20s ann=0.00s model=0.30s total=0.51s 780.2 rows/s; time_left=169.7min
2026-09-26 22:57:35,136 INFO BATCH us 400 records: exact=0.18s ann=0.00s model=0.29s total=0.49s 820.1 rows/s; time_left=169.7min
2026-09-26 22:57:35,664 INFO BATCH us 400 records: exact=0.21s ann=0.00s model=0.30s total=0.52s 767.9 rows/s; time_left=169.7min
2026-09-26 22:57:36,143 INFO BATCH us 400 records: exact=0.18s ann=0.00s model=0.29s total=0.47s 846.3 rows/s; time_left=169.7min
2026-09-26 22:57:36,614 INFO BATCH us 400 records: exact=0.17s ann=0.00s model=0.29s total=0.47s 859.7 rows/s; time_left=169.6min
2026-09-26 22:57:37,145 INFO BATCH us 400 records: exact=0.22s ann=0.00s model=0.30s total=0.52s 762.7 rows/s; time_left=169.6min
2026-09-26 22:57:37,662 INFO BATCH us 400 records: exact=0.21s ann=0.00s model=0.30s total=0.51s 780.0 rows/s; time_left=169.6min
2026-09-26 22:57:38,145 INFO BATCH us 400 records: exact=0.18s ann=0.00s model=0.29s total=0.48s 838.3 rows/s; time_left=169.6min
2026-09-26 22:57:38,652 INFO BATCH us 400 records: exact=0.19s ann=0.00s model=0.29s total=0.50s 801.1 rows/s; time_left=169.6min
2026-09-26 22:57:39,137 INFO BATCH us 400 records: exact=0.19s ann=0.00s model=0.29s total=0.48s 833.1 rows/s; time_left=169.6min
2026-09-26 22:57:39,635 INFO BATCH us 400 records: exact=0.18s ann=0.00s model=0.30s total=0.49s 814.4 rows/s; time_left=169.6min
2026-09-26 22:57:39,641 INFO PROGRESS 1045186/1732544 enhanced_rows=810077 fallback_rows=0
2026-09-26 22:57:40,144 INFO BATCH us 400 records: exact=0.20s ann=0.00s model=0.29s total=0.50s 796.0 rows/s; time_left=169.6min
2026-09-26 22:57:40,637 INFO BATCH us 400 records: exact=0.18s ann=0.00s model=0.30s total=0.49s 821.3 rows/s; time_left=169.6min
2026-09-26 22:57:41,124 INFO BATCH us 400 records: exact=0.16s ann=0.00s model=0.31s total=0.48s 832.5 rows/s; time_left=169.6min
2026-09-26 22:57:41,662 INFO BATCH us 400 records: exact=0.21s ann=0.00s model=0.31s total=0.53s 752.2 rows/s; time_left=169.6min
2026-09-26 22:57:42,163 INFO BATCH us 400 records: exact=0.18s ann=0.00s model=0.30s total=0.49s 809.0 rows/s; time_left=169.6min
2026-09-26 22:57:42,633 INFO BATCH us 400 records: exact=0.17s ann=0.00s model=0.29s total=0.47s 857.8 rows/s; time_left=169.5min
2026-09-26 22:57:43,142 INFO BATCH us 400 records: exact=0.20s ann=0.00s model=0.29s total=0.50s 792.1 rows/s; time_left=169.5min
2026-09-26 22:57:43,651 INFO BATCH us 400 records: exact=0.18s ann=0.00s model=0.31s total=0.50s 796.9 rows/s; time_left=169.5min
2026-09-26 22:57:44,141 INFO BATCH us 400 records: exact=0.19s ann=0.00s model=0.29s total=0.49s 824.5 rows/s; time_left=169.5min
2026-09-26 22:57:44,628 INFO BATCH us 400 records: exact=0.17s ann=0.00s model=0.30s total=0.48s 830.5 rows/s; time_left=169.5min
2026-09-26 22:57:45,104 INFO BATCH us 400 records: exact=0.16s ann=0.00s model=0.30s total=0.47s 852.6 rows/s; time_left=169.5min
2026-09-26 22:57:45,607 INFO BATCH us 400 records: exact=0.17s ann=0.00s model=0.31s total=0.50s 804.2 rows/s; time_left=169.5min
2026-09-26 22:57:46,095 INFO BATCH us 400 records: exact=0.16s ann=0.00s model=0.31s total=0.48s 831.5 rows/s; time_left=169.5min
2026-09-26 22:57:46,098 INFO PROGRESS 1050386/1732544 enhanced_rows=814322 fallback_rows=0
2026-09-26 22:57:46,580 INFO BATCH us 400 records: exact=0.18s ann=0.00s model=0.29s total=0.48s 832.7 rows/s; time_left=169.5min
2026-09-26 22:57:47,114 INFO BATCH us 400 records: exact=0.21s ann=0.00s model=0.31s total=0.53s 759.6 rows/s; time_left=169.5min
2026-09-26 22:57:47,652 INFO BATCH us 400 records: exact=0.21s ann=0.00s model=0.31s total=0.53s 752.0 rows/s; time_left=169.5min
2026-09-26 22:57:48,142 INFO BATCH us 400 records: exact=0.18s ann=0.00s model=0.30s total=0.48s 829.8 rows/s; time_left=169.5min
2026-09-26 22:57:48,676 INFO BATCH us 400 records: exact=0.21s ann=0.00s model=0.31s total=0.53s 756.3 rows/s; time_left=169.4min
2026-09-26 22:57:49,184 INFO BATCH us 400 records: exact=0.19s ann=0.00s model=0.30s total=0.50s 796.2 rows/s; time_left=169.4min
2026-09-26 22:57:49,687 INFO BATCH us 400 records: exact=0.19s ann=0.00s model=0.30s total=0.50s 805.0 rows/s; time_left=169.4min
2026-09-26 22:57:50,212 INFO BATCH us 400 records: exact=0.21s ann=0.00s model=0.30s total=0.52s 770.9 rows/s; time_left=169.4min
2026-09-26 22:57:50,715 INFO BATCH us 400 records: exact=0.19s ann=0.00s model=0.30s total=0.50s 805.7 rows/s; time_left=169.4min
2026-09-26 22:57:51,211 INFO BATCH us 400 records: exact=0.17s ann=0.00s model=0.31s total=0.49s 817.9 rows/s; time_left=169.4min
2026-09-26 22:57:51,682 INFO BATCH us 400 records: exact=0.18s ann=0.00s model=0.28s total=0.47s 855.7 rows/s; time_left=169.4min
2026-09-26 22:57:52,178 INFO BATCH us 400 records: exact=0.18s ann=0.00s model=0.30s total=0.49s 815.9 rows/s; time_left=169.4min
2026-09-26 22:57:52,182 INFO PROGRESS 1055186/1732544 enhanced_rows=818242 fallback_rows=0
2026-09-26 22:57:52,673 INFO BATCH us 400 records: exact=0.18s ann=0.00s model=0.30s total=0.49s 816.1 rows/s; time_left=169.4min
2026-09-26 22:57:53,185 INFO BATCH us 400 records: exact=0.20s ann=0.00s model=0.30s total=0.51s 788.8 rows/s; time_left=169.4min
2026-09-26 22:57:53,639 INFO BATCH us 400 records: exact=0.17s ann=0.00s model=0.27s total=0.45s 893.9 rows/s; time_left=169.4min
2026-09-26 22:57:54,140 INFO BATCH us 400 records: exact=0.19s ann=0.00s model=0.30s total=0.50s 806.1 rows/s; time_left=169.4min
2026-09-26 22:57:54,671 INFO BATCH us 400 records: exact=0.21s ann=0.00s model=0.30s total=0.53s 759.7 rows/s; time_left=169.3min
2026-09-26 22:57:55,155 INFO BATCH us 400 records: exact=0.18s ann=0.00s model=0.29s total=0.48s 835.9 rows/s; time_left=169.3min
2026-09-26 22:57:55,652 INFO BATCH us 400 records: exact=0.17s ann=0.00s model=0.30s total=0.49s 815.7 rows/s; time_left=169.3min
2026-09-26 22:57:56,156 INFO BATCH us 400 records: exact=0.19s ann=0.00s model=0.29s total=0.50s 804.2 rows/s; time_left=169.3min
2026-09-26 22:57:56,625 INFO BATCH us 400 records: exact=0.16s ann=0.00s model=0.30s total=0.46s 862.1 rows/s; time_left=169.3min
2026-09-26 22:57:57,145 INFO BATCH us 400 records: exact=0.20s ann=0.00s model=0.30s total=0.51s 778.4 rows/s; time_left=169.3min
2026-09-26 22:57:57,625 INFO BATCH us 400 records: exact=0.17s ann=0.00s model=0.29s total=0.47s 845.5 rows/s; time_left=169.3min
2026-09-26 22:57:58,119 INFO BATCH us 400 records: exact=0.18s ann=0.00s model=0.30s total=0.49s 817.6 rows/s; time_left=169.3min
2026-09-26 22:57:58,600 INFO BATCH us 400 records: exact=0.17s ann=0.00s model=0.29s total=0.47s 843.1 rows/s; time_left=169.3min
2026-09-26 22:57:58,604 INFO PROGRESS 1060386/1732544 enhanced_rows=822473 fallback_rows=0
2026-09-26 22:57:59,117 INFO BATCH us 400 records: exact=0.20s ann=0.00s model=0.30s total=0.51s 780.1 rows/s; time_left=169.3min
2026-09-26 22:57:59,587 INFO BATCH us 400 records: exact=0.17s ann=0.00s model=0.28s total=0.46s 863.1 rows/s; time_left=169.3min
2026-09-26 22:58:00,091 INFO BATCH us 400 records: exact=0.19s ann=0.00s model=0.30s total=0.50s 802.3 rows/s; time_left=169.3min
2026-09-26 22:58:00,631 INFO BATCH us 400 records: exact=0.22s ann=0.00s model=0.30s total=0.53s 751.3 rows/s; time_left=169.2min
2026-09-26 22:58:01,147 INFO BATCH us 400 records: exact=0.20s ann=0.00s model=0.30s total=0.51s 785.1 rows/s; time_left=169.2min
2026-09-26 22:58:01,671 INFO BATCH us 400 records: exact=0.19s ann=0.00s model=0.31s total=0.52s 773.9 rows/s; time_left=169.2min
2026-09-26 22:58:02,208 INFO BATCH us 400 records: exact=0.22s ann=0.00s model=0.31s total=0.53s 751.4 rows/s; time_left=169.2min
2026-09-26 22:58:02,743 INFO BATCH us 400 records: exact=0.22s ann=0.00s model=0.30s total=0.53s 757.5 rows/s; time_left=169.2min
2026-09-26 22:58:03,270 INFO BATCH us 400 records: exact=0.21s ann=0.00s model=0.31s total=0.52s 765.7 rows/s; time_left=169.2min
2026-09-26 22:58:03,761 INFO BATCH us 400 records: exact=0.19s ann=0.00s model=0.29s total=0.48s 825.9 rows/s; time_left=169.2min
2026-09-26 22:58:04,270 INFO BATCH us 400 records: exact=0.19s ann=0.00s model=0.30s total=0.50s 794.7 rows/s; time_left=169.2min
2026-09-26 22:58:04,781 INFO BATCH us 400 records: exact=0.19s ann=0.00s model=0.31s total=0.50s 795.2 rows/s; time_left=169.2min
2026-09-26 22:58:04,787 INFO PROGRESS 1065186/1732544 enhanced_rows=826332 fallback_rows=0
2026-09-26 22:58:05,264 INFO BATCH us 400 records: exact=0.17s ann=0.00s model=0.30s total=0.48s 840.1 rows/s; time_left=169.2min
2026-09-26 22:58:05,773 INFO BATCH us 400 records: exact=0.19s ann=0.00s model=0.30s total=0.50s 796.0 rows/s; time_left=169.2min
2026-09-26 22:58:06,254 INFO BATCH us 400 records: exact=0.17s ann=0.00s model=0.29s total=0.48s 839.7 rows/s; time_left=169.2min
2026-09-26 22:58:07,545 INFO BATCH us 400 records: exact=0.54s ann=0.00s model=0.72s total=1.29s 311.1 rows/s; time_left=169.1min
2026-09-26 22:58:08,734 INFO BATCH us 400 records: exact=0.44s ann=0.00s model=0.72s total=1.18s 339.2 rows/s; time_left=169.1min
2026-09-26 22:58:09,829 INFO BATCH us 400 records: exact=0.38s ann=0.00s model=0.68s total=1.09s 367.6 rows/s; time_left=169.1min
2026-09-26 22:58:10,992 INFO BATCH us 400 records: exact=0.45s ann=0.00s model=0.69s total=1.16s 345.8 rows/s; time_left=169.1min
2026-09-26 22:58:12,134 INFO BATCH us 400 records: exact=0.43s ann=0.00s model=0.68s total=1.13s 352.7 rows/s; time_left=169.1min
2026-09-26 22:58:13,347 INFO BATCH us 400 records: exact=0.47s ann=0.00s model=0.72s total=1.21s 331.6 rows/s; time_left=169.0min
2026-09-26 22:58:14,515 INFO BATCH us 400 records: exact=0.45s ann=0.00s model=0.69s total=1.16s 344.5 rows/s; time_left=169.0min
2026-09-26 22:58:15,760 INFO BATCH us 400 records: exact=0.49s ann=0.00s model=0.71s total=1.23s 325.6 rows/s; time_left=169.0min
2026-09-26 22:58:16,888 INFO BATCH us 400 records: exact=0.43s ann=0.00s model=0.66s total=1.11s 359.8 rows/s; time_left=169.0min
2026-09-26 22:58:18,119 INFO BATCH us 400 records: exact=0.49s ann=0.00s model=0.70s total=1.21s 329.4 rows/s; time_left=169.0min
2026-09-26 22:58:18,126 INFO PROGRESS 1070386/1732544 enhanced_rows=830582 fallback_rows=0
2026-09-26 22:58:19,097 INFO BATCH us 400 records: exact=0.34s ann=0.00s model=0.61s total=0.97s 412.2 rows/s; time_left=168.9min
2026-09-26 22:58:20,164 INFO BATCH us 400 records: exact=0.39s ann=0.00s model=0.64s total=1.05s 381.3 rows/s; time_left=168.9min
2026-09-26 22:58:21,321 INFO BATCH us 400 records: exact=0.44s ann=0.00s model=0.69s total=1.15s 348.5 rows/s; time_left=168.9min
2026-09-26 22:58:22,488 INFO BATCH us 400 records: exact=0.41s ann=0.00s model=0.72s total=1.15s 347.3 rows/s; time_left=168.9min
2026-09-26 22:58:23,637 INFO BATCH us 400 records: exact=0.42s ann=0.00s model=0.70s total=1.14s 351.7 rows/s; time_left=168.9min
2026-09-26 22:58:24,681 INFO BATCH us 400 records: exact=0.37s ann=0.00s model=0.65s total=1.04s 386.2 rows/s; time_left=168.8min
2026-09-26 22:58:25,970 INFO BATCH us 400 records: exact=0.51s ann=0.00s model=0.74s total=1.27s 314.4 rows/s; time_left=168.8min
2026-09-26 22:58:27,145 INFO BATCH us 400 records: exact=0.43s ann=0.00s model=0.72s total=1.17s 342.7 rows/s; time_left=168.8min
2026-09-26 22:58:28,279 INFO BATCH us 400 records: exact=0.44s ann=0.00s model=0.66s total=1.12s 358.1 rows/s; time_left=168.8min
2026-09-26 22:58:29,378 INFO BATCH us 400 records: exact=0.37s ann=0.00s model=0.69s total=1.08s 369.4 rows/s; time_left=168.8min
2026-09-26 22:58:30,524 INFO BATCH us 400 records: exact=0.43s ann=0.00s model=0.68s total=1.13s 354.0 rows/s; time_left=168.7min
2026-09-26 22:58:31,729 INFO BATCH us 400 records: exact=0.47s ann=0.00s model=0.69s total=1.19s 336.8 rows/s; time_left=168.7min
2026-09-26 22:58:31,736 INFO PROGRESS 1075186/1732544 enhanced_rows=834508 fallback_rows=0
2026-09-26 22:58:32,940 INFO BATCH us 400 records: exact=0.50s ann=0.00s model=0.68s total=1.20s 332.7 rows/s; time_left=168.7min
2026-09-26 22:58:34,081 INFO BATCH us 400 records: exact=0.44s ann=0.00s model=0.67s total=1.13s 355.6 rows/s; time_left=168.7min
2026-09-26 22:58:35,240 INFO BATCH us 400 records: exact=0.43s ann=0.00s model=0.69s total=1.14s 350.2 rows/s; time_left=168.7min
2026-09-26 22:58:36,419 INFO BATCH us 400 records: exact=0.46s ann=0.00s model=0.68s total=1.16s 344.1 rows/s; time_left=168.6min
2026-09-26 22:58:37,534 INFO BATCH us 400 records: exact=0.41s ann=0.00s model=0.68s total=1.11s 361.3 rows/s; time_left=168.6min
2026-09-26 22:58:38,646 INFO BATCH us 400 records: exact=0.42s ann=0.00s model=0.66s total=1.10s 362.0 rows/s; time_left=168.6min
2026-09-26 22:58:39,742 INFO BATCH us 400 records: exact=0.40s ann=0.00s model=0.66s total=1.09s 367.9 rows/s; time_left=168.6min
2026-09-26 22:58:40,768 INFO BATCH us 400 records: exact=0.36s ann=0.00s model=0.64s total=1.02s 392.3 rows/s; time_left=168.6min
2026-09-26 22:58:41,774 INFO BATCH us 400 records: exact=0.35s ann=0.00s model=0.62s total=0.99s 404.5 rows/s; time_left=168.6min
2026-09-26 22:58:42,889 INFO BATCH us 400 records: exact=0.41s ann=0.00s model=0.66s total=1.10s 364.2 rows/s; time_left=168.5min
2026-09-26 22:58:44,000 INFO BATCH us 400 records: exact=0.41s ann=0.00s model=0.67s total=1.10s 362.3 rows/s; time_left=168.5min
2026-09-26 22:58:44,682 INFO BATCH us 400 records: exact=0.33s ann=0.00s model=0.33s total=0.67s 593.9 rows/s; time_left=168.5min
2026-09-26 22:58:45,201 INFO BATCH us 400 records: exact=0.18s ann=0.00s model=0.31s total=0.51s 790.4 rows/s; time_left=168.5min
2026-09-26 22:58:45,214 INFO PROGRESS 1080386/1732544 enhanced_rows=838707 fallback_rows=0
2026-09-26 22:58:45,720 INFO BATCH us 400 records: exact=0.20s ann=0.00s model=0.29s total=0.50s 792.1 rows/s; time_left=168.5min
2026-09-26 22:58:46,277 INFO BATCH us 400 records: exact=0.22s ann=0.00s model=0.31s total=0.54s 737.7 rows/s; time_left=168.5min
2026-09-26 22:58:46,819 INFO BATCH us 400 records: exact=0.22s ann=0.00s model=0.31s total=0.54s 743.4 rows/s; time_left=168.5min
2026-09-26 22:58:47,366 INFO BATCH us 400 records: exact=0.21s ann=0.00s model=0.32s total=0.54s 737.9 rows/s; time_left=168.5min
2026-09-26 22:58:47,907 INFO BATCH us 400 records: exact=0.22s ann=0.00s model=0.30s total=0.54s 746.6 rows/s; time_left=168.5min
2026-09-26 22:58:48,453 INFO BATCH us 400 records: exact=0.19s ann=0.00s model=0.33s total=0.53s 753.8 rows/s; time_left=168.4min
2026-09-26 22:58:48,972 INFO BATCH us 400 records: exact=0.20s ann=0.00s model=0.30s total=0.50s 792.7 rows/s; time_left=168.4min
2026-09-26 22:58:49,494 INFO BATCH us 400 records: exact=0.19s ann=0.00s model=0.31s total=0.51s 785.7 rows/s; time_left=168.4min
2026-09-26 22:58:50,033 INFO BATCH us 400 records: exact=0.22s ann=0.00s model=0.30s total=0.53s 750.0 rows/s; time_left=168.4min
2026-09-26 22:58:50,521 INFO BATCH us 400 records: exact=0.18s ann=0.00s model=0.28s total=0.47s 845.7 rows/s; time_left=168.4min
2026-09-26 22:58:51,065 INFO BATCH us 400 records: exact=0.22s ann=0.00s model=0.30s total=0.53s 753.6 rows/s; time_left=168.4min
2026-09-26 22:58:51,541 INFO BATCH us 400 records: exact=0.18s ann=0.00s model=0.28s total=0.47s 847.3 rows/s; time_left=168.4min
2026-09-26 22:58:51,555 INFO PROGRESS 1085186/1732544 enhanced_rows=842603 fallback_rows=0
2026-09-26 22:58:52,037 INFO BATCH us 400 records: exact=0.18s ann=0.00s model=0.29s total=0.48s 832.2 rows/s; time_left=168.4min
2026-09-26 22:58:52,524 INFO BATCH us 400 records: exact=0.19s ann=0.00s model=0.29s total=0.48s 829.4 rows/s; time_left=168.4min
2026-09-26 22:58:53,053 INFO BATCH us 400 records: exact=0.21s ann=0.00s model=0.30s total=0.51s 777.8 rows/s; time_left=168.4min
2026-09-26 22:58:53,613 INFO BATCH us 400 records: exact=0.24s ann=0.00s model=0.29s total=0.55s 733.0 rows/s; time_left=168.4min
2026-09-26 22:58:54,093 INFO BATCH us 400 records: exact=0.17s ann=0.00s model=0.29s total=0.47s 846.2 rows/s; time_left=168.4min
2026-09-26 22:58:54,662 INFO BATCH us 400 records: exact=0.23s ann=0.00s model=0.32s total=0.56s 708.9 rows/s; time_left=168.3min
2026-09-26 22:58:55,171 INFO BATCH us 400 records: exact=0.20s ann=0.00s model=0.29s total=0.50s 795.5 rows/s; time_left=168.3min
2026-09-26 22:58:55,652 INFO BATCH us 400 records: exact=0.17s ann=0.00s model=0.29s total=0.48s 842.0 rows/s; time_left=168.3min
2026-09-26 22:58:56,134 INFO BATCH us 400 records: exact=0.18s ann=0.00s model=0.29s total=0.48s 835.6 rows/s; time_left=168.3min
2026-09-26 22:58:56,616 INFO BATCH us 400 records: exact=0.17s ann=0.00s model=0.29s total=0.48s 841.6 rows/s; time_left=168.3min
2026-09-26 22:58:57,117 INFO BATCH us 400 records: exact=0.19s ann=0.00s model=0.29s total=0.49s 812.1 rows/s; time_left=168.3min
2026-09-26 22:58:57,590 INFO BATCH us 400 records: exact=0.17s ann=0.00s model=0.28s total=0.47s 860.0 rows/s; time_left=168.3min
2026-09-26 22:58:58,081 INFO BATCH us 400 records: exact=0.19s ann=0.00s model=0.29s total=0.49s 822.3 rows/s; time_left=168.3min
2026-09-26 22:58:58,087 INFO PROGRESS 1090386/1732544 enhanced_rows=846849 fallback_rows=0
2026-09-26 22:58:58,619 INFO BATCH us 400 records: exact=0.21s ann=0.00s model=0.31s total=0.53s 752.2 rows/s; time_left=168.3min
2026-09-26 22:58:59,096 INFO BATCH us 400 records: exact=0.18s ann=0.00s model=0.28s total=0.47s 851.2 rows/s; time_left=168.3min
2026-09-26 22:58:59,635 INFO BATCH us 400 records: exact=0.22s ann=0.00s model=0.31s total=0.53s 752.1 rows/s; time_left=168.3min
2026-09-26 22:59:00,078 INFO BATCH us 400 records: exact=0.16s ann=0.00s model=0.27s total=0.44s 910.7 rows/s; time_left=168.3min
2026-09-26 22:59:00,621 INFO BATCH us 400 records: exact=0.22s ann=0.00s model=0.31s total=0.54s 745.9 rows/s; time_left=168.2min
2026-09-26 22:59:01,160 INFO BATCH us 400 records: exact=0.22s ann=0.00s model=0.30s total=0.53s 752.4 rows/s; time_left=168.2min
2026-09-26 22:59:01,728 INFO BATCH us 400 records: exact=0.23s ann=0.00s model=0.33s total=0.56s 710.6 rows/s; time_left=168.2min
2026-09-26 22:59:02,204 INFO BATCH us 400 records: exact=0.18s ann=0.00s model=0.28s total=0.47s 848.5 rows/s; time_left=168.2min
2026-09-26 22:59:02,792 INFO BATCH us 400 records: exact=0.19s ann=0.00s model=0.38s total=0.58s 687.6 rows/s; time_left=168.2min
2026-09-26 22:59:03,273 INFO BATCH us 400 records: exact=0.18s ann=0.00s model=0.29s total=0.48s 839.3 rows/s; time_left=168.2min
2026-09-26 22:59:03,745 INFO BATCH us 400 records: exact=0.17s ann=0.00s model=0.28s total=0.46s 861.1 rows/s; time_left=168.2min
2026-09-26 22:59:04,225 INFO BATCH us 400 records: exact=0.18s ann=0.00s model=0.28s total=0.47s 844.7 rows/s; time_left=168.2min
2026-09-26 22:59:04,228 INFO PROGRESS 1095186/1732544 enhanced_rows=850752 fallback_rows=0
2026-09-26 22:59:04,708 INFO BATCH us 400 records: exact=0.19s ann=0.00s model=0.28s total=0.48s 834.2 rows/s; time_left=168.2min
2026-09-26 22:59:05,182 INFO BATCH us 400 records: exact=0.17s ann=0.00s model=0.29s total=0.47s 854.8 rows/s; time_left=168.2min
2026-09-26 22:59:05,677 INFO BATCH us 400 records: exact=0.19s ann=0.00s model=0.29s total=0.49s 822.6 rows/s; time_left=168.2min
2026-09-26 22:59:06,133 INFO BATCH us 400 records: exact=0.17s ann=0.00s model=0.27s total=0.45s 889.5 rows/s; time_left=168.2min
2026-09-26 22:59:06,642 INFO BATCH us 400 records: exact=0.20s ann=0.00s model=0.30s total=0.50s 795.5 rows/s; time_left=168.1min
2026-09-26 22:59:07,202 INFO BATCH us 400 records: exact=0.24s ann=0.00s model=0.30s total=0.55s 722.9 rows/s; time_left=168.1min
2026-09-26 22:59:07,703 INFO BATCH us 400 records: exact=0.18s ann=0.00s model=0.31s total=0.50s 806.5 rows/s; time_left=168.1min
2026-09-26 22:59:08,208 INFO BATCH us 400 records: exact=0.20s ann=0.00s model=0.29s total=0.50s 801.7 rows/s; time_left=168.1min
2026-09-26 22:59:08,738 INFO BATCH us 400 records: exact=0.19s ann=0.00s model=0.32s total=0.52s 764.5 rows/s; time_left=168.1min
2026-09-26 22:59:09,226 INFO BATCH us 400 records: exact=0.19s ann=0.00s model=0.28s total=0.48s 831.4 rows/s; time_left=168.1min
2026-09-26 22:59:09,735 INFO BATCH us 400 records: exact=0.20s ann=0.00s model=0.29s total=0.50s 797.5 rows/s; time_left=168.1min
2026-09-26 22:59:10,220 INFO BATCH us 400 records: exact=0.17s ann=0.00s model=0.30s total=0.48s 831.7 rows/s; time_left=168.1min
2026-09-26 22:59:10,711 INFO BATCH us 400 records: exact=0.18s ann=0.00s model=0.29s total=0.49s 824.1 rows/s; time_left=168.1min
2026-09-26 22:59:10,717 INFO PROGRESS 1100386/1732544 enhanced_rows=854960 fallback_rows=0
2026-09-26 22:59:11,207 INFO BATCH us 400 records: exact=0.18s ann=0.00s model=0.30s total=0.49s 817.7 rows/s; time_left=168.1min
2026-09-26 22:59:11,673 INFO BATCH us 400 records: exact=0.18s ann=0.00s model=0.28s total=0.46s 865.1 rows/s; time_left=168.1min
2026-09-26 22:59:12,200 INFO BATCH us 400 records: exact=0.21s ann=0.00s model=0.30s total=0.52s 768.5 rows/s; time_left=168.1min
2026-09-26 22:59:12,726 INFO BATCH us 400 records: exact=0.21s ann=0.00s model=0.30s total=0.52s 771.1 rows/s; time_left=168.0min
2026-09-26 22:59:13,176 INFO BATCH us 400 records: exact=0.16s ann=0.00s model=0.28s total=0.45s 896.3 rows/s; time_left=168.0min
2026-09-26 22:59:13,659 INFO BATCH us 400 records: exact=0.18s ann=0.00s model=0.29s total=0.48s 839.0 rows/s; time_left=168.0min
2026-09-26 22:59:14,133 INFO BATCH us 400 records: exact=0.18s ann=0.00s model=0.28s total=0.47s 855.0 rows/s; time_left=168.0min
2026-09-26 22:59:14,610 INFO BATCH us 400 records: exact=0.17s ann=0.00s model=0.29s total=0.47s 850.3 rows/s; time_left=168.0min
2026-09-26 22:59:15,081 INFO BATCH us 400 records: exact=0.17s ann=0.00s model=0.29s total=0.46s 860.3 rows/s; time_left=168.0min
2026-09-26 22:59:15,573 INFO BATCH us 400 records: exact=0.18s ann=0.00s model=0.29s total=0.49s 823.2 rows/s; time_left=168.0min
2026-09-26 22:59:16,120 INFO BATCH us 400 records: exact=0.22s ann=0.00s model=0.31s total=0.54s 736.5 rows/s; time_left=168.0min
2026-09-26 22:59:16,607 INFO BATCH us 400 records: exact=0.20s ann=0.00s model=0.28s total=0.48s 827.2 rows/s; time_left=168.0min
2026-09-26 22:59:16,610 INFO PROGRESS 1105186/1732544 enhanced_rows=858865 fallback_rows=0
2026-09-26 22:59:17,089 INFO BATCH us 400 records: exact=0.17s ann=0.00s model=0.29s total=0.48s 836.5 rows/s; time_left=168.0min
2026-09-26 22:59:17,618 INFO BATCH us 400 records: exact=0.21s ann=0.00s model=0.30s total=0.52s 766.1 rows/s; time_left=168.0min
2026-09-26 22:59:18,128 INFO BATCH us 400 records: exact=0.19s ann=0.00s model=0.30s total=0.50s 794.7 rows/s; time_left=168.0min
2026-09-26 22:59:18,673 INFO BATCH us 400 records: exact=0.22s ann=0.00s model=0.31s total=0.54s 739.9 rows/s; time_left=167.9min
2026-09-26 22:59:19,157 INFO BATCH us 400 records: exact=0.17s ann=0.00s model=0.29s total=0.48s 836.4 rows/s; time_left=167.9min
2026-09-26 22:59:19,619 INFO BATCH us 400 records: exact=0.16s ann=0.00s model=0.29s total=0.46s 875.6 rows/s; time_left=167.9min
2026-09-26 22:59:20,146 INFO BATCH us 400 records: exact=0.21s ann=0.00s model=0.30s total=0.52s 765.0 rows/s; time_left=167.9min
2026-09-26 22:59:20,693 INFO BATCH us 400 records: exact=0.22s ann=0.00s model=0.31s total=0.54s 740.9 rows/s; time_left=167.9min
2026-09-26 22:59:21,181 INFO BATCH us 400 records: exact=0.18s ann=0.00s model=0.30s total=0.49s 824.4 rows/s; time_left=167.9min
2026-09-26 22:59:21,695 INFO BATCH us 400 records: exact=0.19s ann=0.00s model=0.30s total=0.51s 788.3 rows/s; time_left=167.9min
2026-09-26 22:59:22,202 INFO BATCH us 400 records: exact=0.20s ann=0.00s model=0.29s total=0.50s 799.8 rows/s; time_left=167.9min
2026-09-26 22:59:22,728 INFO BATCH us 400 records: exact=0.21s ann=0.00s model=0.30s total=0.52s 766.8 rows/s; time_left=167.9min
2026-09-26 22:59:23,242 INFO BATCH us 400 records: exact=0.20s ann=0.00s model=0.29s total=0.51s 788.1 rows/s; time_left=167.9min
2026-09-26 22:59:23,245 INFO PROGRESS 1110386/1732544 enhanced_rows=863126 fallback_rows=0
2026-09-26 22:59:23,825 INFO BATCH us 400 records: exact=0.24s ann=0.00s model=0.33s total=0.58s 691.0 rows/s; time_left=167.9min
2026-09-26 22:59:24,389 INFO BATCH us 400 records: exact=0.23s ann=0.00s model=0.32s total=0.56s 714.7 rows/s; time_left=167.9min
2026-09-26 22:59:24,908 INFO BATCH us 400 records: exact=0.20s ann=0.00s model=0.30s total=0.51s 780.5 rows/s; time_left=167.8min
2026-09-26 22:59:25,367 INFO BATCH us 400 records: exact=0.16s ann=0.00s model=0.29s total=0.45s 879.7 rows/s; time_left=167.8min
2026-09-26 22:59:25,865 INFO BATCH us 400 records: exact=0.19s ann=0.00s model=0.29s total=0.49s 811.2 rows/s; time_left=167.8min
2026-09-26 22:59:26,373 INFO BATCH us 400 records: exact=0.19s ann=0.00s model=0.30s total=0.50s 795.4 rows/s; time_left=167.8min
2026-09-26 22:59:26,900 INFO BATCH us 400 records: exact=0.20s ann=0.00s model=0.31s total=0.52s 764.9 rows/s; time_left=167.8min
2026-09-26 22:59:27,441 INFO BATCH us 400 records: exact=0.21s ann=0.00s model=0.31s total=0.54s 746.3 rows/s; time_left=167.8min
2026-09-26 22:59:27,986 INFO BATCH us 400 records: exact=0.22s ann=0.00s model=0.31s total=0.54s 741.0 rows/s; time_left=167.8min
2026-09-26 22:59:28,489 INFO BATCH us 400 records: exact=0.19s ann=0.00s model=0.29s total=0.50s 802.0 rows/s; time_left=167.8min
2026-09-26 22:59:28,956 INFO BATCH us 400 records: exact=0.17s ann=0.00s model=0.28s total=0.46s 864.7 rows/s; time_left=167.8min
2026-09-26 22:59:29,502 INFO BATCH us 400 records: exact=0.22s ann=0.00s model=0.31s total=0.54s 737.4 rows/s; time_left=167.8min
2026-09-26 22:59:29,506 INFO PROGRESS 1115186/1732544 enhanced_rows=867081 fallback_rows=0
2026-09-26 22:59:30,019 INFO BATCH us 400 records: exact=0.18s ann=0.00s model=0.32s total=0.51s 780.4 rows/s; time_left=167.8min
2026-09-26 22:59:30,589 INFO BATCH us 400 records: exact=0.23s ann=0.00s model=0.32s total=0.57s 706.7 rows/s; time_left=167.7min
2026-09-26 22:59:31,086 INFO BATCH us 400 records: exact=0.19s ann=0.00s model=0.29s total=0.49s 812.4 rows/s; time_left=167.7min
2026-09-26 22:59:31,626 INFO BATCH us 400 records: exact=0.21s ann=0.00s model=0.32s total=0.53s 749.2 rows/s; time_left=167.7min
2026-09-26 22:59:32,139 INFO BATCH us 400 records: exact=0.20s ann=0.00s model=0.30s total=0.51s 786.6 rows/s; time_left=167.7min
2026-09-26 22:59:32,675 INFO BATCH us 400 records: exact=0.20s ann=0.00s model=0.31s total=0.53s 752.3 rows/s; time_left=167.7min
2026-09-26 22:59:33,164 INFO BATCH us 400 records: exact=0.19s ann=0.00s model=0.29s total=0.49s 824.3 rows/s; time_left=167.7min
2026-09-26 22:59:33,636 INFO BATCH us 400 records: exact=0.18s ann=0.00s model=0.28s total=0.47s 857.7 rows/s; time_left=167.7min
2026-09-26 22:59:34,142 INFO BATCH us 400 records: exact=0.19s ann=0.00s model=0.30s total=0.50s 802.1 rows/s; time_left=167.7min
2026-09-26 22:59:34,668 INFO BATCH us 400 records: exact=0.20s ann=0.00s model=0.31s total=0.52s 768.6 rows/s; time_left=167.7min
2026-09-26 22:59:35,204 INFO BATCH us 400 records: exact=0.22s ann=0.00s model=0.30s total=0.53s 756.2 rows/s; time_left=167.7min
2026-09-26 22:59:35,702 INFO BATCH us 400 records: exact=0.20s ann=0.00s model=0.29s total=0.49s 813.5 rows/s; time_left=167.7min
2026-09-26 22:59:36,228 INFO BATCH us 400 records: exact=0.22s ann=0.00s model=0.30s total=0.52s 767.6 rows/s; time_left=167.7min
2026-09-26 22:59:36,234 INFO PROGRESS 1120386/1732544 enhanced_rows=871306 fallback_rows=0
2026-09-26 22:59:36,731 INFO BATCH us 400 records: exact=0.18s ann=0.00s model=0.31s total=0.50s 806.4 rows/s; time_left=167.6min
2026-09-26 22:59:37,266 INFO BATCH us 400 records: exact=0.22s ann=0.00s model=0.30s total=0.53s 756.4 rows/s; time_left=167.6min
2026-09-26 22:59:37,758 INFO BATCH us 400 records: exact=0.18s ann=0.00s model=0.29s total=0.49s 823.6 rows/s; time_left=167.6min
2026-09-26 22:59:38,250 INFO BATCH us 400 records: exact=0.20s ann=0.00s model=0.28s total=0.49s 822.8 rows/s; time_left=167.6min
2026-09-26 22:59:38,769 INFO BATCH us 400 records: exact=0.21s ann=0.00s model=0.30s total=0.51s 781.3 rows/s; time_left=167.6min
2026-09-26 22:59:39,325 INFO BATCH us 400 records: exact=0.24s ann=0.00s model=0.31s total=0.55s 725.8 rows/s; time_left=167.6min
2026-09-26 22:59:39,861 INFO BATCH us 400 records: exact=0.21s ann=0.00s model=0.31s total=0.53s 753.0 rows/s; time_left=167.6min
2026-09-26 22:59:40,349 INFO BATCH us 400 records: exact=0.18s ann=0.00s model=0.29s total=0.48s 827.4 rows/s; time_left=167.6min
2026-09-26 22:59:40,865 INFO BATCH us 400 records: exact=0.19s ann=0.00s model=0.31s total=0.51s 779.9 rows/s; time_left=167.6min
2026-09-26 22:59:41,362 INFO BATCH us 400 records: exact=0.19s ann=0.00s model=0.29s total=0.49s 811.1 rows/s; time_left=167.6min
2026-09-26 22:59:41,876 INFO BATCH us 400 records: exact=0.19s ann=0.00s model=0.31s total=0.51s 787.3 rows/s; time_left=167.6min
2026-09-26 22:59:42,416 INFO BATCH us 400 records: exact=0.21s ann=0.00s model=0.31s total=0.53s 750.4 rows/s; time_left=167.5min
2026-09-26 22:59:42,422 INFO PROGRESS 1125186/1732544 enhanced_rows=875205 fallback_rows=0
2026-09-26 22:59:42,921 INFO BATCH us 400 records: exact=0.20s ann=0.00s model=0.29s total=0.50s 802.7 rows/s; time_left=167.5min
2026-09-26 22:59:43,446 INFO BATCH us 400 records: exact=0.21s ann=0.00s model=0.30s total=0.52s 768.7 rows/s; time_left=167.5min
2026-09-26 22:59:43,961 INFO BATCH us 400 records: exact=0.20s ann=0.00s model=0.30s total=0.51s 787.2 rows/s; time_left=167.5min
2026-09-26 22:59:44,440 INFO BATCH us 400 records: exact=0.17s ann=0.00s model=0.29s total=0.47s 843.3 rows/s; time_left=167.5min
2026-09-26 22:59:44,985 INFO BATCH us 400 records: exact=0.22s ann=0.00s model=0.31s total=0.54s 742.6 rows/s; time_left=167.5min
2026-09-26 22:59:45,478 INFO BATCH us 400 records: exact=0.18s ann=0.00s model=0.29s total=0.49s 824.2 rows/s; time_left=167.5min
2026-09-26 22:59:45,976 INFO BATCH us 400 records: exact=0.19s ann=0.00s model=0.29s total=0.49s 812.9 rows/s; time_left=167.5min
2026-09-26 22:59:46,528 INFO BATCH us 400 records: exact=0.23s ann=0.00s model=0.31s total=0.55s 733.5 rows/s; time_left=167.5min
2026-09-26 22:59:47,028 INFO BATCH us 400 records: exact=0.18s ann=0.00s model=0.30s total=0.49s 812.6 rows/s; time_left=167.5min
2026-09-26 22:59:47,547 INFO BATCH us 400 records: exact=0.22s ann=0.00s model=0.29s total=0.51s 777.5 rows/s; time_left=167.5min
2026-09-26 22:59:48,086 INFO BATCH us 400 records: exact=0.22s ann=0.00s model=0.31s total=0.53s 750.8 rows/s; time_left=167.5min
2026-09-26 22:59:48,604 INFO BATCH us 400 records: exact=0.20s ann=0.00s model=0.30s total=0.51s 777.5 rows/s; time_left=167.4min
2026-09-26 22:59:49,109 INFO BATCH us 400 records: exact=0.19s ann=0.00s model=0.30s total=0.50s 805.0 rows/s; time_left=167.4min
2026-09-26 22:59:49,114 INFO PROGRESS 1130386/1732544 enhanced_rows=879451 fallback_rows=0
2026-09-26 22:59:49,610 INFO BATCH us 400 records: exact=0.19s ann=0.00s model=0.30s total=0.49s 808.1 rows/s; time_left=167.4min
2026-09-26 22:59:50,077 INFO BATCH us 400 records: exact=0.16s ann=0.00s model=0.29s total=0.46s 868.6 rows/s; time_left=167.4min
2026-09-26 22:59:50,546 INFO BATCH us 400 records: exact=0.18s ann=0.00s model=0.27s total=0.46s 864.3 rows/s; time_left=167.4min
2026-09-26 22:59:51,017 INFO BATCH us 400 records: exact=0.18s ann=0.00s model=0.28s total=0.46s 862.7 rows/s; time_left=167.4min
2026-09-26 22:59:51,467 INFO BATCH us 400 records: exact=0.15s ann=0.00s model=0.28s total=0.44s 902.1 rows/s; time_left=167.4min
2026-09-26 22:59:51,968 INFO BATCH us 400 records: exact=0.19s ann=0.00s model=0.29s total=0.49s 809.6 rows/s; time_left=167.4min
2026-09-26 22:59:52,507 INFO BATCH us 400 records: exact=0.21s ann=0.00s model=0.31s total=0.53s 751.6 rows/s; time_left=167.4min
2026-09-26 22:59:53,084 INFO BATCH us 400 records: exact=0.22s ann=0.00s model=0.34s total=0.57s 700.7 rows/s; time_left=167.4min
2026-09-26 22:59:53,615 INFO BATCH us 400 records: exact=0.22s ann=0.00s model=0.29s total=0.52s 762.0 rows/s; time_left=167.4min
2026-09-26 22:59:54,149 INFO BATCH us 400 records: exact=0.21s ann=0.00s model=0.31s total=0.53s 754.8 rows/s; time_left=167.4min
2026-09-26 22:59:54,670 INFO BATCH us 400 records: exact=0.19s ann=0.00s model=0.32s total=0.52s 775.5 rows/s; time_left=167.3min
2026-09-26 22:59:55,215 INFO BATCH us 400 records: exact=0.21s ann=0.00s model=0.32s total=0.54s 740.0 rows/s; time_left=167.3min
2026-09-26 22:59:55,222 INFO PROGRESS 1135186/1732544 enhanced_rows=883399 fallback_rows=0
2026-09-26 22:59:55,742 INFO BATCH us 400 records: exact=0.21s ann=0.00s model=0.30s total=0.52s 771.0 rows/s; time_left=167.3min
2026-09-26 22:59:56,293 INFO BATCH us 400 records: exact=0.21s ann=0.00s model=0.32s total=0.55s 731.1 rows/s; time_left=167.3min
2026-09-26 22:59:56,814 INFO BATCH us 400 records: exact=0.19s ann=0.00s model=0.31s total=0.52s 774.2 rows/s; time_left=167.3min
2026-09-26 22:59:57,349 INFO BATCH us 400 records: exact=0.23s ann=0.00s model=0.29s total=0.53s 755.7 rows/s; time_left=167.3min
2026-09-26 22:59:57,928 INFO BATCH us 400 records: exact=0.22s ann=0.00s model=0.34s total=0.57s 698.2 rows/s; time_left=167.3min
2026-09-26 22:59:58,409 INFO BATCH us 400 records: exact=0.17s ann=0.00s model=0.29s total=0.48s 842.0 rows/s; time_left=167.3min
2026-09-26 22:59:58,925 INFO BATCH us 400 records: exact=0.19s ann=0.00s model=0.30s total=0.51s 784.8 rows/s; time_left=167.3min
2026-09-26 22:59:59,422 INFO BATCH us 400 records: exact=0.18s ann=0.00s model=0.30s total=0.49s 812.6 rows/s; time_left=167.3min
2026-09-26 22:59:59,927 INFO BATCH us 400 records: exact=0.18s ann=0.00s model=0.31s total=0.50s 802.0 rows/s; time_left=167.3min
2026-09-26 23:00:00,454 INFO BATCH us 400 records: exact=0.22s ann=0.00s model=0.29s total=0.52s 770.3 rows/s; time_left=167.2min
2026-09-26 23:00:00,969 INFO BATCH us 400 records: exact=0.19s ann=0.00s model=0.30s total=0.51s 787.7 rows/s; time_left=167.2min
2026-09-26 23:00:01,488 INFO BATCH us 400 records: exact=0.20s ann=0.00s model=0.30s total=0.51s 780.2 rows/s; time_left=167.2min
2026-09-26 23:00:02,042 INFO BATCH us 400 records: exact=0.22s ann=0.00s model=0.32s total=0.55s 730.8 rows/s; time_left=167.2min
2026-09-26 23:00:02,048 INFO PROGRESS 1140386/1732544 enhanced_rows=887638 fallback_rows=0
2026-09-26 23:00:02,513 INFO BATCH us 400 records: exact=0.17s ann=0.00s model=0.29s total=0.46s 861.1 rows/s; time_left=167.2min
2026-09-26 23:00:03,005 INFO BATCH us 400 records: exact=0.19s ann=0.00s model=0.29s total=0.49s 824.5 rows/s; time_left=167.2min
2026-09-26 23:00:03,478 INFO BATCH us 400 records: exact=0.18s ann=0.00s model=0.28s total=0.47s 851.7 rows/s; time_left=167.2min
2026-09-26 23:00:04,021 INFO BATCH us 400 records: exact=0.21s ann=0.00s model=0.31s total=0.54s 745.0 rows/s; time_left=167.2min
2026-09-26 23:00:04,505 INFO BATCH us 400 records: exact=0.17s ann=0.00s model=0.30s total=0.48s 835.0 rows/s; time_left=167.2min
2026-09-26 23:00:04,965 INFO BATCH us 400 records: exact=0.17s ann=0.00s model=0.28s total=0.46s 878.4 rows/s; time_left=167.2min
2026-09-26 23:00:05,487 INFO BATCH us 400 records: exact=0.21s ann=0.00s model=0.29s total=0.51s 778.7 rows/s; time_left=167.2min
2026-09-26 23:00:05,961 INFO BATCH us 400 records: exact=0.18s ann=0.00s model=0.28s total=0.47s 853.7 rows/s; time_left=167.2min
2026-09-26 23:00:06,495 INFO BATCH us 400 records: exact=0.21s ann=0.00s model=0.31s total=0.53s 758.5 rows/s; time_left=167.1min
2026-09-26 23:00:07,012 INFO BATCH us 400 records: exact=0.20s ann=0.00s model=0.30s total=0.51s 783.8 rows/s; time_left=167.1min
2026-09-26 23:00:07,471 INFO BATCH us 400 records: exact=0.17s ann=0.00s model=0.27s total=0.45s 886.8 rows/s; time_left=167.1min
2026-09-26 23:00:07,970 INFO BATCH us 400 records: exact=0.19s ann=0.00s model=0.29s total=0.49s 810.9 rows/s; time_left=167.1min
2026-09-26 23:00:07,976 INFO PROGRESS 1145186/1732544 enhanced_rows=891530 fallback_rows=0
2026-09-26 23:00:08,514 INFO BATCH us 400 records: exact=0.22s ann=0.00s model=0.31s total=0.54s 744.2 rows/s; time_left=167.1min
2026-09-26 23:00:09,014 INFO BATCH us 400 records: exact=0.19s ann=0.00s model=0.29s total=0.50s 807.5 rows/s; time_left=167.1min
2026-09-26 23:00:09,490 INFO BATCH us 400 records: exact=0.17s ann=0.00s model=0.29s total=0.47s 851.8 rows/s; time_left=167.1min
2026-09-26 23:00:09,969 INFO BATCH us 400 records: exact=0.18s ann=0.00s model=0.28s total=0.47s 847.9 rows/s; time_left=167.1min
2026-09-26 23:00:10,455 INFO BATCH us 400 records: exact=0.19s ann=0.00s model=0.29s total=0.48s 828.5 rows/s; time_left=167.1min
2026-09-26 23:00:10,959 INFO BATCH us 400 records: exact=0.20s ann=0.00s model=0.29s total=0.50s 805.2 rows/s; time_left=167.1min
2026-09-26 23:00:11,458 INFO BATCH us 400 records: exact=0.18s ann=0.00s model=0.30s total=0.49s 811.2 rows/s; time_left=167.1min
2026-09-26 23:00:11,991 INFO BATCH us 400 records: exact=0.20s ann=0.00s model=0.31s total=0.53s 760.0 rows/s; time_left=167.1min
2026-09-26 23:00:12,510 INFO BATCH us 400 records: exact=0.21s ann=0.00s model=0.29s total=0.51s 781.3 rows/s; time_left=167.0min
2026-09-26 23:00:13,023 INFO BATCH us 400 records: exact=0.21s ann=0.00s model=0.29s total=0.51s 788.2 rows/s; time_left=167.0min
2026-09-26 23:00:13,513 INFO BATCH us 400 records: exact=0.18s ann=0.00s model=0.30s total=0.48s 826.0 rows/s; time_left=167.0min
2026-09-26 23:00:14,029 INFO BATCH us 400 records: exact=0.21s ann=0.00s model=0.29s total=0.51s 781.1 rows/s; time_left=167.0min
2026-09-26 23:00:14,531 INFO BATCH us 400 records: exact=0.18s ann=0.00s model=0.31s total=0.50s 803.7 rows/s; time_left=167.0min
2026-09-26 23:00:14,534 INFO PROGRESS 1150386/1732544 enhanced_rows=895767 fallback_rows=0
2026-09-26 23:00:15,052 INFO BATCH us 400 records: exact=0.20s ann=0.00s model=0.31s total=0.52s 774.3 rows/s; time_left=167.0min
2026-09-26 23:00:15,537 INFO BATCH us 400 records: exact=0.18s ann=0.00s model=0.29s total=0.48s 834.5 rows/s; time_left=167.0min
2026-09-26 23:00:16,015 INFO BATCH us 400 records: exact=0.15s ann=0.00s model=0.31s total=0.47s 847.9 rows/s; time_left=167.0min
2026-09-26 23:00:16,530 INFO BATCH us 400 records: exact=0.21s ann=0.00s model=0.29s total=0.51s 787.4 rows/s; time_left=167.0min
2026-09-26 23:00:17,052 INFO BATCH us 400 records: exact=0.19s ann=0.00s model=0.31s total=0.52s 776.0 rows/s; time_left=167.0min
2026-09-26 23:00:17,554 INFO BATCH us 400 records: exact=0.20s ann=0.00s model=0.29s total=0.50s 805.8 rows/s; time_left=167.0min
2026-09-26 23:00:18,094 INFO BATCH us 400 records: exact=0.20s ann=0.00s model=0.32s total=0.53s 748.3 rows/s; time_left=167.0min
2026-09-26 23:00:18,605 INFO BATCH us 400 records: exact=0.19s ann=0.00s model=0.30s total=0.51s 791.8 rows/s; time_left=166.9min
2026-09-26 23:00:19,099 INFO BATCH us 400 records: exact=0.20s ann=0.00s model=0.28s total=0.49s 820.2 rows/s; time_left=166.9min
2026-09-26 23:00:19,599 INFO BATCH us 400 records: exact=0.19s ann=0.00s model=0.30s total=0.49s 811.6 rows/s; time_left=166.9min
2026-09-26 23:00:20,073 INFO BATCH us 400 records: exact=0.18s ann=0.00s model=0.28s total=0.47s 851.3 rows/s; time_left=166.9min
2026-09-26 23:00:20,553 INFO BATCH us 400 records: exact=0.17s ann=0.00s model=0.30s total=0.48s 840.8 rows/s; time_left=166.9min
2026-09-26 23:00:20,557 INFO PROGRESS 1155186/1732544 enhanced_rows=899671 fallback_rows=0
2026-09-26 23:00:21,070 INFO BATCH us 400 records: exact=0.21s ann=0.00s model=0.30s total=0.51s 781.2 rows/s; time_left=166.9min
2026-09-26 23:00:21,608 INFO BATCH us 400 records: exact=0.23s ann=0.00s model=0.29s total=0.53s 753.5 rows/s; time_left=166.9min
2026-09-26 23:00:22,115 INFO BATCH us 400 records: exact=0.18s ann=0.00s model=0.30s total=0.50s 798.7 rows/s; time_left=166.9min
2026-09-26 23:00:22,631 INFO BATCH us 400 records: exact=0.21s ann=0.00s model=0.29s total=0.51s 780.2 rows/s; time_left=166.9min
2026-09-26 23:00:23,112 INFO BATCH us 400 records: exact=0.17s ann=0.00s model=0.30s total=0.47s 843.3 rows/s; time_left=166.9min
2026-09-26 23:00:23,624 INFO BATCH us 400 records: exact=0.20s ann=0.00s model=0.29s total=0.51s 791.4 rows/s; time_left=166.9min
2026-09-26 23:00:24,157 INFO BATCH us 400 records: exact=0.20s ann=0.00s model=0.31s total=0.53s 757.0 rows/s; time_left=166.9min
2026-09-26 23:00:24,670 INFO BATCH us 400 records: exact=0.21s ann=0.00s model=0.29s total=0.51s 788.9 rows/s; time_left=166.8min
2026-09-26 23:00:25,153 INFO BATCH us 400 records: exact=0.18s ann=0.00s model=0.29s total=0.48s 838.1 rows/s; time_left=166.8min
2026-09-26 23:00:25,686 INFO BATCH us 400 records: exact=0.19s ann=0.00s model=0.32s total=0.53s 758.5 rows/s; time_left=166.8min
2026-09-26 23:00:26,177 INFO BATCH us 400 records: exact=0.19s ann=0.00s model=0.29s total=0.48s 825.8 rows/s; time_left=166.8min
2026-09-26 23:00:26,667 INFO BATCH us 400 records: exact=0.18s ann=0.00s model=0.29s total=0.49s 823.5 rows/s; time_left=166.8min
2026-09-26 23:00:27,182 INFO BATCH us 400 records: exact=0.20s ann=0.00s model=0.30s total=0.51s 782.8 rows/s; time_left=166.8min
2026-09-26 23:00:27,188 INFO PROGRESS 1160386/1732544 enhanced_rows=903926 fallback_rows=0
2026-09-26 23:00:27,681 INFO BATCH us 400 records: exact=0.20s ann=0.00s model=0.29s total=0.49s 811.8 rows/s; time_left=166.8min
2026-09-26 23:00:28,146 INFO BATCH us 400 records: exact=0.17s ann=0.00s model=0.28s total=0.46s 869.9 rows/s; time_left=166.8min
2026-09-26 23:00:28,637 INFO BATCH us 400 records: exact=0.19s ann=0.00s model=0.28s total=0.49s 821.3 rows/s; time_left=166.8min
2026-09-26 23:00:29,139 INFO BATCH us 400 records: exact=0.20s ann=0.00s model=0.29s total=0.50s 806.8 rows/s; time_left=166.8min
2026-09-26 23:00:29,644 INFO BATCH us 400 records: exact=0.19s ann=0.00s model=0.30s total=0.50s 802.7 rows/s; time_left=166.8min
2026-09-26 23:00:30,181 INFO BATCH us 400 records: exact=0.22s ann=0.00s model=0.29s total=0.53s 753.4 rows/s; time_left=166.8min
2026-09-26 23:00:30,661 INFO BATCH us 400 records: exact=0.18s ann=0.00s model=0.28s total=0.47s 846.1 rows/s; time_left=166.7min
2026-09-26 23:00:31,177 INFO BATCH us 400 records: exact=0.20s ann=0.00s model=0.30s total=0.51s 780.9 rows/s; time_left=166.7min
2026-09-26 23:00:31,685 INFO BATCH us 400 records: exact=0.22s ann=0.00s model=0.27s total=0.50s 796.1 rows/s; time_left=166.7min
2026-09-26 23:00:32,141 INFO BATCH us 400 records: exact=0.17s ann=0.00s model=0.27s total=0.45s 888.3 rows/s; time_left=166.7min
2026-09-26 23:00:32,703 INFO BATCH us 400 records: exact=0.24s ann=0.00s model=0.31s total=0.55s 721.5 rows/s; time_left=166.7min
2026-09-26 23:00:33,203 INFO BATCH us 400 records: exact=0.19s ann=0.00s model=0.29s total=0.49s 809.5 rows/s; time_left=166.7min
2026-09-26 23:00:33,208 INFO PROGRESS 1165186/1732544 enhanced_rows=907787 fallback_rows=0
2026-09-26 23:00:33,698 INFO BATCH us 400 records: exact=0.19s ann=0.00s model=0.30s total=0.49s 817.5 rows/s; time_left=166.7min
2026-09-26 23:00:34,209 INFO BATCH us 400 records: exact=0.20s ann=0.00s model=0.30s total=0.51s 788.2 rows/s; time_left=166.7min
2026-09-26 23:00:34,730 INFO BATCH us 400 records: exact=0.22s ann=0.00s model=0.29s total=0.52s 774.8 rows/s; time_left=166.7min
2026-09-26 23:00:35,261 INFO BATCH us 400 records: exact=0.21s ann=0.00s model=0.30s total=0.52s 763.1 rows/s; time_left=166.7min
2026-09-26 23:00:35,792 INFO BATCH us 400 records: exact=0.21s ann=0.00s model=0.30s total=0.53s 761.6 rows/s; time_left=166.7min
2026-09-26 23:00:36,326 INFO BATCH us 400 records: exact=0.22s ann=0.00s model=0.30s total=0.53s 755.9 rows/s; time_left=166.7min
2026-09-26 23:00:36,856 INFO BATCH us 400 records: exact=0.21s ann=0.00s model=0.30s total=0.52s 765.4 rows/s; time_left=166.6min
2026-09-26 23:00:37,362 INFO BATCH us 400 records: exact=0.19s ann=0.00s model=0.30s total=0.50s 799.8 rows/s; time_left=166.6min
2026-09-26 23:00:37,891 INFO BATCH us 400 records: exact=0.21s ann=0.00s model=0.30s total=0.52s 766.3 rows/s; time_left=166.6min
2026-09-26 23:00:38,409 INFO BATCH us 400 records: exact=0.20s ann=0.00s model=0.29s total=0.51s 782.1 rows/s; time_left=166.6min
2026-09-26 23:00:38,866 INFO BATCH us 400 records: exact=0.17s ann=0.00s model=0.27s total=0.45s 887.4 rows/s; time_left=166.6min
2026-09-26 23:00:39,352 INFO BATCH us 400 records: exact=0.18s ann=0.00s model=0.29s total=0.48s 833.0 rows/s; time_left=166.6min
2026-09-26 23:00:39,921 INFO BATCH us 400 records: exact=0.23s ann=0.00s model=0.32s total=0.56s 711.8 rows/s; time_left=166.6min
2026-09-26 23:00:39,926 INFO PROGRESS 1170386/1732544 enhanced_rows=912052 fallback_rows=0
2026-09-26 23:00:40,470 INFO BATCH us 400 records: exact=0.23s ann=0.00s model=0.30s total=0.54s 736.7 rows/s; time_left=166.6min
2026-09-26 23:00:40,983 INFO BATCH us 400 records: exact=0.19s ann=0.00s model=0.30s total=0.51s 788.1 rows/s; time_left=166.6min
2026-09-26 23:00:41,535 INFO BATCH us 400 records: exact=0.24s ann=0.00s model=0.29s total=0.55s 731.1 rows/s; time_left=166.6min
2026-09-26 23:00:42,053 INFO BATCH us 400 records: exact=0.22s ann=0.00s model=0.28s total=0.51s 780.8 rows/s; time_left=166.6min
2026-09-26 23:00:42,657 INFO BATCH us 400 records: exact=0.28s ann=0.00s model=0.31s total=0.60s 669.1 rows/s; time_left=166.5min
2026-09-26 23:00:43,179 INFO BATCH us 400 records: exact=0.21s ann=0.00s model=0.29s total=0.52s 774.5 rows/s; time_left=166.5min
2026-09-26 23:00:43,711 INFO BATCH us 400 records: exact=0.22s ann=0.00s model=0.29s total=0.53s 759.6 rows/s; time_left=166.5min
2026-09-26 23:00:44,306 INFO BATCH us 400 records: exact=0.29s ann=0.00s model=0.29s total=0.59s 677.7 rows/s; time_left=166.5min
2026-09-26 23:00:44,986 INFO BATCH us 400 records: exact=0.36s ann=0.00s model=0.30s total=0.67s 592.7 rows/s; time_left=166.5min
2026-09-26 23:00:45,673 INFO BATCH us 400 records: exact=0.37s ann=0.00s model=0.30s total=0.68s 588.1 rows/s; time_left=166.5min
2026-09-26 23:00:47,011 INFO BATCH us 400 records: exact=0.99s ann=0.00s model=0.33s total=1.33s 300.0 rows/s; time_left=166.5min
2026-09-26 23:00:48,569 INFO BATCH us 400 records: exact=1.23s ann=0.00s model=0.31s total=1.55s 257.7 rows/s; time_left=166.4min
2026-09-26 23:00:48,573 INFO PROGRESS 1175186/1732544 enhanced_rows=915992 fallback_rows=0
2026-09-26 23:00:50,009 INFO BATCH us 400 records: exact=1.10s ann=0.00s model=0.32s total=1.44s 278.6 rows/s; time_left=166.4min
2026-09-26 23:00:51,476 INFO BATCH us 400 records: exact=1.13s ann=0.00s model=0.32s total=1.46s 273.6 rows/s; time_left=166.4min
2026-09-26 23:00:52,825 INFO BATCH us 400 records: exact=1.01s ann=0.00s model=0.32s total=1.34s 297.8 rows/s; time_left=166.4min
2026-09-26 23:00:54,020 INFO BATCH us 400 records: exact=0.89s ann=0.00s model=0.29s total=1.19s 336.2 rows/s; time_left=166.4min
2026-09-26 23:00:55,215 INFO BATCH us 400 records: exact=0.88s ann=0.00s model=0.30s total=1.19s 335.9 rows/s; time_left=166.3min
2026-09-26 23:00:56,598 INFO BATCH us 400 records: exact=1.05s ann=0.00s model=0.32s total=1.38s 289.9 rows/s; time_left=166.3min
2026-09-26 23:00:58,081 INFO BATCH us 400 records: exact=1.13s ann=0.00s model=0.33s total=1.48s 270.7 rows/s; time_left=166.3min
2026-09-26 23:00:59,362 INFO BATCH us 400 records: exact=0.94s ann=0.00s model=0.32s total=1.28s 313.1 rows/s; time_left=166.3min
2026-09-26 23:01:00,502 INFO BATCH us 400 records: exact=0.81s ann=0.00s model=0.31s total=1.14s 352.0 rows/s; time_left=166.2min
2026-09-26 23:01:01,615 INFO BATCH us 400 records: exact=0.79s ann=0.00s model=0.30s total=1.11s 360.6 rows/s; time_left=166.2min
2026-09-26 23:01:03,482 INFO BATCH us 400 records: exact=1.19s ann=0.00s model=0.65s total=1.86s 214.9 rows/s; time_left=166.2min
2026-09-26 23:01:05,927 INFO BATCH us 400 records: exact=1.70s ann=0.00s model=0.72s total=2.44s 164.0 rows/s; time_left=166.2min
2026-09-26 23:01:08,197 INFO BATCH us 400 records: exact=1.62s ann=0.00s model=0.63s total=2.26s 176.8 rows/s; time_left=166.1min
2026-09-26 23:01:08,202 INFO PROGRESS 1180386/1732544 enhanced_rows=920248 fallback_rows=0
2026-09-26 23:01:10,524 INFO BATCH us 400 records: exact=1.64s ann=0.00s model=0.66s total=2.32s 172.3 rows/s; time_left=166.1min
2026-09-26 23:01:12,717 INFO BATCH us 400 records: exact=1.48s ann=0.00s model=0.68s total=2.18s 183.2 rows/s; time_left=166.0min
2026-09-26 23:01:14,752 INFO BATCH us 400 records: exact=1.35s ann=0.00s model=0.66s total=2.03s 197.2 rows/s; time_left=166.0min
2026-09-26 23:01:16,908 INFO BATCH us 400 records: exact=1.43s ann=0.00s model=0.70s total=2.15s 186.3 rows/s; time_left=166.0min
2026-09-26 23:01:19,364 INFO BATCH us 400 records: exact=1.74s ann=0.00s model=0.69s total=2.45s 163.3 rows/s; time_left=165.9min
2026-09-26 23:01:22,116 INFO BATCH us 400 records: exact=1.93s ann=0.00s model=0.78s total=2.74s 145.7 rows/s; time_left=165.9min
2026-09-26 23:01:24,261 INFO BATCH us 400 records: exact=1.50s ann=0.00s model=0.62s total=2.14s 187.1 rows/s; time_left=165.9min
2026-09-26 23:01:26,414 INFO BATCH us 400 records: exact=1.39s ann=0.00s model=0.71s total=2.14s 187.2 rows/s; time_left=165.8min
2026-09-26 23:01:28,718 INFO BATCH us 400 records: exact=1.53s ann=0.00s model=0.74s total=2.30s 174.1 rows/s; time_left=165.8min
2026-09-26 23:01:31,149 INFO BATCH us 400 records: exact=1.59s ann=0.00s model=0.81s total=2.43s 164.9 rows/s; time_left=165.7min
2026-09-26 23:01:33,446 INFO BATCH us 400 records: exact=1.57s ann=0.00s model=0.69s total=2.29s 174.7 rows/s; time_left=165.7min
2026-09-26 23:01:36,190 INFO BATCH us 400 records: exact=2.01s ann=0.00s model=0.70s total=2.74s 146.1 rows/s; time_left=165.7min
2026-09-26 23:01:36,197 INFO PROGRESS 1185186/1732544 enhanced_rows=924173 fallback_rows=0
2026-09-26 23:01:38,268 INFO BATCH us 400 records: exact=1.42s ann=0.00s model=0.63s total=2.07s 193.3 rows/s; time_left=165.6min
2026-09-26 23:01:41,647 INFO BATCH us 400 records: exact=2.63s ann=0.00s model=0.71s total=3.37s 118.6 rows/s; time_left=165.6min
2026-09-26 23:01:45,150 INFO BATCH us 400 records: exact=2.71s ann=0.00s model=0.76s total=3.50s 114.4 rows/s; time_left=165.5min
2026-09-26 23:01:48,487 INFO BATCH us 400 records: exact=2.60s ann=0.00s model=0.71s total=3.33s 120.1 rows/s; time_left=165.4min
2026-09-26 23:01:51,101 INFO BATCH us 400 records: exact=1.87s ann=0.00s model=0.71s total=2.61s 153.4 rows/s; time_left=165.4min
2026-09-26 23:01:54,573 INFO BATCH us 400 records: exact=2.33s ann=0.00s model=1.11s total=3.47s 115.4 rows/s; time_left=165.3min
2026-09-26 23:01:57,919 INFO BATCH us 400 records: exact=2.61s ann=0.00s model=0.70s total=3.34s 119.8 rows/s; time_left=165.3min
2026-09-26 23:02:00,416 INFO BATCH us 400 records: exact=1.81s ann=0.00s model=0.66s total=2.49s 160.6 rows/s; time_left=165.2min
2026-09-26 23:02:03,363 INFO BATCH us 400 records: exact=2.18s ann=0.00s model=0.73s total=2.94s 136.0 rows/s; time_left=165.2min
2026-09-26 23:02:06,213 INFO BATCH us 400 records: exact=2.09s ann=0.00s model=0.73s total=2.84s 140.7 rows/s; time_left=165.2min
2026-09-26 23:02:08,644 INFO BATCH us 400 records: exact=1.71s ann=0.00s model=0.69s total=2.42s 165.0 rows/s; time_left=165.1min
2026-09-26 23:02:10,826 INFO BATCH us 400 records: exact=1.46s ann=0.00s model=0.69s total=2.17s 184.0 rows/s; time_left=165.1min
2026-09-26 23:02:13,522 INFO BATCH us 400 records: exact=2.04s ann=0.00s model=0.63s total=2.69s 148.7 rows/s; time_left=165.0min
2026-09-26 23:02:13,527 INFO PROGRESS 1190386/1732544 enhanced_rows=928382 fallback_rows=0
2026-09-26 23:02:15,979 INFO BATCH us 400 records: exact=1.74s ann=0.00s model=0.68s total=2.45s 163.2 rows/s; time_left=165.0min
2026-09-26 23:02:18,265 INFO BATCH us 400 records: exact=1.59s ann=0.00s model=0.67s total=2.28s 175.5 rows/s; time_left=165.0min
2026-09-26 23:02:20,386 INFO BATCH us 400 records: exact=1.43s ann=0.00s model=0.65s total=2.11s 189.2 rows/s; time_left=164.9min
2026-09-26 23:02:22,450 INFO BATCH us 400 records: exact=1.37s ann=0.00s model=0.67s total=2.06s 194.5 rows/s; time_left=164.9min
2026-09-26 23:02:24,661 INFO BATCH us 400 records: exact=1.50s ann=0.00s model=0.67s total=2.20s 181.4 rows/s; time_left=164.8min
2026-09-26 23:02:26,636 INFO BATCH us 400 records: exact=1.24s ann=0.00s model=0.70s total=1.97s 203.3 rows/s; time_left=164.8min
2026-09-26 23:02:28,408 INFO BATCH us 400 records: exact=1.05s ann=0.00s model=0.69s total=1.77s 226.5 rows/s; time_left=164.8min
2026-09-26 23:02:30,632 INFO BATCH us 400 records: exact=1.48s ann=0.00s model=0.71s total=2.22s 180.4 rows/s; time_left=164.7min
2026-09-26 23:02:33,078 INFO BATCH us 400 records: exact=1.67s ann=0.00s model=0.74s total=2.44s 164.0 rows/s; time_left=164.7min
2026-09-26 23:02:34,823 INFO BATCH us 400 records: exact=1.36s ann=0.00s model=0.36s total=1.74s 230.2 rows/s; time_left=164.7min
2026-09-26 23:02:35,814 INFO BATCH us 400 records: exact=0.63s ann=0.00s model=0.34s total=0.99s 405.5 rows/s; time_left=164.7min
2026-09-26 23:02:36,789 INFO BATCH us 400 records: exact=0.62s ann=0.00s model=0.34s total=0.97s 412.1 rows/s; time_left=164.6min
2026-09-26 23:02:36,793 INFO PROGRESS 1195186/1732544 enhanced_rows=932235 fallback_rows=0
2026-09-26 23:02:37,648 INFO BATCH us 400 records: exact=0.55s ann=0.00s model=0.29s total=0.85s 468.3 rows/s; time_left=164.6min
2026-09-26 23:02:38,438 INFO BATCH us 400 records: exact=0.46s ann=0.00s model=0.30s total=0.79s 508.4 rows/s; time_left=164.6min
2026-09-26 23:02:39,247 INFO BATCH us 400 records: exact=0.49s ann=0.00s model=0.30s total=0.81s 496.8 rows/s; time_left=164.6min
2026-09-26 23:02:40,009 INFO BATCH us 400 records: exact=0.44s ann=0.00s model=0.31s total=0.76s 527.8 rows/s; time_left=164.6min
2026-09-26 23:02:40,843 INFO BATCH us 400 records: exact=0.51s ann=0.00s model=0.30s total=0.83s 482.3 rows/s; time_left=164.6min
2026-09-26 23:02:42,294 INFO BATCH us 400 records: exact=0.70s ann=0.00s model=0.73s total=1.45s 276.5 rows/s; time_left=164.6min
2026-09-26 23:02:44,033 INFO BATCH us 400 records: exact=1.02s ann=0.00s model=0.69s total=1.73s 230.8 rows/s; time_left=164.5min
2026-09-26 23:02:45,793 INFO BATCH us 400 records: exact=1.04s ann=0.00s model=0.68s total=1.75s 228.3 rows/s; time_left=164.5min
2026-09-26 23:02:47,612 INFO BATCH us 400 records: exact=1.13s ann=0.00s model=0.66s total=1.81s 220.7 rows/s; time_left=164.5min
2026-09-26 23:02:49,364 INFO BATCH us 400 records: exact=0.98s ann=0.00s model=0.73s total=1.75s 229.1 rows/s; time_left=164.4min
2026-09-26 23:02:51,329 INFO BATCH us 400 records: exact=1.20s ann=0.00s model=0.74s total=1.96s 204.3 rows/s; time_left=164.4min
2026-09-26 23:02:53,200 INFO BATCH us 400 records: exact=1.17s ann=0.00s model=0.67s total=1.86s 214.6 rows/s; time_left=164.4min
2026-09-26 23:02:54,833 INFO BATCH us 400 records: exact=0.88s ann=0.00s model=0.73s total=1.63s 245.8 rows/s; time_left=164.3min
2026-09-26 23:02:54,838 INFO PROGRESS 1200386/1732544 enhanced_rows=936444 fallback_rows=0
2026-09-26 23:02:56,587 INFO BATCH us 400 records: exact=1.06s ann=0.00s model=0.67s total=1.75s 228.9 rows/s; time_left=164.3min
2026-09-26 23:02:58,122 INFO BATCH us 400 records: exact=0.83s ann=0.00s model=0.68s total=1.53s 261.8 rows/s; time_left=164.3min
2026-09-26 23:02:59,701 INFO BATCH us 400 records: exact=0.82s ann=0.00s model=0.72s total=1.57s 254.3 rows/s; time_left=164.3min
2026-09-26 23:03:01,516 INFO BATCH us 400 records: exact=1.08s ann=0.00s model=0.70s total=1.81s 221.2 rows/s; time_left=164.2min
2026-09-26 23:03:03,267 INFO BATCH us 400 records: exact=1.01s ann=0.00s model=0.71s total=1.74s 229.3 rows/s; time_left=164.2min
2026-09-26 23:03:05,204 INFO BATCH us 400 records: exact=1.20s ann=0.00s model=0.71s total=1.93s 207.2 rows/s; time_left=164.2min
2026-09-26 23:03:06,885 INFO BATCH us 400 records: exact=0.99s ann=0.00s model=0.66s total=1.67s 239.0 rows/s; time_left=164.1min
2026-09-26 23:03:08,743 INFO BATCH us 400 records: exact=1.12s ann=0.00s model=0.71s total=1.85s 216.0 rows/s; time_left=164.1min
2026-09-26 23:03:10,528 INFO BATCH us 400 records: exact=1.03s ann=0.00s model=0.72s total=1.78s 224.8 rows/s; time_left=164.1min
2026-09-26 23:03:12,477 INFO BATCH us 400 records: exact=1.21s ann=0.00s model=0.71s total=1.94s 206.0 rows/s; time_left=164.0min
2026-09-26 23:03:14,166 INFO BATCH us 400 records: exact=1.00s ann=0.00s model=0.66s total=1.68s 237.7 rows/s; time_left=164.0min
2026-09-26 23:03:16,022 INFO BATCH us 400 records: exact=1.13s ann=0.00s model=0.69s total=1.85s 216.3 rows/s; time_left=164.0min
2026-09-26 23:03:16,028 INFO PROGRESS 1205186/1732544 enhanced_rows=940374 fallback_rows=0
2026-09-26 23:03:17,983 INFO BATCH us 400 records: exact=1.23s ann=0.00s model=0.70s total=1.95s 204.8 rows/s; time_left=164.0min
2026-09-26 23:03:19,780 INFO BATCH us 400 records: exact=1.05s ann=0.00s model=0.72s total=1.79s 223.5 rows/s; time_left=163.9min
2026-09-26 23:03:21,567 INFO BATCH us 400 records: exact=1.07s ann=0.00s model=0.68s total=1.78s 224.7 rows/s; time_left=163.9min
2026-09-26 23:03:23,241 INFO BATCH us 400 records: exact=0.99s ann=0.00s model=0.66s total=1.67s 239.9 rows/s; time_left=163.9min
2026-09-26 23:03:25,252 INFO BATCH us 400 records: exact=1.31s ann=0.00s model=0.67s total=2.00s 199.5 rows/s; time_left=163.8min
2026-09-26 23:03:27,008 INFO BATCH us 400 records: exact=1.01s ann=0.00s model=0.71s total=1.75s 228.8 rows/s; time_left=163.8min
2026-09-26 23:03:28,839 INFO BATCH us 400 records: exact=1.10s ann=0.00s model=0.69s total=1.82s 219.4 rows/s; time_left=163.8min
2026-09-26 23:03:30,813 INFO BATCH us 400 records: exact=1.22s ann=0.00s model=0.72s total=1.97s 203.3 rows/s; time_left=163.7min
2026-09-26 23:03:32,699 INFO BATCH us 400 records: exact=1.12s ann=0.00s model=0.73s total=1.88s 212.9 rows/s; time_left=163.7min
2026-09-26 23:03:34,813 INFO BATCH us 400 records: exact=1.37s ann=0.00s model=0.71s total=2.11s 189.9 rows/s; time_left=163.7min
2026-09-26 23:03:36,620 INFO BATCH us 400 records: exact=1.16s ann=0.00s model=0.62s total=1.80s 222.2 rows/s; time_left=163.6min
2026-09-26 23:03:38,785 INFO BATCH us 400 records: exact=1.43s ann=0.00s model=0.70s total=2.16s 185.4 rows/s; time_left=163.6min
2026-09-26 23:03:40,810 INFO BATCH us 400 records: exact=1.27s ann=0.00s model=0.72s total=2.02s 198.2 rows/s; time_left=163.6min
2026-09-26 23:03:40,815 INFO PROGRESS 1210386/1732544 enhanced_rows=944588 fallback_rows=0
2026-09-26 23:03:42,899 INFO BATCH us 400 records: exact=1.37s ann=0.00s model=0.69s total=2.08s 192.1 rows/s; time_left=163.5min
2026-09-26 23:03:44,928 INFO BATCH us 400 records: exact=1.34s ann=0.00s model=0.66s total=2.02s 197.8 rows/s; time_left=163.5min
2026-09-26 23:03:46,658 INFO BATCH us 400 records: exact=1.05s ann=0.00s model=0.65s total=1.72s 232.1 rows/s; time_left=163.5min
2026-09-26 23:03:48,638 INFO BATCH us 400 records: exact=1.36s ann=0.00s model=0.59s total=1.97s 202.8 rows/s; time_left=163.4min
2026-09-26 23:03:50,461 INFO BATCH us 400 records: exact=1.14s ann=0.00s model=0.64s total=1.82s 220.2 rows/s; time_left=163.4min
2026-09-26 23:03:52,517 INFO BATCH us 400 records: exact=1.35s ann=0.00s model=0.67s total=2.05s 195.2 rows/s; time_left=163.4min
2026-09-26 23:03:54,319 INFO BATCH us 400 records: exact=1.11s ann=0.00s model=0.66s total=1.80s 222.8 rows/s; time_left=163.4min
2026-09-26 23:03:56,314 INFO BATCH us 400 records: exact=1.26s ann=0.00s model=0.70s total=1.99s 201.3 rows/s; time_left=163.3min
2026-09-26 23:03:58,291 INFO BATCH us 400 records: exact=1.29s ann=0.00s model=0.65s total=1.97s 202.9 rows/s; time_left=163.3min
2026-09-26 23:04:00,362 INFO BATCH us 400 records: exact=1.36s ann=0.00s model=0.68s total=2.06s 193.9 rows/s; time_left=163.3min
2026-09-26 23:04:02,317 INFO BATCH us 400 records: exact=1.27s ann=0.00s model=0.66s total=1.95s 205.3 rows/s; time_left=163.2min
2026-09-26 23:04:05,048 INFO BATCH us 400 records: exact=1.99s ann=0.00s model=0.71s total=2.72s 146.8 rows/s; time_left=163.2min
2026-09-26 23:04:05,053 INFO PROGRESS 1215186/1732544 enhanced_rows=948496 fallback_rows=0
2026-09-26 23:04:07,172 INFO BATCH us 400 records: exact=1.45s ann=0.00s model=0.64s total=2.12s 188.9 rows/s; time_left=163.1min
2026-09-26 23:04:09,240 INFO BATCH us 400 records: exact=1.40s ann=0.00s model=0.64s total=2.06s 194.1 rows/s; time_left=163.1min
2026-09-26 23:04:11,583 INFO BATCH us 400 records: exact=1.61s ann=0.00s model=0.71s total=2.34s 171.3 rows/s; time_left=163.1min
2026-09-26 23:04:13,829 INFO BATCH us 400 records: exact=1.58s ann=0.00s model=0.64s total=2.24s 178.6 rows/s; time_left=163.0min
2026-09-26 23:04:16,776 INFO BATCH us 400 records: exact=2.24s ann=0.00s model=0.67s total=2.94s 136.0 rows/s; time_left=163.0min
2026-09-26 23:04:19,035 INFO BATCH us 400 records: exact=1.59s ann=0.00s model=0.64s total=2.25s 177.7 rows/s; time_left=162.9min
2026-09-26 23:04:21,752 INFO BATCH us 400 records: exact=1.99s ann=0.00s model=0.69s total=2.71s 147.6 rows/s; time_left=162.9min
2026-09-26 23:04:24,541 INFO BATCH us 400 records: exact=2.06s ann=0.00s model=0.68s total=2.78s 143.8 rows/s; time_left=162.8min
2026-09-26 23:04:26,856 INFO BATCH us 400 records: exact=1.58s ann=0.00s model=0.70s total=2.31s 173.2 rows/s; time_left=162.8min
2026-09-26 23:04:28,983 INFO BATCH us 400 records: exact=1.48s ann=0.00s model=0.62s total=2.12s 188.7 rows/s; time_left=162.8min
2026-09-26 23:04:31,006 INFO BATCH us 400 records: exact=1.37s ann=0.00s model=0.62s total=2.02s 198.4 rows/s; time_left=162.7min
2026-09-26 23:04:33,471 INFO BATCH us 400 records: exact=1.78s ann=0.00s model=0.65s total=2.46s 162.7 rows/s; time_left=162.7min
2026-09-26 23:04:36,382 INFO BATCH us 400 records: exact=2.14s ann=0.00s model=0.74s total=2.90s 137.7 rows/s; time_left=162.7min
2026-09-26 23:04:36,388 INFO PROGRESS 1220386/1732544 enhanced_rows=952690 fallback_rows=0
2026-09-26 23:04:38,783 INFO BATCH us 400 records: exact=1.72s ann=0.00s model=0.64s total=2.39s 167.1 rows/s; time_left=162.6min
2026-09-26 23:04:40,994 INFO BATCH us 400 records: exact=1.50s ann=0.00s model=0.67s total=2.20s 181.8 rows/s; time_left=162.6min
2026-09-26 23:04:43,182 INFO BATCH us 400 records: exact=1.50s ann=0.00s model=0.65s total=2.18s 183.4 rows/s; time_left=162.5min
2026-09-26 23:04:45,796 INFO BATCH us 400 records: exact=1.91s ann=0.00s model=0.66s total=2.61s 153.5 rows/s; time_left=162.5min
2026-09-26 23:04:48,273 INFO BATCH us 400 records: exact=1.73s ann=0.00s model=0.72s total=2.47s 162.0 rows/s; time_left=162.5min
2026-09-26 23:04:50,877 INFO BATCH us 400 records: exact=1.89s ann=0.00s model=0.69s total=2.60s 154.0 rows/s; time_left=162.4min
2026-09-26 23:04:53,212 INFO BATCH us 400 records: exact=1.67s ann=0.00s model=0.63s total=2.33s 171.9 rows/s; time_left=162.4min
2026-09-26 23:04:56,180 INFO BATCH us 400 records: exact=2.26s ann=0.00s model=0.68s total=2.96s 135.1 rows/s; time_left=162.3min
2026-09-26 23:04:58,760 INFO BATCH us 400 records: exact=1.88s ann=0.00s model=0.67s total=2.57s 155.4 rows/s; time_left=162.3min
2026-09-26 23:05:01,064 INFO BATCH us 400 records: exact=1.59s ann=0.00s model=0.68s total=2.30s 174.3 rows/s; time_left=162.2min
2026-09-26 23:05:03,120 INFO BATCH us 400 records: exact=1.36s ann=0.00s model=0.66s total=2.05s 195.3 rows/s; time_left=162.2min
2026-09-26 23:05:05,405 INFO BATCH us 400 records: exact=1.59s ann=0.00s model=0.67s total=2.28s 175.6 rows/s; time_left=162.2min
2026-09-26 23:05:05,410 INFO PROGRESS 1225186/1732544 enhanced_rows=956561 fallback_rows=0
2026-09-26 23:05:07,824 INFO BATCH us 400 records: exact=1.73s ann=0.00s model=0.66s total=2.41s 165.8 rows/s; time_left=162.1min
2026-09-26 23:05:10,388 INFO BATCH us 400 records: exact=1.84s ann=0.00s model=0.69s total=2.56s 156.5 rows/s; time_left=162.1min
2026-09-26 23:05:12,864 INFO BATCH us 400 records: exact=1.78s ann=0.00s model=0.66s total=2.47s 162.0 rows/s; time_left=162.0min
2026-09-26 23:05:15,691 INFO BATCH us 400 records: exact=2.11s ann=0.00s model=0.68s total=2.82s 141.9 rows/s; time_left=162.0min
2026-09-26 23:05:17,734 INFO BATCH us 400 records: exact=1.35s ann=0.00s model=0.67s total=2.04s 196.4 rows/s; time_left=162.0min
2026-09-26 23:05:19,939 INFO BATCH us 400 records: exact=1.49s ann=0.00s model=0.67s total=2.20s 182.0 rows/s; time_left=161.9min
2026-09-26 23:05:22,021 INFO BATCH us 400 records: exact=1.35s ann=0.00s model=0.70s total=2.07s 192.8 rows/s; time_left=161.9min
2026-09-26 23:05:24,341 INFO BATCH us 400 records: exact=1.52s ann=0.00s model=0.76s total=2.31s 173.0 rows/s; time_left=161.9min
2026-09-26 23:05:26,589 INFO BATCH us 400 records: exact=1.60s ann=0.00s model=0.62s total=2.24s 178.5 rows/s; time_left=161.8min
2026-09-26 23:05:28,770 INFO BATCH us 400 records: exact=1.49s ann=0.00s model=0.66s total=2.17s 184.0 rows/s; time_left=161.8min
2026-09-26 23:05:30,851 INFO BATCH us 400 records: exact=1.37s ann=0.00s model=0.68s total=2.07s 192.9 rows/s; time_left=161.7min
2026-09-26 23:05:32,984 INFO BATCH us 400 records: exact=1.40s ann=0.00s model=0.70s total=2.12s 188.3 rows/s; time_left=161.7min
2026-09-26 23:05:34,890 INFO BATCH us 400 records: exact=1.21s ann=0.00s model=0.65s total=1.89s 211.7 rows/s; time_left=161.7min
2026-09-26 23:05:34,896 INFO PROGRESS 1230386/1732544 enhanced_rows=960787 fallback_rows=0
2026-09-26 23:05:36,896 INFO BATCH us 400 records: exact=1.32s ann=0.00s model=0.65s total=2.00s 200.1 rows/s; time_left=161.6min
2026-09-26 23:05:38,832 INFO BATCH us 400 records: exact=1.21s ann=0.00s model=0.68s total=1.92s 208.5 rows/s; time_left=161.6min
2026-09-26 23:05:40,736 INFO BATCH us 400 records: exact=1.20s ann=0.00s model=0.67s total=1.90s 210.9 rows/s; time_left=161.6min
2026-09-26 23:05:42,916 INFO BATCH us 400 records: exact=1.45s ann=0.00s model=0.69s total=2.17s 184.1 rows/s; time_left=161.5min
2026-09-26 23:05:44,918 INFO BATCH us 400 records: exact=1.27s ann=0.00s model=0.70s total=2.00s 200.5 rows/s; time_left=161.5min
2026-09-26 23:05:46,924 INFO BATCH us 400 records: exact=1.32s ann=0.00s model=0.66s total=2.00s 200.1 rows/s; time_left=161.5min
2026-09-26 23:05:49,444 INFO BATCH us 400 records: exact=1.77s ann=0.00s model=0.72s total=2.51s 159.1 rows/s; time_left=161.4min
2026-09-26 23:05:51,346 INFO BATCH us 400 records: exact=1.21s ann=0.00s model=0.66s total=1.90s 211.0 rows/s; time_left=161.4min
2026-09-26 23:05:53,732 INFO BATCH us 400 records: exact=1.68s ann=0.00s model=0.67s total=2.38s 168.1 rows/s; time_left=161.4min
2026-09-26 23:05:55,835 INFO BATCH us 400 records: exact=1.42s ann=0.00s model=0.64s total=2.10s 190.8 rows/s; time_left=161.3min
2026-09-26 23:05:58,300 INFO BATCH us 400 records: exact=1.74s ann=0.00s model=0.69s total=2.46s 162.8 rows/s; time_left=161.3min
2026-09-26 23:06:00,589 INFO BATCH us 400 records: exact=1.57s ann=0.00s model=0.69s total=2.28s 175.3 rows/s; time_left=161.2min
2026-09-26 23:06:00,595 INFO PROGRESS 1235186/1732544 enhanced_rows=964680 fallback_rows=0
2026-09-26 23:06:02,424 INFO BATCH us 400 records: exact=1.17s ann=0.00s model=0.64s total=1.83s 218.8 rows/s; time_left=161.2min
2026-09-26 23:06:04,540 INFO BATCH us 400 records: exact=1.43s ann=0.00s model=0.66s total=2.11s 189.6 rows/s; time_left=161.2min
2026-09-26 23:06:06,659 INFO BATCH us 400 records: exact=1.42s ann=0.00s model=0.66s total=2.11s 189.4 rows/s; time_left=161.1min
2026-09-26 23:06:08,657 INFO BATCH us 400 records: exact=1.32s ann=0.00s model=0.64s total=1.99s 200.9 rows/s; time_left=161.1min
2026-09-26 23:06:10,828 INFO BATCH us 400 records: exact=1.44s ann=0.00s model=0.70s total=2.16s 184.8 rows/s; time_left=161.1min
2026-09-26 23:06:12,935 INFO BATCH us 400 records: exact=1.39s ann=0.00s model=0.68s total=2.10s 190.5 rows/s; time_left=161.0min
2026-09-26 23:06:15,115 INFO BATCH us 400 records: exact=1.47s ann=0.00s model=0.68s total=2.17s 184.0 rows/s; time_left=161.0min
2026-09-26 23:06:17,396 INFO BATCH us 400 records: exact=1.60s ann=0.00s model=0.65s total=2.27s 175.9 rows/s; time_left=161.0min
2026-09-26 23:06:19,767 INFO BATCH us 400 records: exact=1.65s ann=0.00s model=0.68s total=2.36s 169.2 rows/s; time_left=160.9min
2026-09-26 23:06:22,335 INFO BATCH us 400 records: exact=1.85s ann=0.00s model=0.69s total=2.56s 156.2 rows/s; time_left=160.9min
2026-09-26 23:06:24,509 INFO BATCH us 400 records: exact=1.47s ann=0.00s model=0.68s total=2.17s 184.6 rows/s; time_left=160.8min
2026-09-26 23:06:27,134 INFO BATCH us 400 records: exact=1.86s ann=0.00s model=0.72s total=2.62s 152.8 rows/s; time_left=160.8min
2026-09-26 23:06:28,994 INFO BATCH us 400 records: exact=1.18s ann=0.00s model=0.65s total=1.85s 215.8 rows/s; time_left=160.8min
2026-09-26 23:06:29,000 INFO PROGRESS 1240386/1732544 enhanced_rows=968912 fallback_rows=0
2026-09-26 23:06:31,190 INFO BATCH us 400 records: exact=1.53s ann=0.00s model=0.64s total=2.19s 182.8 rows/s; time_left=160.7min
2026-09-26 23:06:33,705 INFO BATCH us 400 records: exact=1.78s ann=0.00s model=0.70s total=2.50s 160.1 rows/s; time_left=160.7min
2026-09-26 23:06:36,084 INFO BATCH us 400 records: exact=1.65s ann=0.00s model=0.70s total=2.37s 168.6 rows/s; time_left=160.7min
2026-09-26 23:06:38,350 INFO BATCH us 400 records: exact=1.60s ann=0.00s model=0.63s total=2.26s 177.2 rows/s; time_left=160.6min
2026-09-26 23:06:40,611 INFO BATCH us 400 records: exact=1.56s ann=0.00s model=0.66s total=2.25s 177.5 rows/s; time_left=160.6min
2026-09-26 23:06:43,236 INFO BATCH us 400 records: exact=1.90s ann=0.00s model=0.69s total=2.62s 152.8 rows/s; time_left=160.5min
2026-09-26 23:06:45,513 INFO BATCH us 400 records: exact=1.62s ann=0.00s model=0.63s total=2.27s 176.2 rows/s; time_left=160.5min
2026-09-26 23:06:47,906 INFO BATCH us 400 records: exact=1.72s ann=0.00s model=0.64s total=2.39s 167.6 rows/s; time_left=160.5min
2026-09-26 23:06:50,197 INFO BATCH us 400 records: exact=1.62s ann=0.00s model=0.64s total=2.28s 175.1 rows/s; time_left=160.4min
2026-09-26 23:06:52,309 INFO BATCH us 400 records: exact=1.43s ann=0.00s model=0.65s total=2.11s 190.0 rows/s; time_left=160.4min
2026-09-26 23:06:53,981 INFO BATCH us 400 records: exact=0.96s ann=0.00s model=0.68s total=1.67s 240.2 rows/s; time_left=160.4min
2026-09-26 23:06:56,091 INFO BATCH us 400 records: exact=1.43s ann=0.00s model=0.65s total=2.10s 190.2 rows/s; time_left=160.3min
2026-09-26 23:06:56,097 INFO PROGRESS 1245186/1732544 enhanced_rows=972826 fallback_rows=0
2026-09-26 23:06:58,012 INFO BATCH us 400 records: exact=1.26s ann=0.00s model=0.63s total=1.91s 209.1 rows/s; time_left=160.3min
2026-09-26 23:07:00,155 INFO BATCH us 400 records: exact=1.43s ann=0.00s model=0.68s total=2.14s 187.2 rows/s; time_left=160.3min
2026-09-26 23:07:01,990 INFO BATCH us 400 records: exact=1.16s ann=0.00s model=0.64s total=1.83s 218.9 rows/s; time_left=160.2min
2026-09-26 23:07:03,743 INFO BATCH us 400 records: exact=1.07s ann=0.00s model=0.65s total=1.75s 229.0 rows/s; time_left=160.2min
2026-09-26 23:07:05,663 INFO BATCH us 400 records: exact=1.23s ann=0.00s model=0.66s total=1.91s 209.2 rows/s; time_left=160.2min
2026-09-26 23:07:07,373 INFO BATCH us 400 records: exact=1.03s ann=0.00s model=0.65s total=1.70s 234.8 rows/s; time_left=160.1min
2026-09-26 23:07:09,090 INFO BATCH us 400 records: exact=1.05s ann=0.00s model=0.64s total=1.71s 233.9 rows/s; time_left=160.1min
2026-09-26 23:07:11,088 INFO BATCH us 400 records: exact=1.26s ann=0.00s model=0.70s total=1.99s 200.9 rows/s; time_left=160.1min
2026-09-26 23:07:12,938 INFO BATCH us 400 records: exact=1.16s ann=0.00s model=0.66s total=1.84s 217.1 rows/s; time_left=160.0min
2026-09-26 23:07:14,687 INFO BATCH us 400 records: exact=1.04s ann=0.00s model=0.68s total=1.74s 229.5 rows/s; time_left=160.0min
2026-09-26 23:07:16,475 INFO BATCH us 400 records: exact=1.11s ann=0.00s model=0.65s total=1.78s 224.6 rows/s; time_left=160.0min
2026-09-26 23:07:18,268 INFO BATCH us 400 records: exact=1.12s ann=0.00s model=0.64s total=1.79s 223.9 rows/s; time_left=160.0min
2026-09-26 23:07:20,132 INFO BATCH us 400 records: exact=1.18s ann=0.00s model=0.65s total=1.86s 215.4 rows/s; time_left=159.9min
2026-09-26 23:07:20,137 INFO PROGRESS 1250386/1732544 enhanced_rows=977043 fallback_rows=0
2026-09-26 23:07:22,108 INFO BATCH us 400 records: exact=1.30s ann=0.00s model=0.64s total=1.97s 203.2 rows/s; time_left=159.9min
2026-09-26 23:07:23,965 INFO BATCH us 400 records: exact=1.17s ann=0.00s model=0.66s total=1.85s 216.1 rows/s; time_left=159.9min
2026-09-26 23:07:25,956 INFO BATCH us 400 records: exact=1.30s ann=0.00s model=0.66s total=1.98s 201.7 rows/s; time_left=159.8min
2026-09-26 23:07:27,702 INFO BATCH us 400 records: exact=1.08s ann=0.00s model=0.63s total=1.74s 230.0 rows/s; time_left=159.8min
2026-09-26 23:07:29,655 INFO BATCH us 400 records: exact=1.26s ann=0.00s model=0.66s total=1.95s 205.6 rows/s; time_left=159.8min
2026-09-26 23:07:31,290 INFO BATCH us 400 records: exact=0.98s ann=0.00s model=0.62s total=1.63s 245.7 rows/s; time_left=159.7min
2026-09-26 23:07:33,219 INFO BATCH us 400 records: exact=1.24s ann=0.00s model=0.65s total=1.92s 208.1 rows/s; time_left=159.7min
2026-09-26 23:07:34,849 INFO BATCH us 400 records: exact=0.97s ann=0.00s model=0.63s total=1.62s 246.5 rows/s; time_left=159.7min
2026-09-26 23:07:36,779 INFO BATCH us 400 records: exact=1.22s ann=0.00s model=0.68s total=1.92s 208.2 rows/s; time_left=159.6min
2026-09-26 23:07:38,409 INFO BATCH us 400 records: exact=0.94s ann=0.00s model=0.65s total=1.61s 247.8 rows/s; time_left=159.6min
2026-09-26 23:07:39,898 INFO BATCH us 400 records: exact=0.84s ann=0.00s model=0.61s total=1.47s 271.7 rows/s; time_left=159.6min
2026-09-26 23:07:41,639 INFO BATCH us 400 records: exact=1.04s ann=0.00s model=0.66s total=1.73s 230.6 rows/s; time_left=159.6min
2026-09-26 23:07:41,644 INFO PROGRESS 1255186/1732544 enhanced_rows=980919 fallback_rows=0
2026-09-26 23:07:43,620 INFO BATCH us 400 records: exact=1.32s ann=0.00s model=0.64s total=1.97s 202.6 rows/s; time_left=159.5min
2026-09-26 23:07:44,571 INFO BATCH us 400 records: exact=0.63s ann=0.00s model=0.30s total=0.95s 422.8 rows/s; time_left=159.5min
2026-09-26 23:07:45,467 INFO BATCH us 400 records: exact=0.58s ann=0.00s model=0.30s total=0.89s 449.1 rows/s; time_left=159.5min
2026-09-26 23:07:46,317 INFO BATCH us 400 records: exact=0.52s ann=0.00s model=0.31s total=0.84s 473.5 rows/s; time_left=159.5min
2026-09-26 23:07:47,325 INFO BATCH us 400 records: exact=0.65s ann=0.00s model=0.32s total=1.00s 398.9 rows/s; time_left=159.5min
2026-09-26 23:07:48,439 INFO BATCH us 400 records: exact=0.74s ann=0.00s model=0.35s total=1.11s 360.4 rows/s; time_left=159.4min
2026-09-26 23:07:49,395 INFO BATCH us 400 records: exact=0.59s ann=0.00s model=0.34s total=0.95s 420.4 rows/s; time_left=159.4min
2026-09-26 23:07:50,392 INFO BATCH us 400 records: exact=0.66s ann=0.00s model=0.32s total=0.99s 403.4 rows/s; time_left=159.4min
2026-09-26 23:07:51,321 INFO BATCH us 400 records: exact=0.61s ann=0.00s model=0.31s total=0.92s 432.5 rows/s; time_left=159.4min
2026-09-26 23:07:52,518 INFO BATCH us 400 records: exact=0.87s ann=0.00s model=0.30s total=1.19s 335.4 rows/s; time_left=159.4min
2026-09-26 23:07:53,377 INFO BATCH us 400 records: exact=0.56s ann=0.00s model=0.28s total=0.86s 467.7 rows/s; time_left=159.4min
2026-09-26 23:07:54,267 INFO BATCH us 400 records: exact=0.57s ann=0.00s model=0.29s total=0.88s 452.7 rows/s; time_left=159.4min
2026-09-26 23:07:55,233 INFO BATCH us 400 records: exact=0.66s ann=0.00s model=0.28s total=0.96s 415.5 rows/s; time_left=159.3min
2026-09-26 23:07:55,237 INFO PROGRESS 1260386/1732544 enhanced_rows=985138 fallback_rows=0
2026-09-26 23:07:56,379 INFO BATCH us 400 records: exact=0.80s ann=0.00s model=0.33s total=1.14s 350.6 rows/s; time_left=159.3min
2026-09-26 23:07:57,783 INFO BATCH us 400 records: exact=1.07s ann=0.00s model=0.32s total=1.40s 285.5 rows/s; time_left=159.3min
2026-09-26 23:07:59,130 INFO BATCH us 400 records: exact=1.04s ann=0.00s model=0.29s total=1.34s 298.0 rows/s; time_left=159.3min
2026-09-26 23:08:01,239 INFO BATCH us 400 records: exact=1.34s ann=0.00s model=0.73s total=2.10s 190.0 rows/s; time_left=159.2min
2026-09-26 23:08:04,067 INFO BATCH us 400 records: exact=2.11s ann=0.00s model=0.68s total=2.82s 141.8 rows/s; time_left=159.2min
2026-09-26 23:08:06,532 INFO BATCH us 400 records: exact=1.78s ann=0.00s model=0.65s total=2.46s 162.7 rows/s; time_left=159.1min
2026-09-26 23:08:09,115 INFO BATCH us 400 records: exact=1.88s ann=0.00s model=0.67s total=2.58s 155.3 rows/s; time_left=159.1min
2026-09-26 23:08:12,101 INFO BATCH us 400 records: exact=2.29s ann=0.00s model=0.65s total=2.98s 134.3 rows/s; time_left=159.1min
2026-09-26 23:08:14,960 INFO BATCH us 400 records: exact=2.19s ann=0.00s model=0.64s total=2.85s 140.2 rows/s; time_left=159.0min
2026-09-26 23:08:17,928 INFO BATCH us 400 records: exact=2.27s ann=0.00s model=0.67s total=2.96s 135.1 rows/s; time_left=159.0min
2026-09-26 23:08:21,094 INFO BATCH us 400 records: exact=2.48s ann=0.00s model=0.66s total=3.16s 126.7 rows/s; time_left=158.9min
2026-09-26 23:08:24,358 INFO BATCH us 400 records: exact=2.56s ann=0.00s model=0.67s total=3.26s 122.8 rows/s; time_left=158.9min
2026-09-26 23:08:24,364 INFO PROGRESS 1265186/1732544 enhanced_rows=989063 fallback_rows=0
2026-09-26 23:08:27,329 INFO BATCH us 400 records: exact=2.27s ann=0.00s model=0.67s total=2.96s 134.9 rows/s; time_left=158.8min
2026-09-26 23:08:30,756 INFO BATCH us 400 records: exact=2.74s ann=0.00s model=0.65s total=3.42s 117.0 rows/s; time_left=158.7min
2026-09-26 23:08:34,202 INFO BATCH us 400 records: exact=2.76s ann=0.00s model=0.66s total=3.44s 116.3 rows/s; time_left=158.7min
2026-09-26 23:08:37,145 INFO BATCH us 400 records: exact=2.26s ann=0.00s model=0.65s total=2.94s 136.2 rows/s; time_left=158.6min
2026-09-26 23:08:39,964 INFO BATCH us 400 records: exact=2.12s ann=0.00s model=0.66s total=2.81s 142.2 rows/s; time_left=158.6min
2026-09-26 23:08:43,591 INFO BATCH us 400 records: exact=2.88s ann=0.00s model=0.71s total=3.62s 110.5 rows/s; time_left=158.5min
2026-09-26 23:08:46,894 INFO BATCH us 400 records: exact=2.62s ann=0.00s model=0.65s total=3.30s 121.3 rows/s; time_left=158.5min
2026-09-26 23:08:50,164 INFO BATCH us 400 records: exact=2.59s ann=0.00s model=0.64s total=3.26s 122.6 rows/s; time_left=158.4min
2026-09-26 23:08:53,062 INFO BATCH us 400 records: exact=2.18s ann=0.00s model=0.69s total=2.89s 138.3 rows/s; time_left=158.4min
2026-09-26 23:08:55,616 INFO BATCH us 400 records: exact=1.81s ann=0.00s model=0.71s total=2.55s 157.0 rows/s; time_left=158.3min
2026-09-26 23:08:58,512 INFO BATCH us 400 records: exact=2.19s ann=0.00s model=0.67s total=2.89s 138.4 rows/s; time_left=158.3min
2026-09-26 23:09:02,260 INFO BATCH us 400 records: exact=3.00s ann=0.00s model=0.70s total=3.74s 106.9 rows/s; time_left=158.2min
2026-09-26 23:09:05,204 INFO BATCH us 400 records: exact=2.26s ann=0.00s model=0.64s total=2.94s 136.2 rows/s; time_left=158.2min
2026-09-26 23:09:05,209 INFO PROGRESS 1270386/1732544 enhanced_rows=993258 fallback_rows=0
2026-09-26 23:09:07,932 INFO BATCH us 400 records: exact=2.03s ann=0.00s model=0.66s total=2.72s 147.0 rows/s; time_left=158.1min
2026-09-26 23:09:11,535 INFO BATCH us 400 records: exact=2.85s ann=0.00s model=0.72s total=3.60s 111.2 rows/s; time_left=158.1min
2026-09-26 23:09:14,415 INFO BATCH us 400 records: exact=2.19s ann=0.00s model=0.65s total=2.87s 139.2 rows/s; time_left=158.0min
2026-09-26 23:09:17,221 INFO BATCH us 400 records: exact=2.14s ann=0.00s model=0.63s total=2.80s 142.9 rows/s; time_left=158.0min
2026-09-26 23:09:20,434 INFO BATCH us 400 records: exact=2.50s ann=0.00s model=0.67s total=3.21s 124.7 rows/s; time_left=157.9min
2026-09-26 23:09:23,643 INFO BATCH us 400 records: exact=2.47s ann=0.00s model=0.70s total=3.20s 125.0 rows/s; time_left=157.9min
2026-09-26 23:09:26,978 INFO BATCH us 400 records: exact=2.67s ann=0.00s model=0.63s total=3.33s 120.1 rows/s; time_left=157.8min
2026-09-26 23:09:30,261 INFO BATCH us 400 records: exact=2.53s ann=0.00s model=0.71s total=3.28s 122.1 rows/s; time_left=157.8min
2026-09-26 23:09:33,504 INFO BATCH us 400 records: exact=2.51s ann=0.00s model=0.69s total=3.24s 123.6 rows/s; time_left=157.7min
2026-09-26 23:09:37,124 INFO BATCH us 400 records: exact=2.91s ann=0.00s model=0.67s total=3.61s 110.7 rows/s; time_left=157.6min
2026-09-26 23:09:40,432 INFO BATCH us 400 records: exact=2.56s ann=0.00s model=0.70s total=3.30s 121.1 rows/s; time_left=157.6min
2026-09-26 23:09:42,996 INFO BATCH us 400 records: exact=1.86s ann=0.00s model=0.66s total=2.56s 156.5 rows/s; time_left=157.5min
2026-09-26 23:09:43,001 INFO PROGRESS 1275186/1732544 enhanced_rows=997204 fallback_rows=0
2026-09-26 23:09:46,415 INFO BATCH us 400 records: exact=2.66s ann=0.00s model=0.72s total=3.41s 117.2 rows/s; time_left=157.5min
2026-09-26 23:09:49,264 INFO BATCH us 400 records: exact=2.11s ann=0.00s model=0.67s total=2.84s 140.7 rows/s; time_left=157.4min
2026-09-26 23:09:52,322 INFO BATCH us 400 records: exact=2.28s ann=0.00s model=0.73s total=3.05s 131.1 rows/s; time_left=157.4min
2026-09-26 23:09:54,957 INFO BATCH us 400 records: exact=1.88s ann=0.00s model=0.70s total=2.63s 152.2 rows/s; time_left=157.3min
2026-09-26 23:09:58,072 INFO BATCH us 400 records: exact=2.31s ann=0.00s model=0.76s total=3.11s 128.7 rows/s; time_left=157.3min
2026-09-26 23:10:00,467 INFO BATCH us 400 records: exact=1.65s ann=0.00s model=0.70s total=2.39s 167.5 rows/s; time_left=157.2min
2026-09-26 23:10:03,152 INFO BATCH us 400 records: exact=1.94s ann=0.00s model=0.70s total=2.68s 149.3 rows/s; time_left=157.2min
2026-09-26 23:10:05,641 INFO BATCH us 400 records: exact=1.72s ann=0.00s model=0.72s total=2.48s 161.1 rows/s; time_left=157.2min
2026-09-26 23:10:08,184 INFO BATCH us 400 records: exact=1.81s ann=0.00s model=0.69s total=2.54s 157.7 rows/s; time_left=157.1min
2026-09-26 23:10:11,395 INFO BATCH us 400 records: exact=2.49s ann=0.00s model=0.68s total=3.21s 124.8 rows/s; time_left=157.1min
2026-09-26 23:10:14,436 INFO BATCH us 400 records: exact=2.35s ann=0.00s model=0.65s total=3.04s 131.8 rows/s; time_left=157.0min
2026-09-26 23:10:17,899 INFO BATCH us 400 records: exact=2.72s ann=0.00s model=0.69s total=3.46s 115.7 rows/s; time_left=157.0min
2026-09-26 23:10:21,609 INFO BATCH us 400 records: exact=2.87s ann=0.00s model=0.78s total=3.70s 108.0 rows/s; time_left=156.9min
2026-09-26 23:10:21,613 INFO PROGRESS 1280386/1732544 enhanced_rows=1001415 fallback_rows=0
2026-09-26 23:10:25,050 INFO BATCH us 400 records: exact=2.69s ann=0.00s model=0.71s total=3.44s 116.4 rows/s; time_left=156.8min
2026-09-26 23:10:28,324 INFO BATCH us 400 records: exact=2.49s ann=0.00s model=0.73s total=3.27s 122.4 rows/s; time_left=156.8min
2026-09-26 23:10:30,919 INFO BATCH us 400 records: exact=1.96s ann=0.00s model=0.60s total=2.59s 154.5 rows/s; time_left=156.7min
2026-09-26 23:10:34,154 INFO BATCH us 400 records: exact=2.49s ann=0.00s model=0.70s total=3.23s 123.9 rows/s; time_left=156.7min
2026-09-26 23:10:37,079 INFO BATCH us 400 records: exact=2.19s ann=0.00s model=0.68s total=2.92s 137.0 rows/s; time_left=156.6min
2026-09-26 23:10:41,233 INFO BATCH us 400 records: exact=3.06s ann=0.00s model=1.04s total=4.15s 96.5 rows/s; time_left=156.6min
2026-09-26 23:10:42,802 INFO BATCH us 400 records: exact=1.22s ann=0.00s model=0.31s total=1.57s 255.5 rows/s; time_left=156.5min
2026-09-26 23:10:44,076 INFO BATCH us 400 records: exact=0.94s ann=0.00s model=0.29s total=1.27s 315.2 rows/s; time_left=156.5min
2026-09-26 23:10:46,387 INFO BATCH us 400 records: exact=1.84s ann=0.00s model=0.41s total=2.31s 173.5 rows/s; time_left=156.5min
2026-09-26 23:10:48,582 INFO BATCH us 400 records: exact=1.78s ann=0.00s model=0.38s total=2.19s 182.7 rows/s; time_left=156.4min
2026-09-26 23:10:50,233 INFO BATCH us 400 records: exact=1.31s ann=0.00s model=0.30s total=1.65s 242.9 rows/s; time_left=156.4min
2026-09-26 23:10:51,826 INFO BATCH us 400 records: exact=1.24s ann=0.00s model=0.31s total=1.59s 252.0 rows/s; time_left=156.4min
2026-09-26 23:10:51,830 INFO PROGRESS 1285186/1732544 enhanced_rows=1005329 fallback_rows=0
2026-09-26 23:10:53,369 INFO BATCH us 400 records: exact=1.19s ann=0.00s model=0.31s total=1.54s 260.1 rows/s; time_left=156.4min
2026-09-26 23:10:54,585 INFO BATCH us 400 records: exact=0.85s ann=0.00s model=0.32s total=1.21s 329.8 rows/s; time_left=156.3min
2026-09-26 23:10:56,075 INFO BATCH us 400 records: exact=1.13s ann=0.00s model=0.33s total=1.49s 269.3 rows/s; time_left=156.3min
2026-09-26 23:10:57,474 INFO BATCH us 400 records: exact=1.05s ann=0.00s model=0.29s total=1.40s 286.7 rows/s; time_left=156.3min
2026-09-26 23:10:59,022 INFO BATCH us 400 records: exact=1.20s ann=0.00s model=0.30s total=1.54s 259.1 rows/s; time_left=156.3min
2026-09-26 23:11:00,251 INFO BATCH us 400 records: exact=0.87s ann=0.00s model=0.32s total=1.23s 326.4 rows/s; time_left=156.3min
2026-09-26 23:11:01,286 INFO BATCH us 400 records: exact=0.69s ann=0.00s model=0.30s total=1.03s 388.3 rows/s; time_left=156.2min
2026-09-26 23:11:02,644 INFO BATCH us 400 records: exact=1.00s ann=0.00s model=0.32s total=1.35s 295.4 rows/s; time_left=156.2min
2026-09-26 23:11:04,038 INFO BATCH us 400 records: exact=1.01s ann=0.00s model=0.34s total=1.39s 287.9 rows/s; time_left=156.2min
2026-09-26 23:11:05,169 INFO BATCH us 400 records: exact=0.80s ann=0.00s model=0.29s total=1.13s 354.8 rows/s; time_left=156.2min
2026-09-26 23:11:06,395 INFO BATCH us 400 records: exact=0.89s ann=0.00s model=0.30s total=1.22s 327.0 rows/s; time_left=156.1min
2026-09-26 23:11:07,577 INFO BATCH us 400 records: exact=0.83s ann=0.00s model=0.32s total=1.18s 339.7 rows/s; time_left=156.1min
2026-09-26 23:11:08,840 INFO BATCH us 400 records: exact=0.91s ann=0.00s model=0.32s total=1.26s 317.9 rows/s; time_left=156.1min
2026-09-26 23:11:08,844 INFO PROGRESS 1290386/1732544 enhanced_rows=1009587 fallback_rows=0
2026-09-26 23:11:10,091 INFO BATCH us 400 records: exact=0.89s ann=0.00s model=0.32s total=1.25s 321.2 rows/s; time_left=156.1min
2026-09-26 23:11:11,524 INFO BATCH us 400 records: exact=1.04s ann=0.00s model=0.35s total=1.43s 279.8 rows/s; time_left=156.1min
2026-09-26 23:11:12,903 INFO BATCH us 400 records: exact=1.02s ann=0.00s model=0.33s total=1.37s 291.0 rows/s; time_left=156.0min
2026-09-26 23:11:14,434 INFO BATCH us 400 records: exact=1.17s ann=0.00s model=0.33s total=1.53s 261.8 rows/s; time_left=156.0min
2026-09-26 23:11:15,831 INFO BATCH us 400 records: exact=1.02s ann=0.00s model=0.34s total=1.39s 287.2 rows/s; time_left=156.0min
2026-09-26 23:11:17,041 INFO BATCH us 400 records: exact=0.85s ann=0.00s model=0.32s total=1.21s 331.8 rows/s; time_left=156.0min
2026-09-26 23:11:18,314 INFO BATCH us 400 records: exact=0.94s ann=0.00s model=0.30s total=1.27s 315.6 rows/s; time_left=156.0min
2026-09-26 23:11:19,958 INFO BATCH us 400 records: exact=1.28s ann=0.00s model=0.33s total=1.64s 243.9 rows/s; time_left=155.9min
2026-09-26 23:11:21,302 INFO BATCH us 400 records: exact=0.99s ann=0.00s model=0.32s total=1.34s 298.4 rows/s; time_left=155.9min
2026-09-26 23:11:22,790 INFO BATCH us 400 records: exact=1.15s ann=0.00s model=0.31s total=1.48s 269.4 rows/s; time_left=155.9min
2026-09-26 23:11:23,808 INFO BATCH us 400 records: exact=0.67s ann=0.00s model=0.31s total=1.01s 394.5 rows/s; time_left=155.9min
2026-09-26 23:11:26,572 INFO BATCH us 400 records: exact=2.05s ann=0.00s model=0.66s total=2.76s 145.0 rows/s; time_left=155.8min
2026-09-26 23:11:26,577 INFO PROGRESS 1295186/1732544 enhanced_rows=1013489 fallback_rows=0
2026-09-26 23:11:29,519 INFO BATCH us 400 records: exact=2.17s ann=0.00s model=0.73s total=2.94s 136.0 rows/s; time_left=155.8min
2026-09-26 23:11:32,825 INFO BATCH us 400 records: exact=2.55s ann=0.00s model=0.70s total=3.30s 121.2 rows/s; time_left=155.7min
2026-09-26 23:11:36,238 INFO BATCH us 400 records: exact=2.60s ann=0.00s model=0.76s total=3.41s 117.4 rows/s; time_left=155.7min
2026-09-26 23:11:38,965 INFO BATCH us 400 records: exact=1.92s ann=0.00s model=0.76s total=2.72s 147.0 rows/s; time_left=155.6min
2026-09-26 23:11:42,276 INFO BATCH us 400 records: exact=2.46s ann=0.00s model=0.80s total=3.30s 121.0 rows/s; time_left=155.6min
2026-09-26 23:11:43,886 INFO BATCH us 400 records: exact=1.24s ann=0.00s model=0.33s total=1.60s 249.3 rows/s; time_left=155.5min
2026-09-26 23:11:45,148 INFO BATCH us 400 records: exact=0.90s ann=0.00s model=0.32s total=1.26s 318.1 rows/s; time_left=155.5min
2026-09-26 23:11:46,646 INFO BATCH us 400 records: exact=1.16s ann=0.00s model=0.31s total=1.49s 267.6 rows/s; time_left=155.5min
2026-09-26 23:11:48,114 INFO BATCH us 400 records: exact=1.09s ann=0.00s model=0.34s total=1.46s 273.5 rows/s; time_left=155.5min
2026-09-26 23:11:49,679 INFO BATCH us 400 records: exact=1.22s ann=0.00s model=0.31s total=1.56s 256.4 rows/s; time_left=155.4min
2026-09-26 23:11:50,884 INFO BATCH us 400 records: exact=0.88s ann=0.00s model=0.29s total=1.20s 333.2 rows/s; time_left=155.4min
2026-09-26 23:11:52,095 INFO BATCH us 400 records: exact=0.88s ann=0.00s model=0.30s total=1.21s 331.6 rows/s; time_left=155.4min
2026-09-26 23:11:53,259 INFO BATCH us 400 records: exact=0.82s ann=0.00s model=0.31s total=1.16s 344.8 rows/s; time_left=155.4min
2026-09-26 23:11:53,264 INFO PROGRESS 1300386/1732544 enhanced_rows=1017724 fallback_rows=0
2026-09-26 23:11:54,338 INFO BATCH us 400 records: exact=0.73s ann=0.00s model=0.31s total=1.07s 372.6 rows/s; time_left=155.4min
2026-09-26 23:11:55,461 INFO BATCH us 400 records: exact=0.79s ann=0.00s model=0.30s total=1.12s 357.5 rows/s; time_left=155.3min
2026-09-26 23:11:56,691 INFO BATCH us 400 records: exact=0.89s ann=0.00s model=0.31s total=1.23s 326.3 rows/s; time_left=155.3min
2026-09-26 23:11:57,794 INFO BATCH us 400 records: exact=0.76s ann=0.00s model=0.30s total=1.10s 364.3 rows/s; time_left=155.3min
2026-09-26 23:11:58,875 INFO BATCH us 400 records: exact=0.72s ann=0.00s model=0.33s total=1.07s 372.3 rows/s; time_left=155.3min
2026-09-26 23:11:59,946 INFO BATCH us 400 records: exact=0.73s ann=0.00s model=0.30s total=1.07s 375.3 rows/s; time_left=155.3min
2026-09-26 23:12:00,966 INFO BATCH us 400 records: exact=0.68s ann=0.00s model=0.30s total=1.02s 393.8 rows/s; time_left=155.2min
2026-09-26 23:12:02,450 INFO BATCH us 400 records: exact=1.09s ann=0.00s model=0.35s total=1.48s 270.3 rows/s; time_left=155.2min
2026-09-26 23:12:04,015 INFO BATCH us 400 records: exact=1.20s ann=0.00s model=0.33s total=1.56s 256.2 rows/s; time_left=155.2min
2026-09-26 23:12:05,835 INFO BATCH us 400 records: exact=1.45s ann=0.00s model=0.33s total=1.82s 220.3 rows/s; time_left=155.2min
2026-09-26 23:12:07,488 INFO BATCH us 400 records: exact=1.28s ann=0.00s model=0.33s total=1.65s 242.6 rows/s; time_left=155.1min
2026-09-26 23:12:09,044 INFO BATCH us 400 records: exact=1.08s ann=0.00s model=0.43s total=1.55s 257.8 rows/s; time_left=155.1min
2026-09-26 23:12:09,048 INFO PROGRESS 1305186/1732544 enhanced_rows=1021597 fallback_rows=0
2026-09-26 23:12:11,874 INFO BATCH us 400 records: exact=2.07s ann=0.00s model=0.71s total=2.82s 141.6 rows/s; time_left=155.1min
2026-09-26 23:12:14,925 INFO BATCH us 400 records: exact=2.55s ann=0.00s model=0.47s total=3.04s 131.4 rows/s; time_left=155.0min
2026-09-26 23:12:16,509 INFO BATCH us 400 records: exact=1.24s ann=0.00s model=0.31s total=1.58s 253.1 rows/s; time_left=155.0min
2026-09-26 23:12:18,451 INFO BATCH us 400 records: exact=1.19s ann=0.00s model=0.70s total=1.94s 206.4 rows/s; time_left=154.9min
2026-09-26 23:12:21,979 INFO BATCH us 400 records: exact=2.69s ann=0.00s model=0.78s total=3.52s 113.6 rows/s; time_left=154.9min
2026-09-26 23:12:23,713 INFO BATCH us 400 records: exact=1.33s ann=0.00s model=0.34s total=1.73s 231.8 rows/s; time_left=154.9min
2026-09-26 23:12:26,827 INFO BATCH us 400 records: exact=2.27s ann=0.00s model=0.79s total=3.10s 128.9 rows/s; time_left=154.8min
2026-09-26 23:12:29,732 INFO BATCH us 400 records: exact=2.15s ann=0.00s model=0.71s total=2.90s 138.1 rows/s; time_left=154.8min
2026-09-26 23:12:31,674 INFO BATCH us 400 records: exact=1.57s ann=0.00s model=0.33s total=1.93s 206.9 rows/s; time_left=154.7min
2026-09-26 23:12:33,216 INFO BATCH us 400 records: exact=1.19s ann=0.00s model=0.31s total=1.54s 260.5 rows/s; time_left=154.7min
2026-09-26 23:12:35,013 INFO BATCH us 400 records: exact=1.42s ann=0.00s model=0.33s total=1.79s 223.5 rows/s; time_left=154.7min
2026-09-26 23:12:36,748 INFO BATCH us 400 records: exact=1.35s ann=0.00s model=0.34s total=1.73s 231.6 rows/s; time_left=154.6min
2026-09-26 23:12:38,351 INFO BATCH us 400 records: exact=1.23s ann=0.00s model=0.33s total=1.60s 250.6 rows/s; time_left=154.6min
2026-09-26 23:12:38,357 INFO PROGRESS 1310386/1732544 enhanced_rows=1025819 fallback_rows=0
2026-09-26 23:12:41,333 INFO BATCH us 400 records: exact=2.27s ann=0.00s model=0.67s total=2.97s 134.5 rows/s; time_left=154.6min
2026-09-26 23:12:43,170 INFO BATCH us 400 records: exact=1.48s ann=0.00s model=0.33s total=1.83s 218.6 rows/s; time_left=154.5min
2026-09-26 23:12:44,676 INFO BATCH us 400 records: exact=1.10s ann=0.00s model=0.36s total=1.50s 266.9 rows/s; time_left=154.5min
2026-09-26 23:12:46,016 INFO BATCH us 400 records: exact=0.97s ann=0.00s model=0.34s total=1.33s 300.4 rows/s; time_left=154.5min
2026-09-26 23:12:47,229 INFO BATCH us 400 records: exact=0.89s ann=0.00s model=0.29s total=1.21s 331.9 rows/s; time_left=154.5min
2026-09-26 23:12:48,671 INFO BATCH us 400 records: exact=1.07s ann=0.00s model=0.34s total=1.43s 278.9 rows/s; time_left=154.4min
2026-09-26 23:12:50,274 INFO BATCH us 400 records: exact=1.20s ann=0.00s model=0.33s total=1.59s 250.8 rows/s; time_left=154.4min
2026-09-26 23:12:52,132 INFO BATCH us 400 records: exact=1.44s ann=0.00s model=0.36s total=1.85s 216.5 rows/s; time_left=154.4min
2026-09-26 23:12:53,900 INFO BATCH us 400 records: exact=1.43s ann=0.00s model=0.31s total=1.76s 227.2 rows/s; time_left=154.4min
2026-09-26 23:12:55,737 INFO BATCH us 400 records: exact=1.45s ann=0.00s model=0.35s total=1.83s 218.5 rows/s; time_left=154.3min
2026-09-26 23:12:57,703 INFO BATCH us 400 records: exact=1.59s ann=0.00s model=0.34s total=1.96s 204.2 rows/s; time_left=154.3min
2026-09-26 23:12:59,728 INFO BATCH us 400 records: exact=1.66s ann=0.00s model=0.31s total=2.02s 198.4 rows/s; time_left=154.3min
2026-09-26 23:12:59,734 INFO PROGRESS 1315186/1732544 enhanced_rows=1029753 fallback_rows=0
2026-09-26 23:13:01,454 INFO BATCH us 400 records: exact=1.28s ann=0.00s model=0.39s total=1.72s 232.8 rows/s; time_left=154.2min
2026-09-26 23:13:03,175 INFO BATCH us 400 records: exact=1.23s ann=0.00s model=0.44s total=1.71s 233.5 rows/s; time_left=154.2min
2026-09-26 23:13:04,933 INFO BATCH us 400 records: exact=1.36s ann=0.00s model=0.35s total=1.75s 228.9 rows/s; time_left=154.2min
2026-09-26 23:13:06,393 INFO BATCH us 400 records: exact=1.07s ann=0.00s model=0.34s total=1.45s 275.4 rows/s; time_left=154.2min
2026-09-26 23:13:07,973 INFO BATCH us 400 records: exact=1.20s ann=0.00s model=0.33s total=1.57s 254.6 rows/s; time_left=154.1min
2026-09-26 23:13:09,394 INFO BATCH us 400 records: exact=1.04s ann=0.00s model=0.33s total=1.41s 282.9 rows/s; time_left=154.1min
2026-09-26 23:13:10,936 INFO BATCH us 400 records: exact=1.15s ann=0.00s model=0.35s total=1.53s 260.6 rows/s; time_left=154.1min
2026-09-26 23:13:12,524 INFO BATCH us 400 records: exact=1.20s ann=0.00s model=0.34s total=1.58s 253.2 rows/s; time_left=154.0min
2026-09-26 23:13:13,590 INFO BATCH us 400 records: exact=0.74s ann=0.00s model=0.29s total=1.06s 377.9 rows/s; time_left=154.0min
2026-09-26 23:13:14,677 INFO BATCH us 400 records: exact=0.74s ann=0.00s model=0.30s total=1.08s 370.2 rows/s; time_left=154.0min
2026-09-26 23:13:15,923 INFO BATCH us 400 records: exact=0.89s ann=0.00s model=0.31s total=1.24s 323.0 rows/s; time_left=154.0min
2026-09-26 23:13:17,437 INFO BATCH us 400 records: exact=1.12s ann=0.00s model=0.34s total=1.51s 265.5 rows/s; time_left=154.0min
2026-09-26 23:13:18,505 INFO BATCH us 400 records: exact=0.73s ann=0.00s model=0.29s total=1.06s 377.1 rows/s; time_left=153.9min
2026-09-26 23:13:18,510 INFO PROGRESS 1320386/1732544 enhanced_rows=1034007 fallback_rows=0
2026-09-26 23:13:19,786 INFO BATCH us 400 records: exact=0.93s ann=0.00s model=0.30s total=1.28s 313.7 rows/s; time_left=153.9min
2026-09-26 23:13:20,904 INFO BATCH us 400 records: exact=0.77s ann=0.00s model=0.31s total=1.11s 359.9 rows/s; time_left=153.9min
2026-09-26 23:13:22,397 INFO BATCH us 400 records: exact=1.09s ann=0.00s model=0.35s total=1.48s 269.5 rows/s; time_left=153.9min
2026-09-26 23:13:23,725 INFO BATCH us 400 records: exact=0.97s ann=0.00s model=0.32s total=1.32s 302.6 rows/s; time_left=153.9min
2026-09-26 23:13:24,958 INFO BATCH us 400 records: exact=0.88s ann=0.00s model=0.30s total=1.22s 327.0 rows/s; time_left=153.8min
2026-09-26 23:13:26,594 INFO BATCH us 400 records: exact=1.27s ann=0.00s model=0.31s total=1.63s 246.0 rows/s; time_left=153.8min
2026-09-26 23:13:27,839 INFO BATCH us 400 records: exact=0.88s ann=0.00s model=0.30s total=1.24s 323.6 rows/s; time_left=153.8min
2026-09-26 23:13:29,007 INFO BATCH us 400 records: exact=0.82s ann=0.00s model=0.30s total=1.16s 344.3 rows/s; time_left=153.8min
2026-09-26 23:13:30,419 INFO BATCH us 400 records: exact=1.06s ann=0.00s model=0.30s total=1.40s 285.1 rows/s; time_left=153.7min
2026-09-26 23:13:31,787 INFO BATCH us 400 records: exact=1.01s ann=0.00s model=0.31s total=1.36s 294.6 rows/s; time_left=153.7min
2026-09-26 23:13:33,095 INFO BATCH us 400 records: exact=0.95s ann=0.00s model=0.32s total=1.30s 307.6 rows/s; time_left=153.7min
2026-09-26 23:13:34,186 INFO BATCH us 400 records: exact=0.76s ann=0.00s model=0.29s total=1.08s 368.9 rows/s; time_left=153.7min
2026-09-26 23:13:34,192 INFO PROGRESS 1325186/1732544 enhanced_rows=1037879 fallback_rows=0
2026-09-26 23:13:35,369 INFO BATCH us 400 records: exact=0.84s ann=0.00s model=0.30s total=1.18s 340.3 rows/s; time_left=153.7min
2026-09-26 23:13:36,769 INFO BATCH us 400 records: exact=1.04s ann=0.00s model=0.31s total=1.39s 287.2 rows/s; time_left=153.6min
2026-09-26 23:13:38,009 INFO BATCH us 400 records: exact=0.89s ann=0.00s model=0.31s total=1.23s 324.9 rows/s; time_left=153.6min
2026-09-26 23:13:39,542 INFO BATCH us 400 records: exact=1.18s ann=0.00s model=0.32s total=1.53s 262.0 rows/s; time_left=153.6min
2026-09-26 23:13:40,813 INFO BATCH us 400 records: exact=0.92s ann=0.00s model=0.31s total=1.26s 316.7 rows/s; time_left=153.6min
2026-09-26 23:13:42,139 INFO BATCH us 400 records: exact=0.98s ann=0.00s model=0.30s total=1.32s 303.2 rows/s; time_left=153.6min
2026-09-26 23:13:43,400 INFO BATCH us 400 records: exact=0.91s ann=0.00s model=0.31s total=1.25s 319.0 rows/s; time_left=153.5min
2026-09-26 23:13:44,774 INFO BATCH us 400 records: exact=1.03s ann=0.00s model=0.30s total=1.37s 292.6 rows/s; time_left=153.5min
2026-09-26 23:13:46,075 INFO BATCH us 400 records: exact=0.96s ann=0.00s model=0.31s total=1.29s 309.3 rows/s; time_left=153.5min
2026-09-26 23:13:47,591 INFO BATCH us 400 records: exact=1.13s ann=0.00s model=0.34s total=1.51s 264.9 rows/s; time_left=153.5min
2026-09-26 23:13:48,943 INFO BATCH us 400 records: exact=1.01s ann=0.00s model=0.31s total=1.34s 297.5 rows/s; time_left=153.4min
2026-09-26 23:13:50,260 INFO BATCH us 400 records: exact=0.97s ann=0.00s model=0.31s total=1.31s 305.3 rows/s; time_left=153.4min
2026-09-26 23:13:51,692 INFO BATCH us 400 records: exact=1.08s ann=0.00s model=0.31s total=1.43s 280.4 rows/s; time_left=153.4min
2026-09-26 23:13:51,698 INFO PROGRESS 1330386/1732544 enhanced_rows=1042090 fallback_rows=0
2026-09-26 23:13:53,061 INFO BATCH us 400 records: exact=1.02s ann=0.00s model=0.30s total=1.36s 293.5 rows/s; time_left=153.4min
2026-09-26 23:13:54,315 INFO BATCH us 400 records: exact=0.92s ann=0.00s model=0.29s total=1.25s 320.5 rows/s; time_left=153.4min
2026-09-26 23:13:55,526 INFO BATCH us 400 records: exact=0.87s ann=0.00s model=0.30s total=1.20s 332.2 rows/s; time_left=153.3min
2026-09-26 23:13:56,607 INFO BATCH us 400 records: exact=0.72s ann=0.00s model=0.32s total=1.07s 372.5 rows/s; time_left=153.3min
2026-09-26 23:13:57,922 INFO BATCH us 400 records: exact=0.95s ann=0.00s model=0.32s total=1.31s 305.6 rows/s; time_left=153.3min
2026-09-26 23:13:59,381 INFO BATCH us 400 records: exact=1.09s ann=0.00s model=0.33s total=1.45s 275.3 rows/s; time_left=153.3min
2026-09-26 23:14:00,570 INFO BATCH us 400 records: exact=0.83s ann=0.00s model=0.32s total=1.18s 338.2 rows/s; time_left=153.2min
2026-09-26 23:14:01,893 INFO BATCH us 400 records: exact=0.96s ann=0.00s model=0.32s total=1.32s 303.9 rows/s; time_left=153.2min
2026-09-26 23:14:03,098 INFO BATCH us 400 records: exact=0.84s ann=0.00s model=0.32s total=1.20s 334.1 rows/s; time_left=153.2min
2026-09-26 23:14:04,395 INFO BATCH us 400 records: exact=0.94s ann=0.00s model=0.32s total=1.29s 310.1 rows/s; time_left=153.2min
2026-09-26 23:14:05,217 INFO BATCH us 400 records: exact=0.51s ann=0.00s model=0.28s total=0.82s 490.7 rows/s; time_left=153.2min
2026-09-26 23:14:06,280 INFO BATCH us 400 records: exact=0.71s ann=0.00s model=0.31s total=1.05s 379.2 rows/s; time_left=153.2min
2026-09-26 23:14:06,286 INFO PROGRESS 1335186/1732544 enhanced_rows=1046033 fallback_rows=0
2026-09-26 23:14:07,338 INFO BATCH us 400 records: exact=0.72s ann=0.00s model=0.30s total=1.05s 380.3 rows/s; time_left=153.1min
2026-09-26 23:14:08,566 INFO BATCH us 400 records: exact=0.87s ann=0.00s model=0.32s total=1.22s 327.6 rows/s; time_left=153.1min
2026-09-26 23:14:09,903 INFO BATCH us 400 records: exact=1.00s ann=0.00s model=0.31s total=1.33s 300.6 rows/s; time_left=153.1min
2026-09-26 23:14:11,097 INFO BATCH us 400 records: exact=0.85s ann=0.00s model=0.31s total=1.19s 337.1 rows/s; time_left=153.1min
2026-09-26 23:14:12,450 INFO BATCH us 400 records: exact=0.99s ann=0.00s model=0.33s total=1.35s 297.2 rows/s; time_left=153.0min
2026-09-26 23:14:13,697 INFO BATCH us 400 records: exact=0.89s ann=0.00s model=0.31s total=1.24s 322.5 rows/s; time_left=153.0min
2026-09-26 23:14:15,172 INFO BATCH us 400 records: exact=1.12s ann=0.00s model=0.32s total=1.47s 272.5 rows/s; time_left=153.0min
2026-09-26 23:14:16,270 INFO BATCH us 400 records: exact=0.76s ann=0.00s model=0.30s total=1.09s 366.5 rows/s; time_left=153.0min
2026-09-26 23:14:17,499 INFO BATCH us 400 records: exact=0.91s ann=0.00s model=0.28s total=1.22s 327.9 rows/s; time_left=153.0min
2026-09-26 23:14:19,026 INFO BATCH us 400 records: exact=1.19s ann=0.00s model=0.30s total=1.52s 263.0 rows/s; time_left=152.9min
2026-09-26 23:14:20,373 INFO BATCH us 400 records: exact=0.99s ann=0.00s model=0.32s total=1.34s 298.7 rows/s; time_left=152.9min
2026-09-26 23:14:21,588 INFO BATCH us 400 records: exact=0.89s ann=0.00s model=0.29s total=1.21s 331.1 rows/s; time_left=152.9min
2026-09-26 23:14:22,877 INFO BATCH us 400 records: exact=0.97s ann=0.00s model=0.29s total=1.28s 312.3 rows/s; time_left=152.9min
2026-09-26 23:14:22,882 INFO PROGRESS 1340386/1732544 enhanced_rows=1050244 fallback_rows=0
2026-09-26 23:14:24,202 INFO BATCH us 400 records: exact=0.99s ann=0.00s model=0.30s total=1.32s 303.4 rows/s; time_left=152.9min
2026-09-26 23:14:25,652 INFO BATCH us 400 records: exact=1.11s ann=0.00s model=0.31s total=1.44s 277.0 rows/s; time_left=152.8min
2026-09-26 23:14:27,056 INFO BATCH us 400 records: exact=1.03s ann=0.00s model=0.32s total=1.40s 286.2 rows/s; time_left=152.8min
2026-09-26 23:14:28,422 INFO BATCH us 400 records: exact=0.99s ann=0.00s model=0.34s total=1.36s 294.3 rows/s; time_left=152.8min
2026-09-26 23:14:29,602 INFO BATCH us 400 records: exact=0.83s ann=0.00s model=0.31s total=1.17s 340.9 rows/s; time_left=152.8min
2026-09-26 23:14:30,643 INFO BATCH us 400 records: exact=0.65s ann=0.00s model=0.35s total=1.03s 386.7 rows/s; time_left=152.7min
2026-09-26 23:14:31,865 INFO BATCH us 400 records: exact=0.89s ann=0.00s model=0.30s total=1.22s 329.1 rows/s; time_left=152.7min
2026-09-26 23:14:33,231 INFO BATCH us 400 records: exact=1.02s ann=0.00s model=0.31s total=1.36s 294.6 rows/s; time_left=152.7min
2026-09-26 23:14:34,323 INFO BATCH us 400 records: exact=0.75s ann=0.00s model=0.30s total=1.09s 368.4 rows/s; time_left=152.7min
2026-09-26 23:14:35,834 INFO BATCH us 400 records: exact=1.16s ann=0.00s model=0.31s total=1.50s 266.1 rows/s; time_left=152.7min
2026-09-26 23:14:37,457 INFO BATCH us 400 records: exact=1.26s ann=0.00s model=0.33s total=1.62s 247.4 rows/s; time_left=152.6min
2026-09-26 23:14:39,063 INFO BATCH us 400 records: exact=1.24s ann=0.00s model=0.32s total=1.60s 250.2 rows/s; time_left=152.6min
2026-09-26 23:14:39,070 INFO PROGRESS 1345186/1732544 enhanced_rows=1054131 fallback_rows=0
2026-09-26 23:14:40,594 INFO BATCH us 400 records: exact=1.19s ann=0.00s model=0.30s total=1.52s 262.6 rows/s; time_left=152.6min
2026-09-26 23:14:41,879 INFO BATCH us 400 records: exact=0.96s ann=0.00s model=0.28s total=1.28s 313.4 rows/s; time_left=152.6min
2026-09-26 23:14:43,306 INFO BATCH us 400 records: exact=1.09s ann=0.00s model=0.29s total=1.42s 281.7 rows/s; time_left=152.5min
2026-09-26 23:14:44,442 INFO BATCH us 400 records: exact=0.80s ann=0.00s model=0.29s total=1.13s 354.3 rows/s; time_left=152.5min
2026-09-26 23:14:45,605 INFO BATCH us 400 records: exact=0.82s ann=0.00s model=0.30s total=1.16s 346.2 rows/s; time_left=152.5min
2026-09-26 23:14:46,856 INFO BATCH us 400 records: exact=0.91s ann=0.00s model=0.30s total=1.24s 321.6 rows/s; time_left=152.5min
2026-09-26 23:14:48,122 INFO BATCH us 400 records: exact=0.91s ann=0.00s model=0.32s total=1.26s 317.8 rows/s; time_left=152.5min
2026-09-26 23:14:49,615 INFO BATCH us 400 records: exact=1.14s ann=0.00s model=0.31s total=1.49s 269.0 rows/s; time_left=152.4min
2026-09-26 23:14:51,200 INFO BATCH us 400 records: exact=1.20s ann=0.00s model=0.35s total=1.58s 253.6 rows/s; time_left=152.4min
2026-09-26 23:14:52,839 INFO BATCH us 400 records: exact=1.24s ann=0.00s model=0.36s total=1.63s 245.1 rows/s; time_left=152.4min
2026-09-26 23:14:54,272 INFO BATCH us 400 records: exact=1.06s ann=0.00s model=0.33s total=1.43s 280.4 rows/s; time_left=152.4min
2026-09-26 23:14:55,613 INFO BATCH us 400 records: exact=0.96s ann=0.00s model=0.35s total=1.33s 300.0 rows/s; time_left=152.3min
2026-09-26 23:14:57,381 INFO BATCH us 400 records: exact=1.32s ann=0.00s model=0.41s total=1.76s 227.2 rows/s; time_left=152.3min
2026-09-26 23:14:57,387 INFO PROGRESS 1350386/1732544 enhanced_rows=1058365 fallback_rows=0
2026-09-26 23:14:58,920 INFO BATCH us 400 records: exact=1.18s ann=0.00s model=0.32s total=1.53s 261.1 rows/s; time_left=152.3min
2026-09-26 23:15:00,168 INFO BATCH us 400 records: exact=0.89s ann=0.00s model=0.33s total=1.24s 322.2 rows/s; time_left=152.3min
2026-09-26 23:15:01,453 INFO BATCH us 400 records: exact=0.95s ann=0.00s model=0.30s total=1.28s 312.7 rows/s; time_left=152.2min
2026-09-26 23:15:02,623 INFO BATCH us 400 records: exact=0.82s ann=0.00s model=0.32s total=1.16s 344.1 rows/s; time_left=152.2min
2026-09-26 23:15:03,768 INFO BATCH us 400 records: exact=0.81s ann=0.00s model=0.30s total=1.14s 351.4 rows/s; time_left=152.2min
2026-09-26 23:15:05,089 INFO BATCH us 400 records: exact=0.99s ann=0.00s model=0.30s total=1.31s 304.4 rows/s; time_left=152.2min
2026-09-26 23:15:06,472 INFO BATCH us 400 records: exact=1.04s ann=0.00s model=0.30s total=1.37s 290.9 rows/s; time_left=152.1min
2026-09-26 23:15:07,696 INFO BATCH us 400 records: exact=0.90s ann=0.00s model=0.29s total=1.22s 329.2 rows/s; time_left=152.1min
2026-09-26 23:15:09,006 INFO BATCH us 400 records: exact=0.97s ann=0.00s model=0.30s total=1.30s 307.3 rows/s; time_left=152.1min
2026-09-26 23:15:10,158 INFO BATCH us 400 records: exact=0.81s ann=0.00s model=0.31s total=1.14s 349.7 rows/s; time_left=152.1min
2026-09-26 23:15:11,523 INFO BATCH us 400 records: exact=0.99s ann=0.00s model=0.33s total=1.35s 295.4 rows/s; time_left=152.1min
2026-09-26 23:15:12,900 INFO BATCH us 400 records: exact=1.00s ann=0.00s model=0.34s total=1.37s 292.1 rows/s; time_left=152.0min
2026-09-26 23:15:12,907 INFO PROGRESS 1355186/1732544 enhanced_rows=1062275 fallback_rows=0
2026-09-26 23:15:14,005 INFO BATCH us 400 records: exact=0.77s ann=0.00s model=0.29s total=1.10s 364.8 rows/s; time_left=152.0min
2026-09-26 23:15:15,433 INFO BATCH us 400 records: exact=1.07s ann=0.00s model=0.32s total=1.42s 281.3 rows/s; time_left=152.0min
2026-09-26 23:15:16,650 INFO BATCH us 400 records: exact=0.87s ann=0.00s model=0.31s total=1.21s 330.4 rows/s; time_left=152.0min
2026-09-26 23:15:17,759 INFO BATCH us 400 records: exact=0.78s ann=0.00s model=0.29s total=1.10s 363.6 rows/s; time_left=152.0min
2026-09-26 23:15:18,711 INFO BATCH us 400 records: exact=0.63s ann=0.00s model=0.28s total=0.95s 423.3 rows/s; time_left=151.9min
2026-09-26 23:15:19,858 INFO BATCH us 400 records: exact=0.80s ann=0.00s model=0.31s total=1.14s 351.1 rows/s; time_left=151.9min
2026-09-26 23:15:21,551 INFO BATCH us 400 records: exact=1.34s ann=0.00s model=0.31s total=1.68s 237.6 rows/s; time_left=151.9min
2026-09-26 23:15:22,812 INFO BATCH us 400 records: exact=0.91s ann=0.00s model=0.31s total=1.25s 318.9 rows/s; time_left=151.9min
2026-09-26 23:15:24,419 INFO BATCH us 400 records: exact=1.25s ann=0.00s model=0.32s total=1.60s 250.1 rows/s; time_left=151.8min
2026-09-26 23:15:26,034 INFO BATCH us 400 records: exact=1.26s ann=0.00s model=0.32s total=1.61s 248.9 rows/s; time_left=151.8min
2026-09-26 23:15:27,308 INFO BATCH us 400 records: exact=0.94s ann=0.00s model=0.30s total=1.27s 315.3 rows/s; time_left=151.8min
2026-09-26 23:15:28,618 INFO BATCH us 400 records: exact=0.92s ann=0.00s model=0.34s total=1.30s 307.0 rows/s; time_left=151.8min
2026-09-26 23:15:30,963 INFO BATCH us 400 records: exact=1.85s ann=0.00s model=0.46s total=2.34s 171.1 rows/s; time_left=151.7min
2026-09-26 23:15:30,970 INFO PROGRESS 1360386/1732544 enhanced_rows=1066511 fallback_rows=0
2026-09-26 23:15:32,564 INFO BATCH us 400 records: exact=1.26s ann=0.00s model=0.30s total=1.59s 251.1 rows/s; time_left=151.7min
2026-09-26 23:15:33,948 INFO BATCH us 400 records: exact=1.03s ann=0.00s model=0.32s total=1.38s 290.3 rows/s; time_left=151.7min
2026-09-26 23:15:34,975 INFO BATCH us 400 records: exact=0.72s ann=0.00s model=0.28s total=1.02s 391.9 rows/s; time_left=151.7min
2026-09-26 23:15:36,414 INFO BATCH us 400 records: exact=1.08s ann=0.00s model=0.33s total=1.43s 279.3 rows/s; time_left=151.6min
2026-09-26 23:15:37,721 INFO BATCH us 400 records: exact=0.90s ann=0.00s model=0.36s total=1.30s 307.9 rows/s; time_left=151.6min
2026-09-26 23:15:39,131 INFO BATCH us 400 records: exact=1.07s ann=0.00s model=0.30s total=1.40s 285.3 rows/s; time_left=151.6min
2026-09-26 23:15:40,554 INFO BATCH us 400 records: exact=1.08s ann=0.00s model=0.32s total=1.42s 282.6 rows/s; time_left=151.6min
2026-09-26 23:15:42,194 INFO BATCH us 400 records: exact=1.25s ann=0.00s model=0.35s total=1.63s 244.8 rows/s; time_left=151.6min
2026-09-26 23:15:44,090 INFO BATCH us 400 records: exact=1.39s ann=0.00s model=0.45s total=1.89s 211.8 rows/s; time_left=151.5min
2026-09-26 23:15:45,684 INFO BATCH us 400 records: exact=1.22s ann=0.00s model=0.33s total=1.59s 252.3 rows/s; time_left=151.5min
2026-09-26 23:15:47,048 INFO BATCH us 400 records: exact=0.95s ann=0.00s model=0.37s total=1.36s 295.0 rows/s; time_left=151.5min
2026-09-26 23:15:48,756 INFO BATCH us 400 records: exact=1.35s ann=0.00s model=0.32s total=1.70s 235.5 rows/s; time_left=151.4min
2026-09-26 23:15:48,763 INFO PROGRESS 1365186/1732544 enhanced_rows=1070445 fallback_rows=0
2026-09-26 23:15:50,331 INFO BATCH us 400 records: exact=1.23s ann=0.00s model=0.31s total=1.57s 255.2 rows/s; time_left=151.4min
2026-09-26 23:15:51,579 INFO BATCH us 400 records: exact=0.89s ann=0.00s model=0.33s total=1.24s 322.0 rows/s; time_left=151.4min
2026-09-26 23:15:53,676 INFO BATCH us 400 records: exact=1.70s ann=0.00s model=0.36s total=2.09s 191.4 rows/s; time_left=151.4min
2026-09-26 23:15:55,507 INFO BATCH us 400 records: exact=1.45s ann=0.00s model=0.35s total=1.82s 219.4 rows/s; time_left=151.3min
2026-09-26 23:15:57,043 INFO BATCH us 400 records: exact=1.18s ann=0.00s model=0.33s total=1.53s 261.7 rows/s; time_left=151.3min
2026-09-26 23:15:58,929 INFO BATCH us 400 records: exact=1.52s ann=0.00s model=0.33s total=1.88s 213.0 rows/s; time_left=151.3min
2026-09-26 23:16:00,480 INFO BATCH us 400 records: exact=1.19s ann=0.00s model=0.33s total=1.54s 259.9 rows/s; time_left=151.2min
2026-09-26 23:16:02,091 INFO BATCH us 400 records: exact=1.22s ann=0.00s model=0.36s total=1.60s 249.5 rows/s; time_left=151.2min
2026-09-26 23:16:03,807 INFO BATCH us 400 records: exact=1.34s ann=0.00s model=0.35s total=1.71s 233.5 rows/s; time_left=151.2min
2026-09-26 23:16:05,419 INFO BATCH us 400 records: exact=1.27s ann=0.00s model=0.31s total=1.61s 248.9 rows/s; time_left=151.2min
2026-09-26 23:16:06,825 INFO BATCH us 400 records: exact=1.05s ann=0.00s model=0.33s total=1.40s 285.4 rows/s; time_left=151.1min
2026-09-26 23:16:08,230 INFO BATCH us 400 records: exact=1.03s ann=0.00s model=0.34s total=1.40s 285.6 rows/s; time_left=151.1min
2026-09-26 23:16:09,613 INFO BATCH us 400 records: exact=1.03s ann=0.00s model=0.32s total=1.38s 290.0 rows/s; time_left=151.1min
2026-09-26 23:16:09,616 INFO PROGRESS 1370386/1732544 enhanced_rows=1074713 fallback_rows=0
2026-09-26 23:16:10,756 INFO BATCH us 400 records: exact=0.82s ann=0.00s model=0.30s total=1.14s 351.1 rows/s; time_left=151.1min
2026-09-26 23:16:12,302 INFO BATCH us 400 records: exact=1.19s ann=0.00s model=0.32s total=1.54s 259.6 rows/s; time_left=151.1min
2026-09-26 23:16:13,600 INFO BATCH us 400 records: exact=0.92s ann=0.00s model=0.30s total=1.29s 309.1 rows/s; time_left=151.0min
2026-09-26 23:16:14,720 INFO BATCH us 400 records: exact=0.78s ann=0.00s model=0.30s total=1.12s 358.4 rows/s; time_left=151.0min
2026-09-26 23:16:15,882 INFO BATCH us 400 records: exact=0.83s ann=0.00s model=0.30s total=1.15s 346.4 rows/s; time_left=151.0min
2026-09-26 23:16:17,232 INFO BATCH us 400 records: exact=1.00s ann=0.00s model=0.32s total=1.35s 297.1 rows/s; time_left=151.0min
2026-09-26 23:16:18,399 INFO BATCH us 400 records: exact=0.81s ann=0.00s model=0.31s total=1.16s 344.5 rows/s; time_left=150.9min
2026-09-26 23:16:19,894 INFO BATCH us 400 records: exact=1.12s ann=0.00s model=0.33s total=1.49s 269.0 rows/s; time_left=150.9min
2026-09-26 23:16:21,425 INFO BATCH us 400 records: exact=1.18s ann=0.00s model=0.31s total=1.52s 262.5 rows/s; time_left=150.9min
2026-09-26 23:16:23,090 INFO BATCH us 400 records: exact=1.30s ann=0.00s model=0.33s total=1.66s 241.4 rows/s; time_left=150.9min
2026-09-26 23:16:24,878 INFO BATCH us 400 records: exact=1.40s ann=0.00s model=0.34s total=1.78s 224.7 rows/s; time_left=150.8min
2026-09-26 23:16:26,322 INFO BATCH us 400 records: exact=1.11s ann=0.00s model=0.29s total=1.43s 278.8 rows/s; time_left=150.8min
2026-09-26 23:16:26,329 INFO PROGRESS 1375186/1732544 enhanced_rows=1078642 fallback_rows=0
2026-09-26 23:16:28,084 INFO BATCH us 400 records: exact=1.40s ann=0.00s model=0.31s total=1.75s 228.1 rows/s; time_left=150.8min
2026-09-26 23:16:29,456 INFO BATCH us 400 records: exact=0.97s ann=0.00s model=0.36s total=1.37s 293.0 rows/s; time_left=150.8min
2026-09-26 23:16:31,170 INFO BATCH us 400 records: exact=1.35s ann=0.00s model=0.33s total=1.71s 234.4 rows/s; time_left=150.7min
2026-09-26 23:16:32,892 INFO BATCH us 400 records: exact=1.36s ann=0.00s model=0.33s total=1.72s 233.1 rows/s; time_left=150.7min
2026-09-26 23:16:34,378 INFO BATCH us 400 records: exact=1.13s ann=0.00s model=0.32s total=1.48s 270.3 rows/s; time_left=150.7min
2026-09-26 23:16:36,213 INFO BATCH us 400 records: exact=1.46s ann=0.00s model=0.33s total=1.83s 218.8 rows/s; time_left=150.7min
2026-09-26 23:16:37,763 INFO BATCH us 400 records: exact=1.13s ann=0.00s model=0.37s total=1.54s 259.3 rows/s; time_left=150.6min
2026-09-26 23:16:39,598 INFO BATCH us 400 records: exact=1.38s ann=0.00s model=0.41s total=1.83s 219.0 rows/s; time_left=150.6min
2026-09-26 23:16:41,376 INFO BATCH us 400 records: exact=1.31s ann=0.00s model=0.41s total=1.77s 226.3 rows/s; time_left=150.6min
2026-09-26 23:16:43,100 INFO BATCH us 400 records: exact=1.26s ann=0.00s model=0.41s total=1.72s 233.2 rows/s; time_left=150.5min
2026-09-26 23:16:45,030 INFO BATCH us 400 records: exact=1.48s ann=0.00s model=0.41s total=1.92s 208.1 rows/s; time_left=150.5min
2026-09-26 23:16:47,139 INFO BATCH us 400 records: exact=1.65s ann=0.00s model=0.42s total=2.10s 190.4 rows/s; time_left=150.5min
2026-09-26 23:16:49,046 INFO BATCH us 400 records: exact=1.38s ann=0.00s model=0.48s total=1.90s 210.6 rows/s; time_left=150.4min
2026-09-26 23:16:49,054 INFO PROGRESS 1380386/1732544 enhanced_rows=1082869 fallback_rows=0
2026-09-26 23:16:50,801 INFO BATCH us 400 records: exact=1.24s ann=0.00s model=0.47s total=1.75s 229.2 rows/s; time_left=150.4min
2026-09-26 23:16:52,960 INFO BATCH us 400 records: exact=1.04s ann=0.00s model=1.08s total=2.15s 186.2 rows/s; time_left=150.4min
2026-09-26 23:16:54,999 INFO BATCH us 400 records: exact=1.66s ann=0.00s model=0.34s total=2.03s 196.8 rows/s; time_left=150.3min
2026-09-26 23:16:56,837 INFO BATCH us 400 records: exact=1.46s ann=0.00s model=0.33s total=1.83s 218.5 rows/s; time_left=150.3min
2026-09-26 23:16:58,711 INFO BATCH us 400 records: exact=1.48s ann=0.00s model=0.34s total=1.87s 214.3 rows/s; time_left=150.3min
2026-09-26 23:17:00,577 INFO BATCH us 400 records: exact=1.48s ann=0.00s model=0.32s total=1.86s 215.6 rows/s; time_left=150.2min
2026-09-26 23:17:02,084 INFO BATCH us 400 records: exact=1.14s ann=0.00s model=0.30s total=1.50s 267.2 rows/s; time_left=150.2min
2026-09-26 23:17:03,686 INFO BATCH us 400 records: exact=1.24s ann=0.00s model=0.32s total=1.59s 251.0 rows/s; time_left=150.2min
2026-09-26 23:17:05,005 INFO BATCH us 400 records: exact=0.95s ann=0.00s model=0.30s total=1.31s 305.5 rows/s; time_left=150.2min
2026-09-26 23:17:06,213 INFO BATCH us 400 records: exact=0.87s ann=0.00s model=0.29s total=1.20s 334.0 rows/s; time_left=150.2min
2026-09-26 23:17:07,559 INFO BATCH us 400 records: exact=0.98s ann=0.00s model=0.32s total=1.34s 298.8 rows/s; time_left=150.1min
2026-09-26 23:17:08,982 INFO BATCH us 400 records: exact=1.06s ann=0.00s model=0.32s total=1.42s 282.6 rows/s; time_left=150.1min
2026-09-26 23:17:08,989 INFO PROGRESS 1385186/1732544 enhanced_rows=1086793 fallback_rows=0
2026-09-26 23:17:10,128 INFO BATCH us 400 records: exact=0.81s ann=0.00s model=0.30s total=1.14s 351.3 rows/s; time_left=150.1min
2026-09-26 23:17:11,206 INFO BATCH us 400 records: exact=0.72s ann=0.00s model=0.31s total=1.06s 375.9 rows/s; time_left=150.1min
2026-09-26 23:17:12,392 INFO BATCH us 400 records: exact=0.81s ann=0.00s model=0.32s total=1.18s 340.4 rows/s; time_left=150.1min
2026-09-26 23:17:13,658 INFO BATCH us 400 records: exact=0.90s ann=0.00s model=0.31s total=1.26s 317.9 rows/s; time_left=150.0min
2026-09-26 23:17:14,713 INFO BATCH us 400 records: exact=0.66s ann=0.00s model=0.35s total=1.05s 381.5 rows/s; time_left=150.0min
2026-09-26 23:17:15,702 INFO BATCH us 400 records: exact=0.64s ann=0.00s model=0.29s total=0.98s 409.2 rows/s; time_left=150.0min
2026-09-26 23:17:16,683 INFO BATCH us 400 records: exact=0.64s ann=0.00s model=0.31s total=0.97s 410.8 rows/s; time_left=150.0min
2026-09-26 23:17:17,578 INFO BATCH us 400 records: exact=0.56s ann=0.00s model=0.29s total=0.89s 451.8 rows/s; time_left=150.0min
2026-09-26 23:17:18,622 INFO BATCH us 400 records: exact=0.69s ann=0.00s model=0.32s total=1.04s 385.7 rows/s; time_left=149.9min
2026-09-26 23:17:19,625 INFO BATCH us 400 records: exact=0.65s ann=0.00s model=0.31s total=0.99s 402.4 rows/s; time_left=149.9min
2026-09-26 23:17:20,614 INFO BATCH us 400 records: exact=0.64s ann=0.00s model=0.31s total=0.98s 407.0 rows/s; time_left=149.9min
2026-09-26 23:17:21,685 INFO BATCH us 400 records: exact=0.73s ann=0.00s model=0.30s total=1.06s 375.9 rows/s; time_left=149.9min
2026-09-26 23:17:22,644 INFO BATCH us 400 records: exact=0.61s ann=0.00s model=0.31s total=0.95s 420.1 rows/s; time_left=149.9min
2026-09-26 23:17:22,650 INFO PROGRESS 1390386/1732544 enhanced_rows=1091006 fallback_rows=0
2026-09-26 23:17:23,581 INFO BATCH us 400 records: exact=0.60s ann=0.00s model=0.31s total=0.93s 430.3 rows/s; time_left=149.9min
2026-09-26 23:17:24,510 INFO BATCH us 400 records: exact=0.57s ann=0.00s model=0.32s total=0.92s 434.7 rows/s; time_left=149.8min
2026-09-26 23:17:25,427 INFO BATCH us 400 records: exact=0.57s ann=0.00s model=0.31s total=0.91s 439.4 rows/s; time_left=149.8min
2026-09-26 23:17:26,289 INFO BATCH us 400 records: exact=0.53s ann=0.00s model=0.30s total=0.86s 467.8 rows/s; time_left=149.8min
2026-09-26 23:17:27,316 INFO BATCH us 400 records: exact=0.67s ann=0.00s model=0.32s total=1.02s 392.4 rows/s; time_left=149.8min
2026-09-26 23:17:28,215 INFO BATCH us 400 records: exact=0.53s ann=0.00s model=0.32s total=0.89s 448.4 rows/s; time_left=149.8min
2026-09-26 23:17:29,154 INFO BATCH us 400 records: exact=0.56s ann=0.00s model=0.33s total=0.93s 429.7 rows/s; time_left=149.8min
2026-09-26 23:17:29,988 INFO BATCH us 400 records: exact=0.51s ann=0.00s model=0.29s total=0.83s 483.4 rows/s; time_left=149.8min
2026-09-26 23:17:30,837 INFO BATCH us 400 records: exact=0.51s ann=0.00s model=0.30s total=0.84s 475.4 rows/s; time_left=149.7min
2026-09-26 23:17:31,613 INFO BATCH us 400 records: exact=0.42s ann=0.00s model=0.32s total=0.77s 520.3 rows/s; time_left=149.7min
2026-09-26 23:17:32,449 INFO BATCH us 400 records: exact=0.49s ann=0.00s model=0.31s total=0.83s 483.4 rows/s; time_left=149.7min
2026-09-26 23:17:33,194 INFO BATCH us 400 records: exact=0.42s ann=0.00s model=0.29s total=0.74s 542.2 rows/s; time_left=149.7min
2026-09-26 23:17:33,200 INFO PROGRESS 1395186/1732544 enhanced_rows=1094897 fallback_rows=0
2026-09-26 23:17:33,994 INFO BATCH us 400 records: exact=0.45s ann=0.00s model=0.31s total=0.79s 504.3 rows/s; time_left=149.7min
2026-09-26 23:17:34,714 INFO BATCH us 400 records: exact=0.39s ann=0.00s model=0.30s total=0.71s 561.3 rows/s; time_left=149.7min
2026-09-26 23:17:35,493 INFO BATCH us 400 records: exact=0.44s ann=0.00s model=0.31s total=0.77s 518.6 rows/s; time_left=149.7min
2026-09-26 23:17:36,202 INFO BATCH us 400 records: exact=0.38s ann=0.00s model=0.30s total=0.70s 569.4 rows/s; time_left=149.7min
2026-09-26 23:17:36,877 INFO BATCH us 400 records: exact=0.34s ann=0.00s model=0.30s total=0.67s 600.1 rows/s; time_left=149.6min
2026-09-26 23:17:37,769 INFO BATCH us 400 records: exact=0.53s ann=0.00s model=0.33s total=0.89s 451.9 rows/s; time_left=149.6min
2026-09-26 23:17:38,511 INFO BATCH us 400 records: exact=0.40s ann=0.00s model=0.30s total=0.73s 545.0 rows/s; time_left=149.6min
2026-09-26 23:17:39,166 INFO BATCH us 400 records: exact=0.33s ann=0.00s model=0.28s total=0.65s 616.5 rows/s; time_left=149.6min
2026-09-26 23:17:39,999 INFO BATCH us 400 records: exact=0.49s ann=0.00s model=0.31s total=0.82s 485.3 rows/s; time_left=149.6min
2026-09-26 23:17:40,704 INFO BATCH us 400 records: exact=0.39s ann=0.00s model=0.29s total=0.70s 572.7 rows/s; time_left=149.6min
2026-09-26 23:17:41,490 INFO BATCH us 400 records: exact=0.43s ann=0.00s model=0.32s total=0.78s 515.0 rows/s; time_left=149.6min
2026-09-26 23:17:42,242 INFO BATCH us 400 records: exact=0.42s ann=0.00s model=0.30s total=0.74s 537.9 rows/s; time_left=149.6min
2026-09-26 23:17:43,098 INFO BATCH us 400 records: exact=0.51s ann=0.00s model=0.31s total=0.85s 470.4 rows/s; time_left=149.5min
2026-09-26 23:17:43,104 INFO PROGRESS 1400386/1732544 enhanced_rows=1099151 fallback_rows=0
2026-09-26 23:17:43,882 INFO BATCH us 400 records: exact=0.42s ann=0.00s model=0.31s total=0.78s 515.0 rows/s; time_left=149.5min
2026-09-26 23:17:44,732 INFO BATCH us 400 records: exact=0.51s ann=0.00s model=0.30s total=0.84s 474.3 rows/s; time_left=149.5min
2026-09-26 23:17:45,561 INFO BATCH us 400 records: exact=0.46s ann=0.00s model=0.33s total=0.82s 487.5 rows/s; time_left=149.5min
2026-09-26 23:17:46,351 INFO BATCH us 400 records: exact=0.44s ann=0.00s model=0.30s total=0.78s 510.5 rows/s; time_left=149.5min
2026-09-26 23:17:47,209 INFO BATCH us 400 records: exact=0.49s ann=0.00s model=0.32s total=0.85s 469.6 rows/s; time_left=149.5min
2026-09-26 23:17:48,097 INFO BATCH us 400 records: exact=0.54s ann=0.00s model=0.31s total=0.88s 454.2 rows/s; time_left=149.5min
2026-09-26 23:17:48,957 INFO BATCH us 400 records: exact=0.52s ann=0.00s model=0.30s total=0.85s 468.7 rows/s; time_left=149.4min
2026-09-26 23:17:49,841 INFO BATCH us 400 records: exact=0.51s ann=0.00s model=0.33s total=0.88s 456.3 rows/s; time_left=149.4min
2026-09-26 23:17:50,596 INFO BATCH us 400 records: exact=0.42s ann=0.00s model=0.29s total=0.75s 533.7 rows/s; time_left=149.4min
2026-09-26 23:17:51,371 INFO BATCH us 400 records: exact=0.45s ann=0.00s model=0.29s total=0.77s 520.9 rows/s; time_left=149.4min
2026-09-26 23:17:52,163 INFO BATCH us 400 records: exact=0.45s ann=0.00s model=0.29s total=0.78s 510.0 rows/s; time_left=149.4min
2026-09-26 23:17:52,927 INFO BATCH us 400 records: exact=0.43s ann=0.00s model=0.29s total=0.76s 528.3 rows/s; time_left=149.4min
2026-09-26 23:17:52,933 INFO PROGRESS 1405186/1732544 enhanced_rows=1103024 fallback_rows=0
2026-09-26 23:17:53,831 INFO BATCH us 400 records: exact=0.56s ann=0.00s model=0.30s total=0.90s 445.9 rows/s; time_left=149.4min
2026-09-26 23:17:54,571 INFO BATCH us 400 records: exact=0.39s ann=0.00s model=0.31s total=0.73s 545.1 rows/s; time_left=149.3min
2026-09-26 23:17:55,339 INFO BATCH us 400 records: exact=0.43s ann=0.00s model=0.30s total=0.76s 526.4 rows/s; time_left=149.3min
2026-09-26 23:17:56,088 INFO BATCH us 400 records: exact=0.42s ann=0.00s model=0.30s total=0.74s 538.7 rows/s; time_left=149.3min
2026-09-26 23:17:56,845 INFO BATCH us 400 records: exact=0.44s ann=0.00s model=0.28s total=0.75s 532.8 rows/s; time_left=149.3min
2026-09-26 23:17:57,687 INFO BATCH us 400 records: exact=0.49s ann=0.00s model=0.31s total=0.84s 477.9 rows/s; time_left=149.3min
2026-09-26 23:17:58,454 INFO BATCH us 400 records: exact=0.43s ann=0.00s model=0.30s total=0.76s 526.8 rows/s; time_left=149.3min
2026-09-26 23:17:59,227 INFO BATCH us 400 records: exact=0.44s ann=0.00s model=0.30s total=0.77s 521.5 rows/s; time_left=149.3min
2026-09-26 23:18:00,013 INFO BATCH us 400 records: exact=0.44s ann=0.00s model=0.31s total=0.78s 513.9 rows/s; time_left=149.3min
2026-09-26 23:18:00,828 INFO BATCH us 400 records: exact=0.47s ann=0.00s model=0.31s total=0.81s 494.9 rows/s; time_left=149.2min
2026-09-26 23:18:01,614 INFO BATCH us 400 records: exact=0.44s ann=0.00s model=0.31s total=0.78s 513.5 rows/s; time_left=149.2min
2026-09-26 23:18:02,372 INFO BATCH us 400 records: exact=0.41s ann=0.00s model=0.31s total=0.75s 533.8 rows/s; time_left=149.2min
2026-09-26 23:18:03,120 INFO BATCH us 400 records: exact=0.39s ann=0.00s model=0.32s total=0.74s 540.4 rows/s; time_left=149.2min
2026-09-26 23:18:03,126 INFO PROGRESS 1410386/1732544 enhanced_rows=1107340 fallback_rows=0
2026-09-26 23:18:03,938 INFO BATCH us 400 records: exact=0.47s ann=0.00s model=0.31s total=0.81s 492.7 rows/s; time_left=149.2min
2026-09-26 23:18:04,762 INFO BATCH us 400 records: exact=0.48s ann=0.00s model=0.30s total=0.82s 489.8 rows/s; time_left=149.2min
2026-09-26 23:18:05,532 INFO BATCH us 400 records: exact=0.41s ann=0.00s model=0.32s total=0.76s 523.6 rows/s; time_left=149.2min
2026-09-26 23:18:06,372 INFO BATCH us 400 records: exact=0.49s ann=0.00s model=0.30s total=0.83s 480.4 rows/s; time_left=149.2min
2026-09-26 23:18:07,249 INFO BATCH us 400 records: exact=0.52s ann=0.00s model=0.32s total=0.87s 459.9 rows/s; time_left=149.1min
2026-09-26 23:18:08,065 INFO BATCH us 400 records: exact=0.48s ann=0.00s model=0.30s total=0.81s 494.1 rows/s; time_left=149.1min
2026-09-26 23:18:08,944 INFO BATCH us 400 records: exact=0.52s ann=0.00s model=0.31s total=0.87s 458.3 rows/s; time_left=149.1min
2026-09-26 23:18:09,861 INFO BATCH us 400 records: exact=0.55s ann=0.00s model=0.32s total=0.91s 439.4 rows/s; time_left=149.1min
2026-09-26 23:18:10,703 INFO BATCH us 400 records: exact=0.50s ann=0.00s model=0.30s total=0.84s 478.6 rows/s; time_left=149.1min
2026-09-26 23:18:11,539 INFO BATCH us 400 records: exact=0.49s ann=0.00s model=0.30s total=0.83s 482.1 rows/s; time_left=149.1min
2026-09-26 23:18:12,368 INFO BATCH us 400 records: exact=0.48s ann=0.00s model=0.29s total=0.82s 487.1 rows/s; time_left=149.1min
2026-09-26 23:18:13,212 INFO BATCH us 400 records: exact=0.50s ann=0.00s model=0.30s total=0.84s 477.0 rows/s; time_left=149.0min
2026-09-26 23:18:13,218 INFO PROGRESS 1415186/1732544 enhanced_rows=1111197 fallback_rows=0
2026-09-26 23:18:14,059 INFO BATCH us 400 records: exact=0.51s ann=0.00s model=0.30s total=0.84s 476.3 rows/s; time_left=149.0min
2026-09-26 23:18:14,921 INFO BATCH us 400 records: exact=0.52s ann=0.00s model=0.30s total=0.85s 467.9 rows/s; time_left=149.0min
2026-09-26 23:18:15,937 INFO BATCH us 400 records: exact=0.65s ann=0.00s model=0.32s total=1.01s 396.8 rows/s; time_left=149.0min
2026-09-26 23:18:16,838 INFO BATCH us 400 records: exact=0.55s ann=0.00s model=0.31s total=0.89s 447.2 rows/s; time_left=149.0min
2026-09-26 23:18:18,169 INFO BATCH us 400 records: exact=0.97s ann=0.00s model=0.32s total=1.33s 301.8 rows/s; time_left=149.0min
2026-09-26 23:18:19,198 INFO BATCH us 400 records: exact=0.66s ann=0.00s model=0.32s total=1.02s 391.0 rows/s; time_left=148.9min
2026-09-26 23:18:20,146 INFO BATCH us 400 records: exact=0.60s ann=0.00s model=0.31s total=0.94s 425.4 rows/s; time_left=148.9min
2026-09-26 23:18:21,575 INFO BATCH us 400 records: exact=1.02s ann=0.00s model=0.36s total=1.42s 281.2 rows/s; time_left=148.9min
2026-09-26 23:18:22,859 INFO BATCH us 400 records: exact=0.93s ann=0.00s model=0.32s total=1.28s 313.4 rows/s; time_left=148.9min
2026-09-26 23:18:23,974 INFO BATCH us 400 records: exact=0.77s ann=0.00s model=0.30s total=1.11s 360.8 rows/s; time_left=148.9min
2026-09-26 23:18:25,106 INFO BATCH us 400 records: exact=0.79s ann=0.00s model=0.31s total=1.12s 355.8 rows/s; time_left=148.8min
2026-09-26 23:18:26,164 INFO BATCH us 400 records: exact=0.70s ann=0.00s model=0.32s total=1.05s 380.6 rows/s; time_left=148.8min
2026-09-26 23:18:27,494 INFO BATCH us 400 records: exact=0.98s ann=0.00s model=0.32s total=1.32s 302.3 rows/s; time_left=148.8min
2026-09-26 23:18:27,500 INFO PROGRESS 1420386/1732544 enhanced_rows=1115417 fallback_rows=0
2026-09-26 23:18:28,938 INFO BATCH us 400 records: exact=1.07s ann=0.00s model=0.34s total=1.44s 278.4 rows/s; time_left=148.8min
2026-09-26 23:18:30,698 INFO BATCH us 400 records: exact=1.40s ann=0.00s model=0.33s total=1.75s 228.2 rows/s; time_left=148.7min
2026-09-26 23:18:32,102 INFO BATCH us 400 records: exact=1.05s ann=0.00s model=0.32s total=1.40s 286.1 rows/s; time_left=148.7min
2026-09-26 23:18:33,516 INFO BATCH us 400 records: exact=1.07s ann=0.00s model=0.31s total=1.41s 284.2 rows/s; time_left=148.7min
2026-09-26 23:18:34,868 INFO BATCH us 400 records: exact=1.01s ann=0.00s model=0.30s total=1.34s 297.4 rows/s; time_left=148.7min
2026-09-26 23:18:36,339 INFO BATCH us 400 records: exact=1.12s ann=0.00s model=0.31s total=1.46s 273.2 rows/s; time_left=148.7min
2026-09-26 23:18:38,057 INFO BATCH us 400 records: exact=1.28s ann=0.00s model=0.39s total=1.71s 233.8 rows/s; time_left=148.6min
2026-09-26 23:18:39,504 INFO BATCH us 400 records: exact=1.06s ann=0.00s model=0.35s total=1.44s 278.4 rows/s; time_left=148.6min
2026-09-26 23:18:40,978 INFO BATCH us 400 records: exact=0.95s ann=0.00s model=0.46s total=1.47s 272.7 rows/s; time_left=148.6min
2026-09-26 23:18:42,813 INFO BATCH us 400 records: exact=1.35s ann=0.00s model=0.42s total=1.83s 218.9 rows/s; time_left=148.5min
2026-09-26 23:18:44,247 INFO BATCH us 400 records: exact=1.01s ann=0.00s model=0.39s total=1.43s 280.2 rows/s; time_left=148.5min
2026-09-26 23:18:45,563 INFO BATCH us 400 records: exact=0.97s ann=0.00s model=0.31s total=1.31s 305.8 rows/s; time_left=148.5min
2026-09-26 23:18:45,568 INFO PROGRESS 1425186/1732544 enhanced_rows=1119346 fallback_rows=0
2026-09-26 23:18:46,882 INFO BATCH us 400 records: exact=0.93s ann=0.00s model=0.34s total=1.31s 304.7 rows/s; time_left=148.5min
2026-09-26 23:18:47,909 INFO BATCH us 400 records: exact=0.68s ann=0.00s model=0.31s total=1.02s 391.8 rows/s; time_left=148.5min
2026-09-26 23:18:49,320 INFO BATCH us 400 records: exact=1.02s ann=0.00s model=0.36s total=1.40s 284.8 rows/s; time_left=148.4min
2026-09-26 23:18:50,402 INFO BATCH us 400 records: exact=0.73s ann=0.00s model=0.32s total=1.08s 372.1 rows/s; time_left=148.4min
2026-09-26 23:18:51,583 INFO BATCH us 400 records: exact=0.84s ann=0.00s model=0.30s total=1.18s 340.3 rows/s; time_left=148.4min
2026-09-26 23:18:52,634 INFO BATCH us 400 records: exact=0.72s ann=0.00s model=0.30s total=1.04s 382.9 rows/s; time_left=148.4min
2026-09-26 23:18:53,813 INFO BATCH us 400 records: exact=0.83s ann=0.00s model=0.32s total=1.17s 341.1 rows/s; time_left=148.4min
2026-09-26 23:18:55,119 INFO BATCH us 400 records: exact=0.94s ann=0.00s model=0.32s total=1.30s 307.7 rows/s; time_left=148.3min
2026-09-26 23:18:56,229 INFO BATCH us 400 records: exact=0.76s ann=0.00s model=0.32s total=1.10s 362.6 rows/s; time_left=148.3min
2026-09-26 23:18:57,319 INFO BATCH us 400 records: exact=0.74s ann=0.00s model=0.31s total=1.08s 368.9 rows/s; time_left=148.3min
2026-09-26 23:18:58,615 INFO BATCH us 400 records: exact=0.94s ann=0.00s model=0.32s total=1.29s 310.3 rows/s; time_left=148.3min
2026-09-26 23:18:59,708 INFO BATCH us 400 records: exact=0.73s ann=0.00s model=0.33s total=1.09s 368.4 rows/s; time_left=148.3min
2026-09-26 23:19:00,979 INFO BATCH us 400 records: exact=0.90s ann=0.00s model=0.33s total=1.26s 316.7 rows/s; time_left=148.2min
2026-09-26 23:19:00,985 INFO PROGRESS 1430386/1732544 enhanced_rows=1123542 fallback_rows=0
2026-09-26 23:19:02,001 INFO BATCH us 400 records: exact=0.65s ann=0.00s model=0.33s total=1.01s 394.3 rows/s; time_left=148.2min
2026-09-26 23:19:03,034 INFO BATCH us 400 records: exact=0.71s ann=0.00s model=0.29s total=1.03s 389.4 rows/s; time_left=148.2min
2026-09-26 23:19:03,981 INFO BATCH us 400 records: exact=0.59s ann=0.00s model=0.32s total=0.94s 425.4 rows/s; time_left=148.2min
2026-09-26 23:19:04,894 INFO BATCH us 400 records: exact=0.55s ann=0.00s model=0.32s total=0.91s 441.2 rows/s; time_left=148.2min
2026-09-26 23:19:05,957 INFO BATCH us 400 records: exact=0.70s ann=0.00s model=0.33s total=1.06s 378.8 rows/s; time_left=148.2min
2026-09-26 23:19:06,943 INFO BATCH us 400 records: exact=0.65s ann=0.00s model=0.31s total=0.98s 408.6 rows/s; time_left=148.1min
2026-09-26 23:19:08,009 INFO BATCH us 400 records: exact=0.74s ann=0.00s model=0.30s total=1.06s 377.6 rows/s; time_left=148.1min
2026-09-26 23:19:09,055 INFO BATCH us 400 records: exact=0.72s ann=0.00s model=0.30s total=1.04s 384.9 rows/s; time_left=148.1min
2026-09-26 23:19:10,009 INFO BATCH us 400 records: exact=0.63s ann=0.00s model=0.28s total=0.95s 422.1 rows/s; time_left=148.1min
2026-09-26 23:19:11,117 INFO BATCH us 400 records: exact=0.78s ann=0.00s model=0.30s total=1.10s 362.9 rows/s; time_left=148.1min
2026-09-26 23:19:12,254 INFO BATCH us 400 records: exact=0.79s ann=0.00s model=0.32s total=1.13s 353.6 rows/s; time_left=148.1min
2026-09-26 23:19:13,426 INFO BATCH us 400 records: exact=0.82s ann=0.00s model=0.32s total=1.17s 343.1 rows/s; time_left=148.0min
2026-09-26 23:19:13,432 INFO PROGRESS 1435186/1732544 enhanced_rows=1127424 fallback_rows=0
2026-09-26 23:19:14,489 INFO BATCH us 400 records: exact=0.72s ann=0.00s model=0.31s total=1.06s 378.8 rows/s; time_left=148.0min
2026-09-26 23:19:15,807 INFO BATCH us 400 records: exact=0.94s ann=0.00s model=0.35s total=1.31s 304.8 rows/s; time_left=148.0min
2026-09-26 23:19:16,905 INFO BATCH us 400 records: exact=0.75s ann=0.00s model=0.31s total=1.09s 366.9 rows/s; time_left=148.0min
2026-09-26 23:19:17,944 INFO BATCH us 400 records: exact=0.71s ann=0.00s model=0.30s total=1.03s 387.5 rows/s; time_left=148.0min
2026-09-26 23:19:18,972 INFO BATCH us 400 records: exact=0.67s ann=0.00s model=0.32s total=1.02s 391.9 rows/s; time_left=147.9min
2026-09-26 23:19:19,717 INFO BATCH us 400 records: exact=0.42s ann=0.00s model=0.28s total=0.74s 541.7 rows/s; time_left=147.9min
2026-09-26 23:19:20,854 INFO BATCH us 400 records: exact=0.79s ann=0.00s model=0.31s total=1.13s 353.6 rows/s; time_left=147.9min
2026-09-26 23:19:21,838 INFO BATCH us 400 records: exact=0.65s ann=0.00s model=0.31s total=0.98s 409.1 rows/s; time_left=147.9min
2026-09-26 23:19:22,677 INFO BATCH us 400 records: exact=0.51s ann=0.00s model=0.29s total=0.83s 480.1 rows/s; time_left=147.9min
2026-09-26 23:19:23,546 INFO BATCH us 400 records: exact=0.51s ann=0.00s model=0.32s total=0.86s 463.9 rows/s; time_left=147.9min
2026-09-26 23:19:24,532 INFO BATCH us 400 records: exact=0.65s ann=0.00s model=0.31s total=0.98s 408.3 rows/s; time_left=147.8min
2026-09-26 23:19:25,394 INFO BATCH us 400 records: exact=0.53s ann=0.00s model=0.30s total=0.86s 467.8 rows/s; time_left=147.8min
2026-09-26 23:19:26,381 INFO BATCH us 400 records: exact=0.65s ann=0.00s model=0.30s total=0.98s 407.5 rows/s; time_left=147.8min
2026-09-26 23:19:26,386 INFO PROGRESS 1440386/1732544 enhanced_rows=1131613 fallback_rows=0
2026-09-26 23:19:27,559 INFO BATCH us 400 records: exact=0.80s ann=0.00s model=0.35s total=1.17s 341.2 rows/s; time_left=147.8min
2026-09-26 23:19:28,635 INFO BATCH us 400 records: exact=0.71s ann=0.00s model=0.32s total=1.07s 374.2 rows/s; time_left=147.8min
2026-09-26 23:19:29,802 INFO BATCH us 400 records: exact=0.80s ann=0.00s model=0.34s total=1.16s 344.7 rows/s; time_left=147.8min
2026-09-26 23:19:31,008 INFO BATCH us 400 records: exact=0.83s ann=0.00s model=0.34s total=1.20s 333.6 rows/s; time_left=147.7min
2026-09-26 23:19:32,190 INFO BATCH us 400 records: exact=0.82s ann=0.00s model=0.32s total=1.18s 340.3 rows/s; time_left=147.7min
2026-09-26 23:19:33,414 INFO BATCH us 400 records: exact=0.89s ann=0.00s model=0.30s total=1.22s 328.4 rows/s; time_left=147.7min
2026-09-26 23:19:34,476 INFO BATCH us 400 records: exact=0.70s ann=0.00s model=0.34s total=1.06s 378.7 rows/s; time_left=147.7min
2026-09-26 23:19:35,526 INFO BATCH us 400 records: exact=0.69s ann=0.00s model=0.33s total=1.04s 383.3 rows/s; time_left=147.7min
2026-09-26 23:19:36,491 INFO BATCH us 400 records: exact=0.62s ann=0.00s model=0.31s total=0.96s 417.0 rows/s; time_left=147.6min
2026-09-26 23:19:37,490 INFO BATCH us 400 records: exact=0.67s ann=0.00s model=0.29s total=0.99s 402.9 rows/s; time_left=147.6min
2026-09-26 23:19:38,400 INFO BATCH us 400 records: exact=0.59s ann=0.00s model=0.29s total=0.90s 442.6 rows/s; time_left=147.6min
2026-09-26 23:19:39,265 INFO BATCH us 400 records: exact=0.55s ann=0.00s model=0.29s total=0.86s 465.3 rows/s; time_left=147.6min
2026-09-26 23:19:39,271 INFO PROGRESS 1445186/1732544 enhanced_rows=1135535 fallback_rows=0
2026-09-26 23:19:40,244 INFO BATCH us 400 records: exact=0.64s ann=0.00s model=0.31s total=0.97s 411.4 rows/s; time_left=147.6min
2026-09-26 23:19:41,340 INFO BATCH us 400 records: exact=0.73s ann=0.00s model=0.32s total=1.09s 366.9 rows/s; time_left=147.6min
2026-09-26 23:19:42,395 INFO BATCH us 400 records: exact=0.70s ann=0.00s model=0.32s total=1.05s 382.3 rows/s; time_left=147.6min
2026-09-26 23:19:43,203 INFO BATCH us 400 records: exact=0.47s ann=0.00s model=0.31s total=0.80s 499.4 rows/s; time_left=147.5min
2026-09-26 23:19:44,183 INFO BATCH us 400 records: exact=0.62s ann=0.00s model=0.32s total=0.97s 410.7 rows/s; time_left=147.5min
2026-09-26 23:19:45,147 INFO BATCH us 400 records: exact=0.61s ann=0.00s model=0.32s total=0.96s 417.4 rows/s; time_left=147.5min
2026-09-26 23:19:46,295 INFO BATCH us 400 records: exact=0.79s ann=0.00s model=0.32s total=1.14s 350.9 rows/s; time_left=147.5min
2026-09-26 23:19:47,460 INFO BATCH us 400 records: exact=0.80s ann=0.00s model=0.33s total=1.16s 345.0 rows/s; time_left=147.5min
2026-09-26 23:19:48,434 INFO BATCH us 400 records: exact=0.63s ann=0.00s model=0.31s total=0.97s 413.2 rows/s; time_left=147.4min
2026-09-26 23:19:49,351 INFO BATCH us 400 records: exact=0.57s ann=0.00s model=0.30s total=0.91s 439.5 rows/s; time_left=147.4min
2026-09-26 23:19:50,447 INFO BATCH us 400 records: exact=0.75s ann=0.00s model=0.31s total=1.09s 367.4 rows/s; time_left=147.4min
2026-09-26 23:19:51,452 INFO BATCH us 400 records: exact=0.66s ann=0.00s model=0.32s total=1.00s 400.5 rows/s; time_left=147.4min
2026-09-26 23:19:52,351 INFO BATCH us 400 records: exact=0.56s ann=0.00s model=0.31s total=0.89s 448.2 rows/s; time_left=147.4min
2026-09-26 23:19:52,358 INFO PROGRESS 1450386/1732544 enhanced_rows=1139789 fallback_rows=0
2026-09-26 23:19:53,325 INFO BATCH us 400 records: exact=0.63s ann=0.00s model=0.31s total=0.97s 413.8 rows/s; time_left=147.4min
2026-09-26 23:19:54,238 INFO BATCH us 400 records: exact=0.58s ann=0.00s model=0.30s total=0.91s 441.2 rows/s; time_left=147.4min
2026-09-26 23:19:55,260 INFO BATCH us 400 records: exact=0.65s ann=0.00s model=0.34s total=1.01s 394.2 rows/s; time_left=147.3min
2026-09-26 23:19:56,253 INFO BATCH us 400 records: exact=0.63s ann=0.00s model=0.33s total=0.99s 404.9 rows/s; time_left=147.3min
2026-09-26 23:19:57,082 INFO BATCH us 400 records: exact=0.50s ann=0.00s model=0.30s total=0.82s 486.5 rows/s; time_left=147.3min
2026-09-26 23:19:57,950 INFO BATCH us 400 records: exact=0.52s ann=0.00s model=0.31s total=0.86s 464.3 rows/s; time_left=147.3min
2026-09-26 23:19:58,896 INFO BATCH us 400 records: exact=0.58s ann=0.00s model=0.33s total=0.94s 426.1 rows/s; time_left=147.3min
2026-09-26 23:19:59,749 INFO BATCH us 400 records: exact=0.53s ann=0.00s model=0.30s total=0.85s 472.1 rows/s; time_left=147.3min
2026-09-26 23:20:00,772 INFO BATCH us 400 records: exact=0.67s ann=0.00s model=0.33s total=1.02s 393.4 rows/s; time_left=147.2min
2026-09-26 23:20:01,599 INFO BATCH us 400 records: exact=0.51s ann=0.00s model=0.29s total=0.82s 487.5 rows/s; time_left=147.2min
2026-09-26 23:20:02,551 INFO BATCH us 400 records: exact=0.64s ann=0.00s model=0.28s total=0.94s 423.4 rows/s; time_left=147.2min
2026-09-26 23:20:03,502 INFO BATCH us 400 records: exact=0.62s ann=0.00s model=0.31s total=0.94s 423.5 rows/s; time_left=147.2min
2026-09-26 23:20:03,507 INFO PROGRESS 1455186/1732544 enhanced_rows=1143722 fallback_rows=0
2026-09-26 23:20:04,703 INFO BATCH us 400 records: exact=0.84s ann=0.00s model=0.33s total=1.20s 334.7 rows/s; time_left=147.2min
2026-09-26 23:20:05,820 INFO BATCH us 400 records: exact=0.79s ann=0.00s model=0.29s total=1.11s 359.9 rows/s; time_left=147.2min
2026-09-26 23:20:06,909 INFO BATCH us 400 records: exact=0.74s ann=0.00s model=0.31s total=1.08s 370.2 rows/s; time_left=147.1min
2026-09-26 23:20:08,289 INFO BATCH us 400 records: exact=1.03s ann=0.00s model=0.32s total=1.37s 291.3 rows/s; time_left=147.1min
2026-09-26 23:20:09,577 INFO BATCH us 400 records: exact=0.91s ann=0.00s model=0.34s total=1.28s 312.5 rows/s; time_left=147.1min
2026-09-26 23:20:10,589 INFO BATCH us 400 records: exact=0.67s ann=0.00s model=0.31s total=1.01s 397.6 rows/s; time_left=147.1min
2026-09-26 23:20:11,643 INFO BATCH us 400 records: exact=0.71s ann=0.00s model=0.31s total=1.05s 382.2 rows/s; time_left=147.1min
2026-09-26 23:20:12,975 INFO BATCH us 400 records: exact=0.96s ann=0.00s model=0.33s total=1.32s 302.2 rows/s; time_left=147.0min
2026-09-26 23:20:13,813 INFO BATCH us 400 records: exact=0.50s ann=0.00s model=0.30s total=0.83s 482.7 rows/s; time_left=147.0min
2026-09-26 23:20:14,789 INFO BATCH us 400 records: exact=0.61s ann=0.00s model=0.33s total=0.97s 413.2 rows/s; time_left=147.0min
2026-09-26 23:20:15,600 INFO BATCH us 400 records: exact=0.49s ann=0.00s model=0.29s total=0.80s 498.5 rows/s; time_left=147.0min
2026-09-26 23:20:16,524 INFO BATCH us 400 records: exact=0.57s ann=0.00s model=0.32s total=0.91s 437.4 rows/s; time_left=147.0min
2026-09-26 23:20:17,384 INFO BATCH us 400 records: exact=0.54s ann=0.00s model=0.29s total=0.85s 469.0 rows/s; time_left=147.0min
2026-09-26 23:20:17,392 INFO PROGRESS 1460386/1732544 enhanced_rows=1147987 fallback_rows=0
2026-09-26 23:20:18,299 INFO BATCH us 400 records: exact=0.57s ann=0.00s model=0.31s total=0.91s 441.5 rows/s; time_left=147.0min
2026-09-26 23:20:19,292 INFO BATCH us 400 records: exact=0.64s ann=0.00s model=0.32s total=0.99s 405.7 rows/s; time_left=146.9min
2026-09-26 23:20:20,202 INFO BATCH us 400 records: exact=0.60s ann=0.00s model=0.29s total=0.90s 442.7 rows/s; time_left=146.9min
2026-09-26 23:20:21,138 INFO BATCH us 400 records: exact=0.60s ann=0.00s model=0.30s total=0.93s 430.8 rows/s; time_left=146.9min
2026-09-26 23:20:22,307 INFO BATCH us 400 records: exact=0.80s ann=0.00s model=0.32s total=1.16s 344.4 rows/s; time_left=146.9min
2026-09-26 23:20:23,451 INFO BATCH us 400 records: exact=0.78s ann=0.00s model=0.33s total=1.14s 351.8 rows/s; time_left=146.9min
2026-09-26 23:20:24,388 INFO BATCH us 400 records: exact=0.60s ann=0.00s model=0.30s total=0.93s 430.5 rows/s; time_left=146.9min
2026-09-26 23:20:25,655 INFO BATCH us 400 records: exact=0.90s ann=0.00s model=0.32s total=1.26s 317.8 rows/s; time_left=146.8min
2026-09-26 23:20:26,753 INFO BATCH us 400 records: exact=0.74s ann=0.00s model=0.33s total=1.09s 366.6 rows/s; time_left=146.8min
2026-09-26 23:20:28,060 INFO BATCH us 400 records: exact=0.96s ann=0.00s model=0.32s total=1.30s 307.5 rows/s; time_left=146.8min
2026-09-26 23:20:29,066 INFO BATCH us 400 records: exact=0.67s ann=0.00s model=0.31s total=1.00s 400.5 rows/s; time_left=146.8min
2026-09-26 23:20:30,304 INFO BATCH us 400 records: exact=0.88s ann=0.00s model=0.32s total=1.23s 325.0 rows/s; time_left=146.8min
2026-09-26 23:20:30,310 INFO PROGRESS 1465186/1732544 enhanced_rows=1151898 fallback_rows=0
2026-09-26 23:20:31,278 INFO BATCH us 400 records: exact=0.64s ann=0.00s model=0.31s total=0.97s 413.9 rows/s; time_left=146.7min
2026-09-26 23:20:32,468 INFO BATCH us 400 records: exact=0.84s ann=0.00s model=0.32s total=1.18s 338.2 rows/s; time_left=146.7min
2026-09-26 23:20:33,420 INFO BATCH us 400 records: exact=0.63s ann=0.00s model=0.30s total=0.94s 423.4 rows/s; time_left=146.7min
2026-09-26 23:20:34,508 INFO BATCH us 400 records: exact=0.73s ann=0.00s model=0.32s total=1.08s 370.2 rows/s; time_left=146.7min
2026-09-26 23:20:35,508 INFO BATCH us 400 records: exact=0.66s ann=0.00s model=0.30s total=0.99s 403.0 rows/s; time_left=146.7min
2026-09-26 23:20:36,418 INFO BATCH us 400 records: exact=0.58s ann=0.00s model=0.30s total=0.90s 442.8 rows/s; time_left=146.6min
2026-09-26 23:20:37,310 INFO BATCH us 400 records: exact=0.56s ann=0.00s model=0.30s total=0.89s 451.9 rows/s; time_left=146.6min
2026-09-26 23:20:38,241 INFO BATCH us 400 records: exact=0.58s ann=0.00s model=0.32s total=0.92s 433.3 rows/s; time_left=146.6min
2026-09-26 23:20:39,245 INFO BATCH us 400 records: exact=0.67s ann=0.00s model=0.31s total=1.00s 401.4 rows/s; time_left=146.6min
2026-09-26 23:20:40,234 INFO BATCH us 400 records: exact=0.64s ann=0.00s model=0.32s total=0.98s 407.3 rows/s; time_left=146.6min
2026-09-26 23:20:41,064 INFO BATCH us 400 records: exact=0.51s ann=0.00s model=0.29s total=0.82s 485.8 rows/s; time_left=146.6min
2026-09-26 23:20:42,076 INFO BATCH us 400 records: exact=0.68s ann=0.00s model=0.31s total=1.01s 397.9 rows/s; time_left=146.6min
2026-09-26 23:20:43,149 INFO BATCH us 400 records: exact=0.73s ann=0.00s model=0.31s total=1.06s 375.9 rows/s; time_left=146.5min
2026-09-26 23:20:43,154 INFO PROGRESS 1470386/1732544 enhanced_rows=1156111 fallback_rows=0
2026-09-26 23:20:44,140 INFO BATCH us 400 records: exact=0.64s ann=0.00s model=0.32s total=0.98s 406.2 rows/s; time_left=146.5min
2026-09-26 23:20:45,347 INFO BATCH us 400 records: exact=0.85s ann=0.00s model=0.33s total=1.20s 333.2 rows/s; time_left=146.5min
2026-09-26 23:20:46,377 INFO BATCH us 400 records: exact=0.69s ann=0.00s model=0.31s total=1.02s 391.0 rows/s; time_left=146.5min
2026-09-26 23:20:47,263 INFO BATCH us 400 records: exact=0.56s ann=0.00s model=0.30s total=0.88s 455.6 rows/s; time_left=146.5min
2026-09-26 23:20:48,353 INFO BATCH us 400 records: exact=0.72s ann=0.00s model=0.34s total=1.08s 369.6 rows/s; time_left=146.5min
2026-09-26 23:20:49,552 INFO BATCH us 400 records: exact=0.82s ann=0.00s model=0.35s total=1.19s 335.9 rows/s; time_left=146.4min
2026-09-26 23:20:50,367 INFO BATCH us 306 records: exact=0.56s ann=0.00s model=0.23s total=0.81s 378.6 rows/s; time_left=146.4min
2026-09-26 23:20:50,638 INFO Completed country us
2026-09-26 23:20:52,309 INFO BATCH france 400 records: exact=0.80s ann=0.00s model=0.33s total=1.14s 349.7 rows/s; time_left=146.4min
2026-09-26 23:20:53,263 INFO BATCH france 400 records: exact=0.59s ann=0.00s model=0.34s total=0.95s 422.9 rows/s; time_left=146.4min
2026-09-26 23:20:54,535 INFO BATCH france 400 records: exact=0.89s ann=0.00s model=0.36s total=1.26s 316.2 rows/s; time_left=146.3min
2026-09-26 23:20:55,564 INFO BATCH france 400 records: exact=0.68s ann=0.00s model=0.33s total=1.02s 391.3 rows/s; time_left=146.3min
2026-09-26 23:20:56,617 INFO BATCH france 400 records: exact=0.69s ann=0.00s model=0.34s total=1.04s 382.9 rows/s; time_left=146.3min
2026-09-26 23:20:56,622 INFO PROGRESS 1475092/1732544 enhanced_rows=1160074 fallback_rows=0
2026-09-26 23:20:57,552 INFO BATCH france 400 records: exact=0.56s ann=0.00s model=0.35s total=0.93s 430.8 rows/s; time_left=146.3min
2026-09-26 23:20:58,546 INFO BATCH france 400 records: exact=0.62s ann=0.00s model=0.35s total=0.99s 405.6 rows/s; time_left=146.3min
2026-09-26 23:20:59,399 INFO BATCH france 400 records: exact=0.50s ann=0.00s model=0.33s total=0.85s 472.3 rows/s; time_left=146.3min
2026-09-26 23:21:00,364 INFO BATCH france 400 records: exact=0.61s ann=0.00s model=0.33s total=0.96s 417.5 rows/s; time_left=146.3min
2026-09-26 23:21:01,253 INFO BATCH france 400 records: exact=0.53s ann=0.00s model=0.34s total=0.88s 453.8 rows/s; time_left=146.2min
2026-09-26 23:21:02,171 INFO BATCH france 400 records: exact=0.56s ann=0.00s model=0.34s total=0.91s 438.7 rows/s; time_left=146.2min
2026-09-26 23:21:03,053 INFO BATCH france 400 records: exact=0.54s ann=0.00s model=0.32s total=0.88s 456.7 rows/s; time_left=146.2min
2026-09-26 23:21:03,985 INFO BATCH france 400 records: exact=0.58s ann=0.00s model=0.34s total=0.92s 432.6 rows/s; time_left=146.2min
2026-09-26 23:21:04,781 INFO BATCH france 400 records: exact=0.44s ann=0.00s model=0.33s total=0.79s 506.5 rows/s; time_left=146.2min
2026-09-26 23:21:05,614 INFO BATCH france 400 records: exact=0.45s ann=0.00s model=0.36s total=0.82s 485.1 rows/s; time_left=146.2min
2026-09-26 23:21:06,481 INFO BATCH france 400 records: exact=0.49s ann=0.00s model=0.35s total=0.86s 465.1 rows/s; time_left=146.1min
2026-09-26 23:21:07,505 INFO BATCH france 400 records: exact=0.60s ann=0.00s model=0.40s total=1.02s 393.1 rows/s; time_left=146.1min
2026-09-26 23:21:08,498 INFO BATCH france 400 records: exact=0.58s ann=0.00s model=0.38s total=0.99s 406.0 rows/s; time_left=146.1min
2026-09-26 23:21:08,504 INFO PROGRESS 1480292/1732544 enhanced_rows=1164473 fallback_rows=0
2026-09-26 23:21:09,296 INFO BATCH france 400 records: exact=0.44s ann=0.00s model=0.33s total=0.79s 505.4 rows/s; time_left=146.1min
2026-09-26 23:21:10,339 INFO BATCH france 400 records: exact=0.64s ann=0.00s model=0.38s total=1.03s 386.6 rows/s; time_left=146.1min
2026-09-26 23:21:11,600 INFO BATCH france 400 records: exact=0.86s ann=0.00s model=0.37s total=1.25s 319.1 rows/s; time_left=146.1min
2026-09-26 23:21:12,571 INFO BATCH france 400 records: exact=0.63s ann=0.00s model=0.33s total=0.96s 415.0 rows/s; time_left=146.0min
2026-09-26 23:21:13,555 INFO BATCH france 400 records: exact=0.61s ann=0.00s model=0.35s total=0.98s 409.6 rows/s; time_left=146.0min
2026-09-26 23:21:14,533 INFO BATCH france 400 records: exact=0.62s ann=0.00s model=0.33s total=0.97s 412.0 rows/s; time_left=146.0min
2026-09-26 23:21:15,401 INFO BATCH france 400 records: exact=0.50s ann=0.00s model=0.34s total=0.86s 463.8 rows/s; time_left=146.0min
2026-09-26 23:21:16,262 INFO BATCH france 400 records: exact=0.52s ann=0.00s model=0.32s total=0.85s 468.6 rows/s; time_left=146.0min
2026-09-26 23:21:17,101 INFO BATCH france 400 records: exact=0.45s ann=0.00s model=0.36s total=0.83s 480.3 rows/s; time_left=146.0min
2026-09-26 23:21:18,267 INFO BATCH france 400 records: exact=0.76s ann=0.00s model=0.38s total=1.16s 345.2 rows/s; time_left=146.0min
2026-09-26 23:21:19,155 INFO BATCH france 400 records: exact=0.52s ann=0.00s model=0.34s total=0.88s 454.3 rows/s; time_left=145.9min
2026-09-26 23:21:20,139 INFO BATCH france 400 records: exact=0.59s ann=0.00s model=0.37s total=0.98s 409.2 rows/s; time_left=145.9min
2026-09-26 23:21:20,144 INFO PROGRESS 1485092/1732544 enhanced_rows=1168557 fallback_rows=0
2026-09-26 23:21:21,161 INFO BATCH france 400 records: exact=0.67s ann=0.00s model=0.33s total=1.02s 393.7 rows/s; time_left=145.9min
2026-09-26 23:21:22,086 INFO BATCH france 400 records: exact=0.58s ann=0.00s model=0.33s total=0.92s 435.2 rows/s; time_left=145.9min
2026-09-26 23:21:23,059 INFO BATCH france 400 records: exact=0.59s ann=0.00s model=0.35s total=0.97s 414.1 rows/s; time_left=145.9min
2026-09-26 23:21:23,923 INFO BATCH france 400 records: exact=0.50s ann=0.00s model=0.34s total=0.86s 466.2 rows/s; time_left=145.9min
2026-09-26 23:21:24,821 INFO BATCH france 400 records: exact=0.52s ann=0.00s model=0.35s total=0.89s 448.7 rows/s; time_left=145.8min
2026-09-26 23:21:25,682 INFO BATCH france 400 records: exact=0.49s ann=0.00s model=0.35s total=0.85s 468.6 rows/s; time_left=145.8min
2026-09-26 23:21:26,512 INFO BATCH france 400 records: exact=0.46s ann=0.00s model=0.34s total=0.82s 485.9 rows/s; time_left=145.8min
2026-09-26 23:21:27,314 INFO BATCH france 400 records: exact=0.43s ann=0.00s model=0.34s total=0.80s 502.9 rows/s; time_left=145.8min
2026-09-26 23:21:28,145 INFO BATCH france 400 records: exact=0.46s ann=0.00s model=0.35s total=0.82s 485.1 rows/s; time_left=145.8min
2026-09-26 23:21:28,981 INFO BATCH france 400 records: exact=0.45s ann=0.00s model=0.36s total=0.83s 482.5 rows/s; time_left=145.8min
2026-09-26 23:21:29,839 INFO BATCH france 400 records: exact=0.48s ann=0.00s model=0.36s total=0.85s 469.8 rows/s; time_left=145.8min
2026-09-26 23:21:30,617 INFO BATCH france 400 records: exact=0.43s ann=0.00s model=0.33s total=0.77s 518.6 rows/s; time_left=145.7min
2026-09-26 23:21:31,360 INFO BATCH france 400 records: exact=0.38s ann=0.00s model=0.34s total=0.74s 543.1 rows/s; time_left=145.7min
2026-09-26 23:21:31,365 INFO PROGRESS 1490292/1732544 enhanced_rows=1172946 fallback_rows=0
2026-09-26 23:21:32,121 INFO BATCH france 400 records: exact=0.40s ann=0.00s model=0.34s total=0.75s 530.2 rows/s; time_left=145.7min
2026-09-26 23:21:32,900 INFO BATCH france 400 records: exact=0.44s ann=0.00s model=0.32s total=0.77s 517.2 rows/s; time_left=145.7min
2026-09-26 23:21:33,592 INFO BATCH france 400 records: exact=0.34s ann=0.00s model=0.33s total=0.68s 584.8 rows/s; time_left=145.7min
2026-09-26 23:21:34,310 INFO BATCH france 400 records: exact=0.34s ann=0.00s model=0.36s total=0.71s 561.7 rows/s; time_left=145.7min
2026-09-26 23:21:34,994 INFO BATCH france 400 records: exact=0.32s ann=0.00s model=0.33s total=0.68s 591.0 rows/s; time_left=145.7min
2026-09-26 23:21:35,765 INFO BATCH france 400 records: exact=0.40s ann=0.00s model=0.35s total=0.76s 523.9 rows/s; time_left=145.7min
2026-09-26 23:21:36,458 INFO BATCH france 400 records: exact=0.32s ann=0.00s model=0.35s total=0.69s 582.7 rows/s; time_left=145.6min
2026-09-26 23:21:37,193 INFO BATCH france 400 records: exact=0.36s ann=0.00s model=0.36s total=0.73s 549.4 rows/s; time_left=145.6min
2026-09-26 23:21:37,860 INFO BATCH france 400 records: exact=0.29s ann=0.00s model=0.35s total=0.66s 605.0 rows/s; time_left=145.6min
2026-09-26 23:21:38,518 INFO BATCH france 400 records: exact=0.32s ann=0.00s model=0.32s total=0.65s 614.2 rows/s; time_left=145.6min
2026-09-26 23:21:39,178 INFO BATCH france 400 records: exact=0.31s ann=0.00s model=0.33s total=0.65s 612.4 rows/s; time_left=145.6min
2026-09-26 23:21:39,859 INFO BATCH france 400 records: exact=0.33s ann=0.00s model=0.33s total=0.68s 592.2 rows/s; time_left=145.6min
2026-09-26 23:21:39,864 INFO PROGRESS 1495092/1732544 enhanced_rows=1176995 fallback_rows=0
2026-09-26 23:21:40,593 INFO BATCH france 400 records: exact=0.36s ann=0.00s model=0.35s total=0.73s 549.8 rows/s; time_left=145.6min
2026-09-26 23:21:41,281 INFO BATCH france 400 records: exact=0.32s ann=0.00s model=0.34s total=0.68s 586.9 rows/s; time_left=145.6min
2026-09-26 23:21:41,961 INFO BATCH france 400 records: exact=0.30s ann=0.00s model=0.36s total=0.67s 594.2 rows/s; time_left=145.6min
2026-09-26 23:21:42,614 INFO BATCH france 400 records: exact=0.30s ann=0.00s model=0.33s total=0.65s 618.0 rows/s; time_left=145.5min
2026-09-26 23:21:43,256 INFO BATCH france 400 records: exact=0.30s ann=0.00s model=0.32s total=0.64s 629.2 rows/s; time_left=145.5min
2026-09-26 23:21:43,878 INFO BATCH france 400 records: exact=0.27s ann=0.00s model=0.33s total=0.62s 650.0 rows/s; time_left=145.5min
2026-09-26 23:21:44,535 INFO BATCH france 400 records: exact=0.30s ann=0.00s model=0.33s total=0.65s 615.7 rows/s; time_left=145.5min
2026-09-26 23:21:45,166 INFO BATCH france 400 records: exact=0.28s ann=0.00s model=0.33s total=0.62s 640.3 rows/s; time_left=145.5min
2026-09-26 23:21:45,872 INFO BATCH france 400 records: exact=0.34s ann=0.00s model=0.34s total=0.70s 572.6 rows/s; time_left=145.5min
2026-09-26 23:21:46,678 INFO BATCH france 400 records: exact=0.42s ann=0.00s model=0.36s total=0.80s 499.8 rows/s; time_left=145.5min
2026-09-26 23:21:47,458 INFO BATCH france 400 records: exact=0.41s ann=0.00s model=0.34s total=0.77s 517.8 rows/s; time_left=145.5min
2026-09-26 23:21:48,256 INFO BATCH france 400 records: exact=0.41s ann=0.00s model=0.36s total=0.79s 505.2 rows/s; time_left=145.5min
2026-09-26 23:21:48,980 INFO BATCH france 400 records: exact=0.37s ann=0.00s model=0.33s total=0.72s 557.8 rows/s; time_left=145.4min
2026-09-26 23:21:48,985 INFO PROGRESS 1500292/1732544 enhanced_rows=1181415 fallback_rows=0
2026-09-26 23:21:49,816 INFO BATCH france 400 records: exact=0.45s ann=0.00s model=0.37s total=0.83s 481.7 rows/s; time_left=145.4min
2026-09-26 23:21:50,588 INFO BATCH france 400 records: exact=0.38s ann=0.00s model=0.37s total=0.77s 522.8 rows/s; time_left=145.4min
2026-09-26 23:21:51,314 INFO BATCH france 400 records: exact=0.38s ann=0.00s model=0.33s total=0.72s 555.8 rows/s; time_left=145.4min
2026-09-26 23:21:52,129 INFO BATCH france 400 records: exact=0.42s ann=0.00s model=0.37s total=0.81s 495.1 rows/s; time_left=145.4min
2026-09-26 23:21:52,957 INFO BATCH france 400 records: exact=0.46s ann=0.00s model=0.35s total=0.82s 487.2 rows/s; time_left=145.4min
2026-09-26 23:21:53,680 INFO BATCH france 400 records: exact=0.37s ann=0.00s model=0.33s total=0.72s 558.5 rows/s; time_left=145.4min
2026-09-26 23:21:54,439 INFO BATCH france 400 records: exact=0.38s ann=0.00s model=0.36s total=0.75s 531.8 rows/s; time_left=145.3min
2026-09-26 23:21:55,221 INFO BATCH france 400 records: exact=0.38s ann=0.00s model=0.38s total=0.77s 516.5 rows/s; time_left=145.3min
2026-09-26 23:21:55,997 INFO BATCH france 400 records: exact=0.39s ann=0.00s model=0.36s total=0.77s 519.7 rows/s; time_left=145.3min
2026-09-26 23:21:56,704 INFO BATCH france 400 records: exact=0.33s ann=0.00s model=0.35s total=0.70s 570.4 rows/s; time_left=145.3min
2026-09-26 23:21:57,410 INFO BATCH france 400 records: exact=0.33s ann=0.00s model=0.36s total=0.70s 572.0 rows/s; time_left=145.3min
2026-09-26 23:21:58,079 INFO BATCH france 400 records: exact=0.32s ann=0.00s model=0.33s total=0.66s 603.4 rows/s; time_left=145.3min
2026-09-26 23:21:58,085 INFO PROGRESS 1505092/1732544 enhanced_rows=1185486 fallback_rows=0
2026-09-26 23:21:58,781 INFO BATCH france 400 records: exact=0.33s ann=0.00s model=0.35s total=0.69s 575.5 rows/s; time_left=145.3min
2026-09-26 23:21:59,445 INFO BATCH france 400 records: exact=0.31s ann=0.00s model=0.33s total=0.66s 608.0 rows/s; time_left=145.3min
2026-09-26 23:22:00,141 INFO BATCH france 400 records: exact=0.33s ann=0.00s model=0.35s total=0.69s 579.5 rows/s; time_left=145.3min
2026-09-26 23:22:00,845 INFO BATCH france 400 records: exact=0.33s ann=0.00s model=0.35s total=0.70s 573.8 rows/s; time_left=145.2min
2026-09-26 23:22:01,517 INFO BATCH france 400 records: exact=0.31s ann=0.00s model=0.34s total=0.67s 600.7 rows/s; time_left=145.2min
2026-09-26 23:22:02,190 INFO BATCH france 400 records: exact=0.31s ann=0.00s model=0.35s total=0.67s 599.6 rows/s; time_left=145.2min
2026-09-26 23:22:02,913 INFO BATCH france 400 records: exact=0.33s ann=0.00s model=0.37s total=0.72s 559.0 rows/s; time_left=145.2min
2026-09-26 23:22:03,551 INFO BATCH france 400 records: exact=0.28s ann=0.00s model=0.34s total=0.63s 632.9 rows/s; time_left=145.2min
2026-09-26 23:22:04,191 INFO BATCH france 400 records: exact=0.29s ann=0.00s model=0.33s total=0.63s 631.9 rows/s; time_left=145.2min
2026-09-26 23:22:04,873 INFO BATCH france 400 records: exact=0.31s ann=0.00s model=0.35s total=0.67s 593.2 rows/s; time_left=145.2min
2026-09-26 23:22:05,501 INFO BATCH france 400 records: exact=0.27s ann=0.00s model=0.33s total=0.62s 643.9 rows/s; time_left=145.2min
2026-09-26 23:22:06,193 INFO BATCH france 400 records: exact=0.30s ann=0.00s model=0.36s total=0.68s 584.6 rows/s; time_left=145.2min
2026-09-26 23:22:06,815 INFO BATCH france 400 records: exact=0.27s ann=0.00s model=0.33s total=0.62s 649.6 rows/s; time_left=145.1min
2026-09-26 23:22:06,821 INFO PROGRESS 1510292/1732544 enhanced_rows=1189894 fallback_rows=0
2026-09-26 23:22:07,551 INFO BATCH france 400 records: exact=0.25s ann=0.00s model=0.44s total=0.73s 548.1 rows/s; time_left=145.1min
2026-09-26 23:22:08,297 INFO BATCH france 400 records: exact=0.35s ann=0.00s model=0.36s total=0.74s 543.8 rows/s; time_left=145.1min
2026-09-26 23:22:08,962 INFO BATCH france 400 records: exact=0.26s ann=0.00s model=0.38s total=0.66s 608.3 rows/s; time_left=145.1min
2026-09-26 23:22:09,663 INFO BATCH france 400 records: exact=0.34s ann=0.00s model=0.33s total=0.69s 577.8 rows/s; time_left=145.1min
2026-09-26 23:22:10,401 INFO BATCH france 400 records: exact=0.31s ann=0.00s model=0.40s total=0.73s 546.6 rows/s; time_left=145.1min
2026-09-26 23:22:11,100 INFO BATCH france 400 records: exact=0.30s ann=0.00s model=0.38s total=0.69s 577.7 rows/s; time_left=145.1min
2026-09-26 23:22:11,817 INFO BATCH france 400 records: exact=0.30s ann=0.00s model=0.38s total=0.71s 563.9 rows/s; time_left=145.1min
2026-09-26 23:22:12,598 INFO BATCH france 400 records: exact=0.29s ann=0.00s model=0.45s total=0.77s 518.5 rows/s; time_left=145.0min
2026-09-26 23:22:13,321 INFO BATCH france 400 records: exact=0.33s ann=0.00s model=0.37s total=0.71s 560.7 rows/s; time_left=145.0min
2026-09-26 23:22:13,991 INFO BATCH france 400 records: exact=0.28s ann=0.00s model=0.37s total=0.66s 602.6 rows/s; time_left=145.0min
2026-09-26 23:22:14,581 INFO BATCH france 400 records: exact=0.25s ann=0.00s model=0.32s total=0.58s 686.5 rows/s; time_left=145.0min
2026-09-26 23:22:15,239 INFO BATCH france 400 records: exact=0.28s ann=0.00s model=0.36s total=0.65s 613.9 rows/s; time_left=145.0min
2026-09-26 23:22:15,245 INFO PROGRESS 1515092/1732544 enhanced_rows=1193969 fallback_rows=0
2026-09-26 23:22:15,908 INFO BATCH france 400 records: exact=0.29s ann=0.00s model=0.36s total=0.66s 604.0 rows/s; time_left=145.0min
2026-09-26 23:22:16,526 INFO BATCH france 400 records: exact=0.25s ann=0.00s model=0.35s total=0.61s 653.6 rows/s; time_left=145.0min
2026-09-26 23:22:17,187 INFO BATCH france 400 records: exact=0.27s ann=0.00s model=0.37s total=0.65s 611.2 rows/s; time_left=145.0min
2026-09-26 23:22:17,831 INFO BATCH france 400 records: exact=0.26s ann=0.00s model=0.36s total=0.64s 628.4 rows/s; time_left=145.0min
2026-09-26 23:22:18,487 INFO BATCH france 400 records: exact=0.25s ann=0.00s model=0.38s total=0.65s 616.2 rows/s; time_left=144.9min
2026-09-26 23:22:19,139 INFO BATCH france 400 records: exact=0.28s ann=0.00s model=0.35s total=0.65s 620.1 rows/s; time_left=144.9min
2026-09-26 23:22:19,772 INFO BATCH france 400 records: exact=0.26s ann=0.00s model=0.35s total=0.63s 638.5 rows/s; time_left=144.9min
2026-09-26 23:22:20,424 INFO BATCH france 400 records: exact=0.28s ann=0.00s model=0.35s total=0.65s 619.4 rows/s; time_left=144.9min
2026-09-26 23:22:21,045 INFO BATCH france 400 records: exact=0.26s ann=0.00s model=0.34s total=0.61s 651.8 rows/s; time_left=144.9min
2026-09-26 23:22:21,673 INFO BATCH france 400 records: exact=0.24s ann=0.00s model=0.37s total=0.62s 643.5 rows/s; time_left=144.9min
2026-09-26 23:22:22,308 INFO BATCH france 400 records: exact=0.27s ann=0.00s model=0.34s total=0.63s 636.8 rows/s; time_left=144.9min
2026-09-26 23:22:22,896 INFO BATCH france 400 records: exact=0.22s ann=0.00s model=0.35s total=0.58s 686.9 rows/s; time_left=144.9min
2026-09-26 23:22:23,509 INFO BATCH france 400 records: exact=0.25s ann=0.00s model=0.34s total=0.61s 659.5 rows/s; time_left=144.9min
2026-09-26 23:22:23,514 INFO PROGRESS 1520292/1732544 enhanced_rows=1198394 fallback_rows=0
2026-09-26 23:22:24,143 INFO BATCH france 400 records: exact=0.25s ann=0.00s model=0.36s total=0.63s 637.6 rows/s; time_left=144.9min
2026-09-26 23:22:24,745 INFO BATCH france 400 records: exact=0.23s ann=0.00s model=0.35s total=0.60s 670.6 rows/s; time_left=144.8min
2026-09-26 23:22:25,340 INFO BATCH france 400 records: exact=0.23s ann=0.00s model=0.34s total=0.59s 680.1 rows/s; time_left=144.8min
2026-09-26 23:22:25,913 INFO BATCH france 400 records: exact=0.22s ann=0.00s model=0.33s total=0.57s 705.7 rows/s; time_left=144.8min
2026-09-26 23:22:26,489 INFO BATCH france 400 records: exact=0.22s ann=0.00s model=0.33s total=0.57s 701.8 rows/s; time_left=144.8min
2026-09-26 23:22:27,128 INFO BATCH france 400 records: exact=0.25s ann=0.00s model=0.36s total=0.63s 631.9 rows/s; time_left=144.8min
2026-09-26 23:22:27,737 INFO BATCH france 400 records: exact=0.24s ann=0.00s model=0.35s total=0.60s 663.9 rows/s; time_left=144.8min
2026-09-26 23:22:28,321 INFO BATCH france 400 records: exact=0.22s ann=0.00s model=0.34s total=0.58s 693.6 rows/s; time_left=144.8min
2026-09-26 23:22:28,899 INFO BATCH france 400 records: exact=0.22s ann=0.00s model=0.34s total=0.57s 700.2 rows/s; time_left=144.8min
2026-09-26 23:22:29,458 INFO BATCH france 400 records: exact=0.21s ann=0.00s model=0.33s total=0.55s 724.3 rows/s; time_left=144.8min
2026-09-26 23:22:30,041 INFO BATCH france 400 records: exact=0.22s ann=0.00s model=0.34s total=0.58s 694.5 rows/s; time_left=144.8min
2026-09-26 23:22:30,614 INFO BATCH france 400 records: exact=0.22s ann=0.00s model=0.33s total=0.57s 705.2 rows/s; time_left=144.7min
2026-09-26 23:22:30,620 INFO PROGRESS 1525092/1732544 enhanced_rows=1202455 fallback_rows=0
2026-09-26 23:22:31,180 INFO BATCH france 400 records: exact=0.20s ann=0.00s model=0.35s total=0.56s 714.8 rows/s; time_left=144.7min
2026-09-26 23:22:31,781 INFO BATCH france 400 records: exact=0.22s ann=0.00s model=0.36s total=0.59s 672.7 rows/s; time_left=144.7min
2026-09-26 23:22:32,365 INFO BATCH france 400 records: exact=0.21s ann=0.00s model=0.34s total=0.58s 695.3 rows/s; time_left=144.7min
2026-09-26 23:22:32,927 INFO BATCH france 400 records: exact=0.22s ann=0.00s model=0.32s total=0.56s 720.0 rows/s; time_left=144.7min
2026-09-26 23:22:33,532 INFO BATCH france 400 records: exact=0.23s ann=0.00s model=0.36s total=0.60s 669.6 rows/s; time_left=144.7min
2026-09-26 23:22:34,067 INFO BATCH france 400 records: exact=0.19s ann=0.00s model=0.32s total=0.53s 756.8 rows/s; time_left=144.7min
2026-09-26 23:22:34,667 INFO BATCH france 400 records: exact=0.22s ann=0.00s model=0.36s total=0.59s 672.8 rows/s; time_left=144.7min
2026-09-26 23:22:35,264 INFO BATCH france 400 records: exact=0.23s ann=0.00s model=0.35s total=0.59s 677.5 rows/s; time_left=144.7min
2026-09-26 23:22:35,817 INFO BATCH france 400 records: exact=0.20s ann=0.00s model=0.33s total=0.55s 732.5 rows/s; time_left=144.7min
2026-09-26 23:22:36,411 INFO BATCH france 400 records: exact=0.23s ann=0.00s model=0.34s total=0.59s 681.4 rows/s; time_left=144.6min
2026-09-26 23:22:37,014 INFO BATCH france 400 records: exact=0.24s ann=0.00s model=0.34s total=0.60s 670.1 rows/s; time_left=144.6min
2026-09-26 23:22:37,586 INFO BATCH france 400 records: exact=0.22s ann=0.00s model=0.34s total=0.57s 707.1 rows/s; time_left=144.6min
2026-09-26 23:22:38,149 INFO BATCH france 400 records: exact=0.20s ann=0.00s model=0.34s total=0.56s 718.0 rows/s; time_left=144.6min
2026-09-26 23:22:38,154 INFO PROGRESS 1530292/1732544 enhanced_rows=1206874 fallback_rows=0
2026-09-26 23:22:38,744 INFO BATCH france 400 records: exact=0.21s ann=0.00s model=0.36s total=0.59s 679.3 rows/s; time_left=144.6min
2026-09-26 23:22:39,263 INFO BATCH france 400 records: exact=0.19s ann=0.00s model=0.31s total=0.51s 780.9 rows/s; time_left=144.6min
2026-09-26 23:22:39,811 INFO BATCH france 400 records: exact=0.20s ann=0.00s model=0.33s total=0.54s 737.8 rows/s; time_left=144.6min
2026-09-26 23:22:40,399 INFO BATCH france 400 records: exact=0.21s ann=0.00s model=0.36s total=0.58s 687.6 rows/s; time_left=144.6min
2026-09-26 23:22:40,988 INFO BATCH france 400 records: exact=0.22s ann=0.00s model=0.35s total=0.58s 686.5 rows/s; time_left=144.6min
2026-09-26 23:22:41,573 INFO BATCH france 400 records: exact=0.23s ann=0.00s model=0.33s total=0.58s 691.0 rows/s; time_left=144.6min
2026-09-26 23:22:42,149 INFO BATCH france 400 records: exact=0.21s ann=0.00s model=0.35s total=0.57s 701.7 rows/s; time_left=144.6min
2026-09-26 23:22:42,713 INFO BATCH france 400 records: exact=0.20s ann=0.00s model=0.34s total=0.56s 717.7 rows/s; time_left=144.5min
2026-09-26 23:22:43,247 INFO BATCH france 400 records: exact=0.20s ann=0.00s model=0.31s total=0.53s 760.5 rows/s; time_left=144.5min
2026-09-26 23:22:43,809 INFO BATCH france 400 records: exact=0.20s ann=0.00s model=0.34s total=0.55s 721.1 rows/s; time_left=144.5min
2026-09-26 23:22:44,340 INFO BATCH france 400 records: exact=0.20s ann=0.00s model=0.32s total=0.52s 761.9 rows/s; time_left=144.5min
2026-09-26 23:22:44,936 INFO BATCH france 400 records: exact=0.22s ann=0.00s model=0.35s total=0.59s 679.0 rows/s; time_left=144.5min
2026-09-26 23:22:44,943 INFO PROGRESS 1535092/1732544 enhanced_rows=1210965 fallback_rows=0
2026-09-26 23:22:45,544 INFO BATCH france 400 records: exact=0.23s ann=0.00s model=0.35s total=0.60s 666.2 rows/s; time_left=144.5min
2026-09-26 23:22:46,107 INFO BATCH france 400 records: exact=0.20s ann=0.00s model=0.34s total=0.56s 720.0 rows/s; time_left=144.5min
2026-09-26 23:22:46,631 INFO BATCH france 400 records: exact=0.18s ann=0.00s model=0.32s total=0.52s 772.4 rows/s; time_left=144.5min
2026-09-26 23:22:47,190 INFO BATCH france 400 records: exact=0.20s ann=0.00s model=0.33s total=0.55s 725.0 rows/s; time_left=144.5min
2026-09-26 23:22:47,794 INFO BATCH france 400 records: exact=0.22s ann=0.00s model=0.36s total=0.60s 670.4 rows/s; time_left=144.5min
2026-09-26 23:22:48,343 INFO BATCH france 400 records: exact=0.20s ann=0.00s model=0.33s total=0.54s 738.8 rows/s; time_left=144.5min
2026-09-26 23:22:48,907 INFO BATCH france 400 records: exact=0.20s ann=0.00s model=0.34s total=0.56s 717.6 rows/s; time_left=144.4min
2026-09-26 23:22:49,470 INFO BATCH france 400 records: exact=0.20s ann=0.00s model=0.34s total=0.56s 718.9 rows/s; time_left=144.4min
2026-09-26 23:22:50,104 INFO BATCH france 400 records: exact=0.23s ann=0.00s model=0.38s total=0.63s 638.1 rows/s; time_left=144.4min
2026-09-26 23:22:50,688 INFO BATCH france 400 records: exact=0.21s ann=0.00s model=0.35s total=0.58s 692.0 rows/s; time_left=144.4min
2026-09-26 23:22:51,278 INFO BATCH france 400 records: exact=0.23s ann=0.00s model=0.34s total=0.58s 686.0 rows/s; time_left=144.4min
2026-09-26 23:22:51,876 INFO BATCH france 400 records: exact=0.23s ann=0.00s model=0.35s total=0.59s 677.5 rows/s; time_left=144.4min
2026-09-26 23:22:52,446 INFO BATCH france 400 records: exact=0.22s ann=0.00s model=0.33s total=0.56s 709.4 rows/s; time_left=144.4min
2026-09-26 23:22:52,452 INFO PROGRESS 1540292/1732544 enhanced_rows=1215426 fallback_rows=0
2026-09-26 23:22:53,021 INFO BATCH france 400 records: exact=0.22s ann=0.00s model=0.33s total=0.57s 703.9 rows/s; time_left=144.4min
2026-09-26 23:22:53,569 INFO BATCH france 400 records: exact=0.19s ann=0.00s model=0.34s total=0.54s 739.1 rows/s; time_left=144.4min
2026-09-26 23:22:54,108 INFO BATCH france 400 records: exact=0.20s ann=0.00s model=0.32s total=0.53s 750.7 rows/s; time_left=144.4min
2026-09-26 23:22:54,650 INFO BATCH france 400 records: exact=0.19s ann=0.00s model=0.33s total=0.54s 746.8 rows/s; time_left=144.3min
2026-09-26 23:22:55,206 INFO BATCH france 400 records: exact=0.20s ann=0.00s model=0.34s total=0.55s 726.8 rows/s; time_left=144.3min
2026-09-26 23:22:55,732 INFO BATCH france 400 records: exact=0.18s ann=0.00s model=0.32s total=0.52s 771.9 rows/s; time_left=144.3min
2026-09-26 23:22:56,319 INFO BATCH france 400 records: exact=0.20s ann=0.00s model=0.36s total=0.58s 688.9 rows/s; time_left=144.3min
2026-09-26 23:22:56,884 INFO BATCH france 400 records: exact=0.19s ann=0.00s model=0.35s total=0.56s 716.6 rows/s; time_left=144.3min
2026-09-26 23:22:57,465 INFO BATCH france 400 records: exact=0.21s ann=0.00s model=0.35s total=0.57s 696.1 rows/s; time_left=144.3min
2026-09-26 23:22:58,025 INFO BATCH france 400 records: exact=0.20s ann=0.00s model=0.33s total=0.55s 722.5 rows/s; time_left=144.3min
2026-09-26 23:22:58,608 INFO BATCH france 400 records: exact=0.21s ann=0.00s model=0.35s total=0.58s 694.6 rows/s; time_left=144.3min
2026-09-26 23:22:59,195 INFO BATCH france 400 records: exact=0.22s ann=0.00s model=0.34s total=0.58s 688.2 rows/s; time_left=144.3min
2026-09-26 23:22:59,202 INFO PROGRESS 1545092/1732544 enhanced_rows=1219525 fallback_rows=0
2026-09-26 23:22:59,805 INFO BATCH france 400 records: exact=0.25s ann=0.00s model=0.34s total=0.60s 664.2 rows/s; time_left=144.3min
2026-09-26 23:23:00,360 INFO BATCH france 400 records: exact=0.20s ann=0.00s model=0.34s total=0.55s 729.0 rows/s; time_left=144.3min
2026-09-26 23:23:00,933 INFO BATCH france 400 records: exact=0.21s ann=0.00s model=0.34s total=0.57s 705.0 rows/s; time_left=144.2min
2026-09-26 23:23:01,512 INFO BATCH france 400 records: exact=0.22s ann=0.00s model=0.34s total=0.57s 699.0 rows/s; time_left=144.2min
2026-09-26 23:23:02,099 INFO BATCH france 400 records: exact=0.21s ann=0.00s model=0.35s total=0.58s 690.3 rows/s; time_left=144.2min
2026-09-26 23:23:02,650 INFO BATCH france 400 records: exact=0.18s ann=0.00s model=0.35s total=0.54s 734.8 rows/s; time_left=144.2min
2026-09-26 23:23:03,210 INFO BATCH france 400 records: exact=0.19s ann=0.00s model=0.34s total=0.55s 722.3 rows/s; time_left=144.2min
2026-09-26 23:23:03,786 INFO BATCH france 400 records: exact=0.21s ann=0.00s model=0.34s total=0.57s 702.0 rows/s; time_left=144.2min
2026-09-26 23:23:04,326 INFO BATCH france 400 records: exact=0.19s ann=0.00s model=0.33s total=0.53s 749.3 rows/s; time_left=144.2min
2026-09-26 23:23:04,859 INFO BATCH france 400 records: exact=0.21s ann=0.00s model=0.31s total=0.53s 759.3 rows/s; time_left=144.2min
2026-09-26 23:23:05,471 INFO BATCH france 400 records: exact=0.24s ann=0.00s model=0.35s total=0.61s 660.1 rows/s; time_left=144.2min
2026-09-26 23:23:05,979 INFO BATCH france 400 records: exact=0.18s ann=0.00s model=0.31s total=0.50s 796.2 rows/s; time_left=144.2min
2026-09-26 23:23:06,587 INFO BATCH france 400 records: exact=0.23s ann=0.00s model=0.35s total=0.60s 665.0 rows/s; time_left=144.1min
2026-09-26 23:23:06,593 INFO PROGRESS 1550292/1732544 enhanced_rows=1223923 fallback_rows=0
2026-09-26 23:23:07,173 INFO BATCH france 400 records: exact=0.21s ann=0.00s model=0.35s total=0.58s 691.3 rows/s; time_left=144.1min
2026-09-26 23:23:07,761 INFO BATCH france 400 records: exact=0.22s ann=0.00s model=0.35s total=0.58s 688.8 rows/s; time_left=144.1min
2026-09-26 23:23:08,382 INFO BATCH france 400 records: exact=0.24s ann=0.00s model=0.36s total=0.61s 651.4 rows/s; time_left=144.1min
2026-09-26 23:23:08,911 INFO BATCH france 400 records: exact=0.20s ann=0.00s model=0.31s total=0.52s 764.7 rows/s; time_left=144.1min
2026-09-26 23:23:09,461 INFO BATCH france 400 records: exact=0.21s ann=0.00s model=0.32s total=0.54s 734.9 rows/s; time_left=144.1min
2026-09-26 23:23:10,023 INFO BATCH france 400 records: exact=0.21s ann=0.00s model=0.34s total=0.56s 719.2 rows/s; time_left=144.1min
2026-09-26 23:23:10,565 INFO BATCH france 400 records: exact=0.18s ann=0.00s model=0.34s total=0.54s 746.8 rows/s; time_left=144.1min
2026-09-26 23:23:11,129 INFO BATCH france 400 records: exact=0.22s ann=0.00s model=0.32s total=0.56s 717.0 rows/s; time_left=144.1min
2026-09-26 23:23:11,687 INFO BATCH france 400 records: exact=0.21s ann=0.00s model=0.33s total=0.55s 726.3 rows/s; time_left=144.1min
2026-09-26 23:23:12,283 INFO BATCH france 400 records: exact=0.21s ann=0.00s model=0.36s total=0.59s 679.1 rows/s; time_left=144.1min
2026-09-26 23:23:12,790 INFO BATCH france 400 records: exact=0.17s ann=0.00s model=0.32s total=0.50s 799.1 rows/s; time_left=144.0min
2026-09-26 23:23:13,338 INFO BATCH france 400 records: exact=0.19s ann=0.00s model=0.33s total=0.54s 740.1 rows/s; time_left=144.0min
2026-09-26 23:23:13,343 INFO PROGRESS 1555092/1732544 enhanced_rows=1227976 fallback_rows=0
2026-09-26 23:23:13,871 INFO BATCH france 400 records: exact=0.18s ann=0.00s model=0.33s total=0.53s 760.0 rows/s; time_left=144.0min
2026-09-26 23:23:14,479 INFO BATCH france 400 records: exact=0.23s ann=0.00s model=0.35s total=0.60s 664.2 rows/s; time_left=144.0min
2026-09-26 23:23:15,085 INFO BATCH france 400 records: exact=0.23s ann=0.00s model=0.35s total=0.60s 667.7 rows/s; time_left=144.0min
2026-09-26 23:23:15,702 INFO BATCH france 400 records: exact=0.23s ann=0.00s model=0.36s total=0.61s 654.8 rows/s; time_left=144.0min
2026-09-26 23:23:16,246 INFO BATCH france 400 records: exact=0.19s ann=0.00s model=0.33s total=0.54s 744.7 rows/s; time_left=144.0min
2026-09-26 23:23:16,815 INFO BATCH france 400 records: exact=0.21s ann=0.00s model=0.33s total=0.56s 710.7 rows/s; time_left=144.0min
2026-09-26 23:23:17,398 INFO BATCH france 400 records: exact=0.21s ann=0.00s model=0.35s total=0.58s 693.8 rows/s; time_left=144.0min
2026-09-26 23:23:17,988 INFO BATCH france 400 records: exact=0.22s ann=0.00s model=0.35s total=0.58s 685.8 rows/s; time_left=144.0min
2026-09-26 23:23:18,588 INFO BATCH france 400 records: exact=0.22s ann=0.00s model=0.35s total=0.59s 674.6 rows/s; time_left=143.9min
2026-09-26 23:23:19,148 INFO BATCH france 400 records: exact=0.19s ann=0.00s model=0.34s total=0.55s 722.9 rows/s; time_left=143.9min
2026-09-26 23:23:19,713 INFO BATCH france 400 records: exact=0.20s ann=0.00s model=0.35s total=0.56s 715.2 rows/s; time_left=143.9min
2026-09-26 23:23:20,286 INFO BATCH france 400 records: exact=0.20s ann=0.00s model=0.35s total=0.57s 706.5 rows/s; time_left=143.9min
2026-09-26 23:23:20,864 INFO BATCH france 400 records: exact=0.19s ann=0.00s model=0.37s total=0.57s 699.9 rows/s; time_left=143.9min
2026-09-26 23:23:20,870 INFO PROGRESS 1560292/1732544 enhanced_rows=1232395 fallback_rows=0
2026-09-26 23:23:21,444 INFO BATCH france 400 records: exact=0.21s ann=0.00s model=0.35s total=0.57s 697.6 rows/s; time_left=143.9min
2026-09-26 23:23:21,992 INFO BATCH france 400 records: exact=0.19s ann=0.00s model=0.33s total=0.54s 738.5 rows/s; time_left=143.9min
2026-09-26 23:23:22,556 INFO BATCH france 400 records: exact=0.21s ann=0.00s model=0.33s total=0.56s 716.5 rows/s; time_left=143.9min
2026-09-26 23:23:23,149 INFO BATCH france 400 records: exact=0.22s ann=0.00s model=0.35s total=0.59s 683.0 rows/s; time_left=143.9min
2026-09-26 23:23:23,744 INFO BATCH france 400 records: exact=0.21s ann=0.00s model=0.36s total=0.59s 679.8 rows/s; time_left=143.9min
2026-09-26 23:23:24,338 INFO BATCH france 400 records: exact=0.22s ann=0.00s model=0.35s total=0.59s 681.0 rows/s; time_left=143.9min
2026-09-26 23:23:24,907 INFO BATCH france 400 records: exact=0.21s ann=0.00s model=0.34s total=0.56s 711.1 rows/s; time_left=143.8min
2026-09-26 23:23:25,495 INFO BATCH france 400 records: exact=0.20s ann=0.00s model=0.37s total=0.58s 688.8 rows/s; time_left=143.8min
2026-09-26 23:23:26,098 INFO BATCH france 400 records: exact=0.23s ann=0.00s model=0.35s total=0.60s 669.8 rows/s; time_left=143.8min
2026-09-26 23:23:26,646 INFO BATCH france 400 records: exact=0.20s ann=0.00s model=0.32s total=0.54s 738.3 rows/s; time_left=143.8min
2026-09-26 23:23:27,218 INFO BATCH france 400 records: exact=0.20s ann=0.00s model=0.35s total=0.57s 706.6 rows/s; time_left=143.8min
2026-09-26 23:23:27,794 INFO BATCH france 400 records: exact=0.21s ann=0.00s model=0.34s total=0.57s 702.0 rows/s; time_left=143.8min
2026-09-26 23:23:27,800 INFO PROGRESS 1565092/1732544 enhanced_rows=1236481 fallback_rows=0
2026-09-26 23:23:28,326 INFO BATCH france 400 records: exact=0.19s ann=0.00s model=0.32s total=0.53s 761.0 rows/s; time_left=143.8min
2026-09-26 23:23:28,956 INFO BATCH france 400 records: exact=0.24s ann=0.00s model=0.37s total=0.62s 641.9 rows/s; time_left=143.8min
2026-09-26 23:23:29,527 INFO BATCH france 400 records: exact=0.20s ann=0.00s model=0.35s total=0.56s 708.6 rows/s; time_left=143.8min
2026-09-26 23:23:30,088 INFO BATCH france 400 records: exact=0.19s ann=0.00s model=0.35s total=0.55s 721.0 rows/s; time_left=143.8min
2026-09-26 23:23:30,665 INFO BATCH france 400 records: exact=0.20s ann=0.00s model=0.36s total=0.57s 701.1 rows/s; time_left=143.7min
2026-09-26 23:23:31,228 INFO BATCH france 400 records: exact=0.19s ann=0.00s model=0.35s total=0.56s 717.5 rows/s; time_left=143.7min
2026-09-26 23:23:31,905 INFO BATCH france 400 records: exact=0.23s ann=0.00s model=0.43s total=0.67s 597.9 rows/s; time_left=143.7min
2026-09-26 23:23:32,501 INFO BATCH france 400 records: exact=0.21s ann=0.00s model=0.36s total=0.59s 678.1 rows/s; time_left=143.7min
2026-09-26 23:23:33,116 INFO BATCH france 400 records: exact=0.24s ann=0.00s model=0.35s total=0.61s 657.4 rows/s; time_left=143.7min
2026-09-26 23:23:33,721 INFO BATCH france 400 records: exact=0.23s ann=0.00s model=0.35s total=0.60s 669.8 rows/s; time_left=143.7min
2026-09-26 23:23:34,264 INFO BATCH france 400 records: exact=0.19s ann=0.00s model=0.33s total=0.54s 745.6 rows/s; time_left=143.7min
2026-09-26 23:23:34,837 INFO BATCH france 400 records: exact=0.22s ann=0.00s model=0.33s total=0.57s 705.8 rows/s; time_left=143.7min
2026-09-26 23:23:35,371 INFO BATCH france 400 records: exact=0.19s ann=0.00s model=0.32s total=0.53s 757.5 rows/s; time_left=143.7min
2026-09-26 23:23:35,376 INFO PROGRESS 1570292/1732544 enhanced_rows=1240884 fallback_rows=0
2026-09-26 23:23:35,914 INFO BATCH france 400 records: exact=0.20s ann=0.00s model=0.32s total=0.54s 745.0 rows/s; time_left=143.7min
2026-09-26 23:23:36,505 INFO BATCH france 400 records: exact=0.22s ann=0.00s model=0.35s total=0.58s 684.2 rows/s; time_left=143.6min
2026-09-26 23:23:37,124 INFO BATCH france 400 records: exact=0.25s ann=0.00s model=0.35s total=0.61s 653.2 rows/s; time_left=143.6min
2026-09-26 23:23:37,675 INFO BATCH france 400 records: exact=0.20s ann=0.00s model=0.33s total=0.54s 735.3 rows/s; time_left=143.6min
2026-09-26 23:23:38,244 INFO BATCH france 400 records: exact=0.21s ann=0.00s model=0.34s total=0.56s 711.5 rows/s; time_left=143.6min
2026-09-26 23:23:38,809 INFO BATCH france 400 records: exact=0.21s ann=0.00s model=0.33s total=0.56s 717.2 rows/s; time_left=143.6min
2026-09-26 23:23:39,334 INFO BATCH france 400 records: exact=0.19s ann=0.00s model=0.32s total=0.52s 771.1 rows/s; time_left=143.6min
2026-09-26 23:23:39,896 INFO BATCH france 400 records: exact=0.20s ann=0.00s model=0.34s total=0.55s 720.9 rows/s; time_left=143.6min
2026-09-26 23:23:40,462 INFO BATCH france 400 records: exact=0.21s ann=0.00s model=0.34s total=0.56s 716.2 rows/s; time_left=143.6min
2026-09-26 23:23:41,016 INFO BATCH france 400 records: exact=0.20s ann=0.00s model=0.34s total=0.55s 729.6 rows/s; time_left=143.6min
2026-09-26 23:23:41,595 INFO BATCH france 400 records: exact=0.20s ann=0.00s model=0.36s total=0.57s 699.1 rows/s; time_left=143.6min
2026-09-26 23:23:42,189 INFO BATCH france 400 records: exact=0.21s ann=0.00s model=0.36s total=0.59s 680.6 rows/s; time_left=143.6min
2026-09-26 23:23:42,194 INFO PROGRESS 1575092/1732544 enhanced_rows=1244956 fallback_rows=0
2026-09-26 23:23:42,723 INFO BATCH france 400 records: exact=0.19s ann=0.00s model=0.32s total=0.53s 757.0 rows/s; time_left=143.5min
2026-09-26 23:23:43,316 INFO BATCH france 400 records: exact=0.22s ann=0.00s model=0.36s total=0.59s 681.6 rows/s; time_left=143.5min
2026-09-26 23:23:43,891 INFO BATCH france 400 records: exact=0.23s ann=0.00s model=0.32s total=0.57s 703.3 rows/s; time_left=143.5min
2026-09-26 23:23:44,491 INFO BATCH france 400 records: exact=0.23s ann=0.00s model=0.34s total=0.59s 674.0 rows/s; time_left=143.5min
2026-09-26 23:23:45,071 INFO BATCH france 400 records: exact=0.21s ann=0.00s model=0.35s total=0.57s 695.9 rows/s; time_left=143.5min
2026-09-26 23:23:45,634 INFO BATCH france 400 records: exact=0.20s ann=0.00s model=0.34s total=0.56s 720.6 rows/s; time_left=143.5min
2026-09-26 23:23:46,199 INFO BATCH france 400 records: exact=0.21s ann=0.00s model=0.33s total=0.56s 716.6 rows/s; time_left=143.5min
2026-09-26 23:23:46,793 INFO BATCH france 400 records: exact=0.22s ann=0.00s model=0.35s total=0.59s 680.4 rows/s; time_left=143.5min
2026-09-26 23:23:47,379 INFO BATCH france 400 records: exact=0.21s ann=0.00s model=0.35s total=0.58s 691.5 rows/s; time_left=143.5min
2026-09-26 23:23:47,943 INFO BATCH france 400 records: exact=0.20s ann=0.00s model=0.34s total=0.56s 718.2 rows/s; time_left=143.5min
2026-09-26 23:23:48,583 INFO BATCH france 400 records: exact=0.26s ann=0.00s model=0.35s total=0.63s 631.9 rows/s; time_left=143.4min
2026-09-26 23:23:49,178 INFO BATCH france 400 records: exact=0.23s ann=0.00s model=0.34s total=0.59s 681.1 rows/s; time_left=143.4min
2026-09-26 23:23:49,737 INFO BATCH france 400 records: exact=0.22s ann=0.00s model=0.32s total=0.55s 722.9 rows/s; time_left=143.4min
2026-09-26 23:23:49,743 INFO PROGRESS 1580292/1732544 enhanced_rows=1249383 fallback_rows=0
2026-09-26 23:23:50,281 INFO BATCH france 400 records: exact=0.19s ann=0.00s model=0.34s total=0.54s 744.6 rows/s; time_left=143.4min
2026-09-26 23:23:50,889 INFO BATCH france 400 records: exact=0.24s ann=0.00s model=0.35s total=0.60s 664.7 rows/s; time_left=143.4min
2026-09-26 23:23:51,457 INFO BATCH france 400 records: exact=0.21s ann=0.00s model=0.34s total=0.56s 712.9 rows/s; time_left=143.4min
2026-09-26 23:23:52,104 INFO BATCH france 400 records: exact=0.28s ann=0.00s model=0.35s total=0.64s 623.8 rows/s; time_left=143.4min
2026-09-26 23:23:52,662 INFO BATCH france 400 records: exact=0.21s ann=0.00s model=0.32s total=0.55s 725.0 rows/s; time_left=143.4min
2026-09-26 23:23:53,197 INFO BATCH france 400 records: exact=0.21s ann=0.00s model=0.30s total=0.53s 758.0 rows/s; time_left=143.4min
2026-09-26 23:23:53,760 INFO BATCH france 400 records: exact=0.21s ann=0.00s model=0.33s total=0.56s 717.1 rows/s; time_left=143.4min
2026-09-26 23:23:54,360 INFO BATCH france 400 records: exact=0.23s ann=0.00s model=0.35s total=0.59s 674.7 rows/s; time_left=143.4min
2026-09-26 23:23:54,954 INFO BATCH france 400 records: exact=0.23s ann=0.00s model=0.34s total=0.59s 681.5 rows/s; time_left=143.3min
2026-09-26 23:23:55,505 INFO BATCH france 400 records: exact=0.21s ann=0.00s model=0.32s total=0.54s 736.6 rows/s; time_left=143.3min
2026-09-26 23:23:56,134 INFO BATCH france 400 records: exact=0.25s ann=0.00s model=0.35s total=0.62s 643.0 rows/s; time_left=143.3min
2026-09-26 23:23:56,754 INFO BATCH france 400 records: exact=0.26s ann=0.00s model=0.34s total=0.61s 653.4 rows/s; time_left=143.3min
2026-09-26 23:23:56,759 INFO PROGRESS 1585092/1732544 enhanced_rows=1253440 fallback_rows=0
2026-09-26 23:23:57,330 INFO BATCH france 400 records: exact=0.23s ann=0.00s model=0.33s total=0.57s 701.1 rows/s; time_left=143.3min
2026-09-26 23:23:58,015 INFO BATCH france 400 records: exact=0.30s ann=0.00s model=0.37s total=0.68s 590.6 rows/s; time_left=143.3min
2026-09-26 23:23:58,602 INFO BATCH france 400 records: exact=0.23s ann=0.00s model=0.34s total=0.58s 689.7 rows/s; time_left=143.3min
2026-09-26 23:23:59,173 INFO BATCH france 400 records: exact=0.21s ann=0.00s model=0.34s total=0.56s 708.8 rows/s; time_left=143.3min
2026-09-26 23:23:59,774 INFO BATCH france 400 records: exact=0.23s ann=0.00s model=0.35s total=0.59s 674.1 rows/s; time_left=143.3min
2026-09-26 23:24:00,345 INFO BATCH france 400 records: exact=0.20s ann=0.00s model=0.34s total=0.56s 709.6 rows/s; time_left=143.3min
2026-09-26 23:24:00,927 INFO BATCH france 400 records: exact=0.20s ann=0.00s model=0.36s total=0.57s 695.9 rows/s; time_left=143.2min
2026-09-26 23:24:01,487 INFO BATCH france 400 records: exact=0.21s ann=0.00s model=0.33s total=0.55s 723.7 rows/s; time_left=143.2min
2026-09-26 23:24:02,091 INFO BATCH france 400 records: exact=0.22s ann=0.00s model=0.36s total=0.60s 669.6 rows/s; time_left=143.2min
2026-09-26 23:24:02,692 INFO BATCH france 400 records: exact=0.23s ann=0.00s model=0.35s total=0.59s 672.8 rows/s; time_left=143.2min
2026-09-26 23:24:03,274 INFO BATCH france 400 records: exact=0.21s ann=0.00s model=0.34s total=0.57s 697.4 rows/s; time_left=143.2min
2026-09-26 23:24:03,821 INFO BATCH france 400 records: exact=0.19s ann=0.00s model=0.33s total=0.54s 740.7 rows/s; time_left=143.2min
2026-09-26 23:24:04,361 INFO BATCH france 400 records: exact=0.20s ann=0.00s model=0.32s total=0.53s 749.6 rows/s; time_left=143.2min
2026-09-26 23:24:04,366 INFO PROGRESS 1590292/1732544 enhanced_rows=1257913 fallback_rows=0
2026-09-26 23:24:04,902 INFO BATCH france 400 records: exact=0.21s ann=0.00s model=0.32s total=0.54s 746.7 rows/s; time_left=143.2min
2026-09-26 23:24:05,522 INFO BATCH france 400 records: exact=0.23s ann=0.00s model=0.37s total=0.61s 652.8 rows/s; time_left=143.2min
2026-09-26 23:24:06,118 INFO BATCH france 400 records: exact=0.21s ann=0.00s model=0.36s total=0.59s 677.8 rows/s; time_left=143.2min
2026-09-26 23:24:06,708 INFO BATCH france 400 records: exact=0.22s ann=0.00s model=0.35s total=0.58s 684.5 rows/s; time_left=143.1min
2026-09-26 23:24:07,293 INFO BATCH france 400 records: exact=0.22s ann=0.00s model=0.34s total=0.58s 691.1 rows/s; time_left=143.1min
2026-09-26 23:24:07,902 INFO BATCH france 400 records: exact=0.25s ann=0.00s model=0.34s total=0.60s 664.2 rows/s; time_left=143.1min
2026-09-26 23:24:08,502 INFO BATCH france 400 records: exact=0.24s ann=0.00s model=0.34s total=0.59s 674.8 rows/s; time_left=143.1min
2026-09-26 23:24:09,116 INFO BATCH france 400 records: exact=0.22s ann=0.00s model=0.37s total=0.61s 658.4 rows/s; time_left=143.1min
2026-09-26 23:24:09,725 INFO BATCH france 400 records: exact=0.23s ann=0.00s model=0.35s total=0.60s 663.5 rows/s; time_left=143.1min
2026-09-26 23:24:10,331 INFO BATCH france 400 records: exact=0.24s ann=0.00s model=0.34s total=0.60s 667.9 rows/s; time_left=143.1min
2026-09-26 23:24:10,906 INFO BATCH france 400 records: exact=0.23s ann=0.00s model=0.32s total=0.57s 705.4 rows/s; time_left=143.1min
2026-09-26 23:24:11,535 INFO BATCH france 400 records: exact=0.23s ann=0.00s model=0.37s total=0.62s 644.7 rows/s; time_left=143.1min
2026-09-26 23:24:11,540 INFO PROGRESS 1595092/1732544 enhanced_rows=1261974 fallback_rows=0
2026-09-26 23:24:12,186 INFO BATCH france 400 records: exact=0.26s ann=0.00s model=0.37s total=0.64s 620.6 rows/s; time_left=143.1min
2026-09-26 23:24:12,767 INFO BATCH france 400 records: exact=0.23s ann=0.00s model=0.33s total=0.57s 698.0 rows/s; time_left=143.0min
2026-09-26 23:24:13,402 INFO BATCH france 400 records: exact=0.27s ann=0.00s model=0.34s total=0.63s 637.3 rows/s; time_left=143.0min
2026-09-26 23:24:14,000 INFO BATCH france 400 records: exact=0.24s ann=0.00s model=0.33s total=0.58s 684.5 rows/s; time_left=143.0min
2026-09-26 23:24:14,618 INFO BATCH france 400 records: exact=0.24s ann=0.00s model=0.35s total=0.61s 654.4 rows/s; time_left=143.0min
2026-09-26 23:24:15,216 INFO BATCH france 400 records: exact=0.24s ann=0.00s model=0.34s total=0.59s 676.8 rows/s; time_left=143.0min
2026-09-26 23:24:15,843 INFO BATCH france 400 records: exact=0.25s ann=0.00s model=0.36s total=0.62s 643.7 rows/s; time_left=143.0min
2026-09-26 23:24:16,437 INFO BATCH france 400 records: exact=0.23s ann=0.00s model=0.34s total=0.59s 680.8 rows/s; time_left=143.0min
2026-09-26 23:24:17,040 INFO BATCH france 400 records: exact=0.23s ann=0.00s model=0.35s total=0.60s 670.6 rows/s; time_left=143.0min
2026-09-26 23:24:17,640 INFO BATCH france 400 records: exact=0.23s ann=0.00s model=0.35s total=0.59s 673.7 rows/s; time_left=143.0min
2026-09-26 23:24:18,257 INFO BATCH france 400 records: exact=0.26s ann=0.00s model=0.34s total=0.61s 652.5 rows/s; time_left=143.0min
2026-09-26 23:24:18,942 INFO BATCH france 400 records: exact=0.29s ann=0.00s model=0.37s total=0.68s 587.8 rows/s; time_left=142.9min
2026-09-26 23:24:19,548 INFO BATCH france 400 records: exact=0.26s ann=0.00s model=0.33s total=0.60s 664.1 rows/s; time_left=142.9min
2026-09-26 23:24:19,551 INFO PROGRESS 1600292/1732544 enhanced_rows=1266376 fallback_rows=0
2026-09-26 23:24:20,182 INFO BATCH france 400 records: exact=0.28s ann=0.00s model=0.34s total=0.63s 635.9 rows/s; time_left=142.9min
2026-09-26 23:24:20,724 INFO BATCH france 400 records: exact=0.21s ann=0.00s model=0.31s total=0.54s 742.9 rows/s; time_left=142.9min
2026-09-26 23:24:21,340 INFO BATCH france 400 records: exact=0.27s ann=0.00s model=0.33s total=0.61s 653.2 rows/s; time_left=142.9min
2026-09-26 23:24:21,962 INFO BATCH france 400 records: exact=0.26s ann=0.00s model=0.34s total=0.62s 646.8 rows/s; time_left=142.9min
2026-09-26 23:24:22,547 INFO BATCH france 400 records: exact=0.22s ann=0.00s model=0.34s total=0.58s 688.7 rows/s; time_left=142.9min
2026-09-26 23:24:23,127 INFO BATCH france 400 records: exact=0.24s ann=0.00s model=0.32s total=0.58s 694.7 rows/s; time_left=142.9min
2026-09-26 23:24:23,732 INFO BATCH france 400 records: exact=0.25s ann=0.00s model=0.34s total=0.60s 665.6 rows/s; time_left=142.9min
2026-09-26 23:24:24,308 INFO BATCH france 400 records: exact=0.23s ann=0.00s model=0.33s total=0.57s 697.9 rows/s; time_left=142.9min
2026-09-26 23:24:24,895 INFO BATCH france 400 records: exact=0.23s ann=0.00s model=0.33s total=0.58s 686.0 rows/s; time_left=142.8min
2026-09-26 23:24:25,485 INFO BATCH france 400 records: exact=0.23s ann=0.00s model=0.34s total=0.59s 682.0 rows/s; time_left=142.8min
2026-09-26 23:24:26,015 INFO BATCH france 400 records: exact=0.20s ann=0.00s model=0.30s total=0.53s 759.5 rows/s; time_left=142.8min
2026-09-26 23:24:26,637 INFO BATCH france 400 records: exact=0.26s ann=0.00s model=0.34s total=0.62s 647.1 rows/s; time_left=142.8min
2026-09-26 23:24:26,640 INFO PROGRESS 1605092/1732544 enhanced_rows=1270488 fallback_rows=0
2026-09-26 23:24:27,246 INFO BATCH france 400 records: exact=0.24s ann=0.00s model=0.35s total=0.61s 660.9 rows/s; time_left=142.8min
2026-09-26 23:24:27,872 INFO BATCH france 400 records: exact=0.24s ann=0.00s model=0.36s total=0.62s 643.5 rows/s; time_left=142.8min
2026-09-26 23:24:28,464 INFO BATCH france 400 records: exact=0.22s ann=0.00s model=0.35s total=0.59s 678.7 rows/s; time_left=142.8min
2026-09-26 23:24:29,016 INFO BATCH france 400 records: exact=0.21s ann=0.00s model=0.31s total=0.55s 729.6 rows/s; time_left=142.8min
2026-09-26 23:24:29,627 INFO BATCH france 400 records: exact=0.25s ann=0.00s model=0.34s total=0.61s 657.4 rows/s; time_left=142.8min
2026-09-26 23:24:30,191 INFO BATCH france 400 records: exact=0.21s ann=0.00s model=0.33s total=0.56s 714.6 rows/s; time_left=142.8min
2026-09-26 23:24:30,737 INFO BATCH france 400 records: exact=0.20s ann=0.00s model=0.33s total=0.54s 736.5 rows/s; time_left=142.7min
2026-09-26 23:24:31,331 INFO BATCH france 400 records: exact=0.25s ann=0.00s model=0.33s total=0.59s 678.0 rows/s; time_left=142.7min
2026-09-26 23:24:31,925 INFO BATCH france 400 records: exact=0.24s ann=0.00s model=0.33s total=0.59s 679.1 rows/s; time_left=142.7min
2026-09-26 23:24:32,498 INFO BATCH france 400 records: exact=0.24s ann=0.00s model=0.32s total=0.57s 703.1 rows/s; time_left=142.7min
2026-09-26 23:24:33,120 INFO BATCH france 400 records: exact=0.25s ann=0.00s model=0.35s total=0.62s 648.2 rows/s; time_left=142.7min
2026-09-26 23:24:33,712 INFO BATCH france 400 records: exact=0.24s ann=0.00s model=0.34s total=0.59s 679.1 rows/s; time_left=142.7min
2026-09-26 23:24:34,318 INFO BATCH france 400 records: exact=0.25s ann=0.00s model=0.34s total=0.60s 663.3 rows/s; time_left=142.7min
2026-09-26 23:24:34,321 INFO PROGRESS 1610292/1732544 enhanced_rows=1274891 fallback_rows=0
2026-09-26 23:24:34,912 INFO BATCH france 400 records: exact=0.23s ann=0.00s model=0.34s total=0.59s 678.1 rows/s; time_left=142.7min
2026-09-26 23:24:35,481 INFO BATCH france 400 records: exact=0.21s ann=0.00s model=0.34s total=0.57s 707.6 rows/s; time_left=142.7min
2026-09-26 23:24:36,085 INFO BATCH france 400 records: exact=0.22s ann=0.00s model=0.36s total=0.60s 666.6 rows/s; time_left=142.7min
2026-09-26 23:24:36,670 INFO BATCH france 400 records: exact=0.22s ann=0.00s model=0.34s total=0.58s 688.0 rows/s; time_left=142.6min
2026-09-26 23:24:37,257 INFO BATCH france 400 records: exact=0.25s ann=0.00s model=0.32s total=0.58s 686.8 rows/s; time_left=142.6min
2026-09-26 23:24:37,920 INFO BATCH france 400 records: exact=0.31s ann=0.00s model=0.33s total=0.66s 607.1 rows/s; time_left=142.6min
2026-09-26 23:24:38,590 INFO BATCH france 400 records: exact=0.30s ann=0.00s model=0.35s total=0.66s 601.9 rows/s; time_left=142.6min
2026-09-26 23:24:39,228 INFO BATCH france 400 records: exact=0.27s ann=0.00s model=0.35s total=0.63s 631.4 rows/s; time_left=142.6min
2026-09-26 23:24:39,933 INFO BATCH france 400 records: exact=0.34s ann=0.00s model=0.34s total=0.70s 569.8 rows/s; time_left=142.6min
2026-09-26 23:24:40,546 INFO BATCH france 400 records: exact=0.28s ann=0.00s model=0.32s total=0.61s 655.8 rows/s; time_left=142.6min
2026-09-26 23:24:41,190 INFO BATCH france 400 records: exact=0.29s ann=0.00s model=0.33s total=0.64s 625.0 rows/s; time_left=142.6min
2026-09-26 23:24:41,837 INFO BATCH france 400 records: exact=0.28s ann=0.00s model=0.34s total=0.64s 621.2 rows/s; time_left=142.6min
2026-09-26 23:24:41,840 INFO PROGRESS 1615092/1732544 enhanced_rows=1278998 fallback_rows=0
2026-09-26 23:24:42,486 INFO BATCH france 400 records: exact=0.28s ann=0.00s model=0.35s total=0.65s 619.4 rows/s; time_left=142.5min
2026-09-26 23:24:43,137 INFO BATCH france 400 records: exact=0.30s ann=0.00s model=0.33s total=0.65s 617.8 rows/s; time_left=142.5min
2026-09-26 23:24:43,817 INFO BATCH france 400 records: exact=0.30s ann=0.00s model=0.36s total=0.68s 592.1 rows/s; time_left=142.5min
2026-09-26 23:24:44,441 INFO BATCH france 400 records: exact=0.27s ann=0.00s model=0.33s total=0.62s 644.3 rows/s; time_left=142.5min
2026-09-26 23:24:45,086 INFO BATCH france 400 records: exact=0.29s ann=0.00s model=0.34s total=0.64s 623.9 rows/s; time_left=142.5min
2026-09-26 23:24:45,763 INFO BATCH france 400 records: exact=0.32s ann=0.00s model=0.34s total=0.67s 594.0 rows/s; time_left=142.5min
2026-09-26 23:24:46,401 INFO BATCH france 400 records: exact=0.28s ann=0.00s model=0.34s total=0.63s 630.3 rows/s; time_left=142.5min
2026-09-26 23:24:47,044 INFO BATCH france 400 records: exact=0.29s ann=0.00s model=0.33s total=0.64s 625.3 rows/s; time_left=142.5min
2026-09-26 23:24:47,677 INFO BATCH france 400 records: exact=0.28s ann=0.00s model=0.33s total=0.63s 635.8 rows/s; time_left=142.5min
2026-09-26 23:24:48,276 INFO BATCH france 400 records: exact=0.25s ann=0.00s model=0.33s total=0.59s 672.9 rows/s; time_left=142.5min
2026-09-26 23:24:48,957 INFO BATCH france 400 records: exact=0.31s ann=0.00s model=0.35s total=0.68s 590.6 rows/s; time_left=142.4min
2026-09-26 23:24:49,629 INFO BATCH france 400 records: exact=0.29s ann=0.00s model=0.35s total=0.67s 599.3 rows/s; time_left=142.4min
2026-09-26 23:24:50,250 INFO BATCH france 400 records: exact=0.25s ann=0.00s model=0.35s total=0.62s 647.5 rows/s; time_left=142.4min
2026-09-26 23:24:50,253 INFO PROGRESS 1620292/1732544 enhanced_rows=1283421 fallback_rows=0
2026-09-26 23:24:50,883 INFO BATCH france 400 records: exact=0.29s ann=0.00s model=0.32s total=0.63s 636.0 rows/s; time_left=142.4min
2026-09-26 23:24:51,540 INFO BATCH france 400 records: exact=0.30s ann=0.00s model=0.34s total=0.65s 612.3 rows/s; time_left=142.4min
2026-09-26 23:24:52,177 INFO BATCH france 400 records: exact=0.27s ann=0.00s model=0.34s total=0.63s 632.0 rows/s; time_left=142.4min
2026-09-26 23:24:52,855 INFO BATCH france 400 records: exact=0.32s ann=0.00s model=0.33s total=0.67s 593.6 rows/s; time_left=142.4min
2026-09-26 23:24:53,492 INFO BATCH france 400 records: exact=0.29s ann=0.00s model=0.32s total=0.63s 632.5 rows/s; time_left=142.4min
2026-09-26 23:24:54,145 INFO BATCH france 400 records: exact=0.30s ann=0.00s model=0.34s total=0.65s 615.7 rows/s; time_left=142.4min
2026-09-26 23:24:54,772 INFO BATCH france 400 records: exact=0.29s ann=0.00s model=0.32s total=0.62s 642.4 rows/s; time_left=142.3min
2026-09-26 23:24:55,408 INFO BATCH france 400 records: exact=0.28s ann=0.00s model=0.33s total=0.63s 632.7 rows/s; time_left=142.3min
2026-09-26 23:24:56,010 INFO BATCH france 400 records: exact=0.26s ann=0.00s model=0.32s total=0.60s 669.1 rows/s; time_left=142.3min
2026-09-26 23:24:56,664 INFO BATCH france 400 records: exact=0.28s ann=0.00s model=0.36s total=0.65s 614.7 rows/s; time_left=142.3min
2026-09-26 23:24:57,299 INFO BATCH france 400 records: exact=0.26s ann=0.00s model=0.35s total=0.63s 634.3 rows/s; time_left=142.3min
2026-09-26 23:24:57,907 INFO BATCH france 400 records: exact=0.26s ann=0.00s model=0.33s total=0.61s 661.0 rows/s; time_left=142.3min
2026-09-26 23:24:57,910 INFO PROGRESS 1625092/1732544 enhanced_rows=1287480 fallback_rows=0
2026-09-26 23:24:58,566 INFO BATCH france 400 records: exact=0.31s ann=0.00s model=0.33s total=0.66s 610.3 rows/s; time_left=142.3min
2026-09-26 23:24:59,214 INFO BATCH france 400 records: exact=0.28s ann=0.00s model=0.34s total=0.64s 620.8 rows/s; time_left=142.3min
2026-09-26 23:24:59,833 INFO BATCH france 400 records: exact=0.26s ann=0.00s model=0.34s total=0.61s 651.6 rows/s; time_left=142.3min
2026-09-26 23:25:00,497 INFO BATCH france 400 records: exact=0.30s ann=0.00s model=0.34s total=0.66s 605.8 rows/s; time_left=142.2min
2026-09-26 23:25:01,158 INFO BATCH france 400 records: exact=0.28s ann=0.00s model=0.36s total=0.66s 608.7 rows/s; time_left=142.2min
2026-09-26 23:25:01,747 INFO BATCH france 400 records: exact=0.24s ann=0.00s model=0.33s total=0.58s 684.0 rows/s; time_left=142.2min
2026-09-26 23:25:02,381 INFO BATCH france 400 records: exact=0.25s ann=0.00s model=0.36s total=0.63s 635.0 rows/s; time_left=142.2min
2026-09-26 23:25:02,949 INFO BATCH france 400 records: exact=0.24s ann=0.00s model=0.31s total=0.57s 707.6 rows/s; time_left=142.2min
2026-09-26 23:25:03,519 INFO BATCH france 400 records: exact=0.23s ann=0.00s model=0.32s total=0.57s 705.6 rows/s; time_left=142.2min
2026-09-26 23:25:04,133 INFO BATCH france 400 records: exact=0.25s ann=0.00s model=0.35s total=0.61s 656.6 rows/s; time_left=142.2min
2026-09-26 23:25:04,781 INFO BATCH france 400 records: exact=0.28s ann=0.00s model=0.35s total=0.64s 620.8 rows/s; time_left=142.2min
2026-09-26 23:25:05,416 INFO BATCH france 400 records: exact=0.25s ann=0.00s model=0.36s total=0.63s 634.5 rows/s; time_left=142.2min
2026-09-26 23:25:05,990 INFO BATCH france 400 records: exact=0.23s ann=0.00s model=0.32s total=0.57s 701.5 rows/s; time_left=142.2min
2026-09-26 23:25:05,993 INFO PROGRESS 1630292/1732544 enhanced_rows=1291914 fallback_rows=0
2026-09-26 23:25:06,522 INFO BATCH france 400 records: exact=0.20s ann=0.00s model=0.31s total=0.53s 757.5 rows/s; time_left=142.1min
2026-09-26 23:25:07,163 INFO BATCH france 400 records: exact=0.27s ann=0.00s model=0.35s total=0.64s 628.6 rows/s; time_left=142.1min
2026-09-26 23:25:07,793 INFO BATCH france 400 records: exact=0.28s ann=0.00s model=0.33s total=0.63s 639.1 rows/s; time_left=142.1min
2026-09-26 23:25:08,446 INFO BATCH france 400 records: exact=0.29s ann=0.00s model=0.34s total=0.65s 615.5 rows/s; time_left=142.1min
2026-09-26 23:25:09,043 INFO BATCH france 400 records: exact=0.25s ann=0.00s model=0.32s total=0.59s 675.5 rows/s; time_left=142.1min
2026-09-26 23:25:09,762 INFO BATCH france 400 records: exact=0.33s ann=0.00s model=0.37s total=0.72s 558.7 rows/s; time_left=142.1min
2026-09-26 23:25:10,430 INFO BATCH france 400 records: exact=0.32s ann=0.00s model=0.33s total=0.66s 602.7 rows/s; time_left=142.1min
2026-09-26 23:25:11,130 INFO BATCH france 400 records: exact=0.32s ann=0.00s model=0.35s total=0.70s 575.5 rows/s; time_left=142.1min
2026-09-26 23:25:11,808 INFO BATCH france 400 records: exact=0.31s ann=0.00s model=0.34s total=0.67s 592.7 rows/s; time_left=142.1min
2026-09-26 23:25:12,453 INFO BATCH france 400 records: exact=0.29s ann=0.00s model=0.33s total=0.64s 623.9 rows/s; time_left=142.0min
2026-09-26 23:25:13,197 INFO BATCH france 400 records: exact=0.33s ann=0.00s model=0.39s total=0.74s 541.0 rows/s; time_left=142.0min
2026-09-26 23:25:13,943 INFO BATCH france 400 records: exact=0.37s ann=0.00s model=0.35s total=0.74s 539.3 rows/s; time_left=142.0min
2026-09-26 23:25:13,947 INFO PROGRESS 1635092/1732544 enhanced_rows=1296015 fallback_rows=0
2026-09-26 23:25:14,627 INFO BATCH france 400 records: exact=0.33s ann=0.00s model=0.34s total=0.68s 588.8 rows/s; time_left=142.0min
2026-09-26 23:25:15,320 INFO BATCH france 400 records: exact=0.32s ann=0.00s model=0.35s total=0.69s 580.8 rows/s; time_left=142.0min
2026-09-26 23:25:15,914 INFO BATCH france 400 records: exact=0.25s ann=0.00s model=0.32s total=0.59s 677.8 rows/s; time_left=142.0min
2026-09-26 23:25:16,548 INFO BATCH france 400 records: exact=0.28s ann=0.00s model=0.33s total=0.63s 634.4 rows/s; time_left=142.0min
2026-09-26 23:25:17,230 INFO BATCH france 400 records: exact=0.31s ann=0.00s model=0.35s total=0.68s 590.2 rows/s; time_left=142.0min
2026-09-26 23:25:17,936 INFO BATCH france 400 records: exact=0.34s ann=0.00s model=0.35s total=0.70s 569.7 rows/s; time_left=142.0min
2026-09-26 23:25:18,635 INFO BATCH france 400 records: exact=0.33s ann=0.00s model=0.35s total=0.69s 577.0 rows/s; time_left=141.9min
2026-09-26 23:25:19,280 INFO BATCH france 400 records: exact=0.31s ann=0.00s model=0.31s total=0.64s 624.1 rows/s; time_left=141.9min
2026-09-26 23:25:19,950 INFO BATCH france 400 records: exact=0.32s ann=0.00s model=0.33s total=0.67s 600.1 rows/s; time_left=141.9min
2026-09-26 23:25:20,690 INFO BATCH france 400 records: exact=0.38s ann=0.00s model=0.34s total=0.74s 543.4 rows/s; time_left=141.9min
2026-09-26 23:25:21,361 INFO BATCH france 400 records: exact=0.34s ann=0.00s model=0.31s total=0.67s 599.5 rows/s; time_left=141.9min
2026-09-26 23:25:22,127 INFO BATCH france 400 records: exact=0.41s ann=0.00s model=0.34s total=0.76s 525.0 rows/s; time_left=141.9min
2026-09-26 23:25:22,927 INFO BATCH france 400 records: exact=0.42s ann=0.00s model=0.36s total=0.80s 502.4 rows/s; time_left=141.9min
2026-09-26 23:25:22,931 INFO PROGRESS 1640292/1732544 enhanced_rows=1300421 fallback_rows=0
2026-09-26 23:25:23,626 INFO BATCH france 400 records: exact=0.36s ann=0.00s model=0.32s total=0.69s 576.1 rows/s; time_left=141.9min
2026-09-26 23:25:24,348 INFO BATCH france 400 records: exact=0.36s ann=0.00s model=0.34s total=0.72s 556.7 rows/s; time_left=141.9min
2026-09-26 23:25:25,010 INFO BATCH france 400 records: exact=0.35s ann=0.00s model=0.29s total=0.66s 607.4 rows/s; time_left=141.8min
2026-09-26 23:25:25,756 INFO BATCH france 400 records: exact=0.39s ann=0.00s model=0.34s total=0.74s 539.0 rows/s; time_left=141.8min
2026-09-26 23:25:26,595 INFO BATCH france 400 records: exact=0.45s ann=0.00s model=0.37s total=0.83s 479.1 rows/s; time_left=141.8min
2026-09-26 23:25:27,378 INFO BATCH france 400 records: exact=0.41s ann=0.00s model=0.35s total=0.78s 513.2 rows/s; time_left=141.8min
2026-09-26 23:25:28,065 INFO BATCH france 400 records: exact=0.35s ann=0.00s model=0.32s total=0.68s 585.6 rows/s; time_left=141.8min
2026-09-26 23:25:28,848 INFO BATCH france 400 records: exact=0.41s ann=0.00s model=0.35s total=0.78s 513.6 rows/s; time_left=141.8min
2026-09-26 23:25:29,542 INFO BATCH france 400 records: exact=0.34s ann=0.00s model=0.33s total=0.69s 579.8 rows/s; time_left=141.8min
2026-09-26 23:25:30,281 INFO BATCH france 400 records: exact=0.39s ann=0.00s model=0.33s total=0.74s 544.1 rows/s; time_left=141.8min
2026-09-26 23:25:30,994 INFO BATCH france 400 records: exact=0.36s ann=0.00s model=0.34s total=0.71s 564.1 rows/s; time_left=141.7min
2026-09-26 23:25:31,710 INFO BATCH france 400 records: exact=0.35s ann=0.00s model=0.35s total=0.71s 561.4 rows/s; time_left=141.7min
2026-09-26 23:25:31,713 INFO PROGRESS 1645092/1732544 enhanced_rows=1304523 fallback_rows=0
2026-09-26 23:25:32,381 INFO BATCH france 400 records: exact=0.33s ann=0.00s model=0.33s total=0.67s 599.5 rows/s; time_left=141.7min
2026-09-26 23:25:33,080 INFO BATCH france 400 records: exact=0.34s ann=0.00s model=0.34s total=0.69s 576.4 rows/s; time_left=141.7min
2026-09-26 23:25:33,761 INFO BATCH france 400 records: exact=0.33s ann=0.00s model=0.33s total=0.68s 591.3 rows/s; time_left=141.7min
2026-09-26 23:25:34,510 INFO BATCH france 400 records: exact=0.40s ann=0.00s model=0.33s total=0.74s 537.2 rows/s; time_left=141.7min
2026-09-26 23:25:35,395 INFO BATCH france 400 records: exact=0.51s ann=0.00s model=0.35s total=0.88s 454.2 rows/s; time_left=141.7min
2026-09-26 23:25:36,603 INFO BATCH france 400 records: exact=0.82s ann=0.00s model=0.36s total=1.20s 332.5 rows/s; time_left=141.6min
2026-09-26 23:25:37,862 INFO BATCH france 400 records: exact=0.88s ann=0.00s model=0.36s total=1.25s 318.8 rows/s; time_left=141.6min
2026-09-26 23:25:38,795 INFO BATCH france 400 records: exact=0.60s ann=0.00s model=0.31s total=0.93s 430.6 rows/s; time_left=141.6min
2026-09-26 23:25:39,783 INFO BATCH france 400 records: exact=0.61s ann=0.00s model=0.35s total=0.98s 407.0 rows/s; time_left=141.6min
2026-09-26 23:25:40,848 INFO BATCH france 400 records: exact=0.67s ann=0.00s model=0.38s total=1.06s 377.0 rows/s; time_left=141.6min
2026-09-26 23:25:41,996 INFO BATCH france 400 records: exact=0.76s ann=0.00s model=0.37s total=1.14s 349.6 rows/s; time_left=141.6min
2026-09-26 23:25:43,065 INFO BATCH france 400 records: exact=0.70s ann=0.00s model=0.35s total=1.07s 375.1 rows/s; time_left=141.5min
2026-09-26 23:25:44,091 INFO BATCH france 400 records: exact=0.66s ann=0.00s model=0.34s total=1.02s 391.6 rows/s; time_left=141.5min
2026-09-26 23:25:44,094 INFO PROGRESS 1650292/1732544 enhanced_rows=1308914 fallback_rows=0
2026-09-26 23:25:44,944 INFO BATCH france 400 records: exact=0.50s ann=0.00s model=0.34s total=0.85s 471.5 rows/s; time_left=141.5min
2026-09-26 23:25:45,838 INFO BATCH france 400 records: exact=0.51s ann=0.00s model=0.37s total=0.89s 449.2 rows/s; time_left=141.5min
2026-09-26 23:25:46,747 INFO BATCH france 400 records: exact=0.53s ann=0.00s model=0.36s total=0.90s 442.8 rows/s; time_left=141.5min
2026-09-26 23:25:47,643 INFO BATCH france 400 records: exact=0.48s ann=0.00s model=0.40s total=0.89s 448.0 rows/s; time_left=141.5min
2026-09-26 23:25:48,402 INFO BATCH france 400 records: exact=0.42s ann=0.00s model=0.32s total=0.76s 529.7 rows/s; time_left=141.4min
2026-09-26 23:25:49,521 INFO BATCH france 400 records: exact=0.72s ann=0.00s model=0.37s total=1.11s 360.6 rows/s; time_left=141.4min
2026-09-26 23:25:51,000 INFO BATCH france 400 records: exact=1.09s ann=0.00s model=0.36s total=1.47s 271.9 rows/s; time_left=141.4min
2026-09-26 23:25:52,320 INFO BATCH france 400 records: exact=0.92s ann=0.00s model=0.38s total=1.31s 304.6 rows/s; time_left=141.4min
2026-09-26 23:25:53,625 INFO BATCH france 400 records: exact=0.93s ann=0.00s model=0.35s total=1.30s 308.3 rows/s; time_left=141.4min
2026-09-26 23:25:54,813 INFO BATCH france 400 records: exact=0.84s ann=0.00s model=0.32s total=1.18s 338.8 rows/s; time_left=141.3min
2026-09-26 23:25:56,256 INFO BATCH france 400 records: exact=1.07s ann=0.00s model=0.35s total=1.44s 278.5 rows/s; time_left=141.3min
2026-09-26 23:25:57,209 INFO BATCH france 400 records: exact=0.58s ann=0.00s model=0.34s total=0.95s 422.3 rows/s; time_left=141.3min
2026-09-26 23:25:57,215 INFO PROGRESS 1655092/1732544 enhanced_rows=1312985 fallback_rows=0
2026-09-26 23:25:58,151 INFO BATCH france 400 records: exact=0.58s ann=0.00s model=0.34s total=0.93s 428.0 rows/s; time_left=141.3min
2026-09-26 23:25:59,369 INFO BATCH france 400 records: exact=0.84s ann=0.00s model=0.35s total=1.21s 330.1 rows/s; time_left=141.3min
2026-09-26 23:26:00,517 INFO BATCH france 400 records: exact=0.77s ann=0.00s model=0.35s total=1.14s 350.6 rows/s; time_left=141.2min
2026-09-26 23:26:01,606 INFO BATCH france 400 records: exact=0.72s ann=0.00s model=0.34s total=1.08s 369.3 rows/s; time_left=141.2min
2026-09-26 23:26:02,747 INFO BATCH france 400 records: exact=0.74s ann=0.00s model=0.38s total=1.13s 352.4 rows/s; time_left=141.2min
2026-09-26 23:26:03,984 INFO BATCH france 400 records: exact=0.86s ann=0.00s model=0.35s total=1.23s 325.2 rows/s; time_left=141.2min
2026-09-26 23:26:05,173 INFO BATCH france 400 records: exact=0.79s ann=0.00s model=0.37s total=1.18s 338.4 rows/s; time_left=141.2min
2026-09-26 23:26:06,348 INFO BATCH france 400 records: exact=0.79s ann=0.00s model=0.36s total=1.17s 342.7 rows/s; time_left=141.2min
2026-09-26 23:26:07,354 INFO BATCH france 400 records: exact=0.63s ann=0.00s model=0.34s total=1.00s 400.2 rows/s; time_left=141.1min
2026-09-26 23:26:08,459 INFO BATCH france 400 records: exact=0.69s ann=0.00s model=0.39s total=1.10s 364.4 rows/s; time_left=141.1min
2026-09-26 23:26:09,662 INFO BATCH france 400 records: exact=0.81s ann=0.00s model=0.36s total=1.20s 334.5 rows/s; time_left=141.1min
2026-09-26 23:26:10,875 INFO BATCH france 400 records: exact=0.81s ann=0.00s model=0.37s total=1.21s 331.9 rows/s; time_left=141.1min
2026-09-26 23:26:11,815 INFO BATCH france 400 records: exact=0.57s ann=0.00s model=0.34s total=0.93s 428.3 rows/s; time_left=141.1min
2026-09-26 23:26:11,822 INFO PROGRESS 1660292/1732544 enhanced_rows=1317385 fallback_rows=0
2026-09-26 23:26:12,708 INFO BATCH france 400 records: exact=0.51s ann=0.00s model=0.35s total=0.89s 451.7 rows/s; time_left=141.0min
2026-09-26 23:26:13,678 INFO BATCH france 400 records: exact=0.56s ann=0.00s model=0.38s total=0.96s 414.8 rows/s; time_left=141.0min
2026-09-26 23:26:14,658 INFO BATCH france 400 records: exact=0.58s ann=0.00s model=0.37s total=0.97s 411.2 rows/s; time_left=141.0min
2026-09-26 23:26:15,521 INFO BATCH france 400 records: exact=0.47s ann=0.00s model=0.36s total=0.86s 467.8 rows/s; time_left=141.0min
2026-09-26 23:26:16,396 INFO BATCH france 400 records: exact=0.49s ann=0.00s model=0.36s total=0.87s 460.7 rows/s; time_left=141.0min
2026-09-26 23:26:17,127 INFO BATCH france 400 records: exact=0.36s ann=0.00s model=0.34s total=0.72s 551.8 rows/s; time_left=141.0min
2026-09-26 23:26:18,150 INFO BATCH france 400 records: exact=0.63s ann=0.00s model=0.37s total=1.02s 393.8 rows/s; time_left=141.0min
2026-09-26 23:26:19,116 INFO BATCH france 400 records: exact=0.60s ann=0.00s model=0.33s total=0.96s 417.1 rows/s; time_left=140.9min
2026-09-26 23:26:20,235 INFO BATCH france 400 records: exact=0.75s ann=0.00s model=0.35s total=1.11s 359.3 rows/s; time_left=140.9min
2026-09-26 23:26:21,263 INFO BATCH france 400 records: exact=0.66s ann=0.00s model=0.34s total=1.02s 391.7 rows/s; time_left=140.9min
2026-09-26 23:26:22,607 INFO BATCH france 400 records: exact=0.97s ann=0.00s model=0.34s total=1.34s 299.1 rows/s; time_left=140.9min
2026-09-26 23:26:23,846 INFO BATCH france 400 records: exact=0.83s ann=0.00s model=0.37s total=1.23s 324.5 rows/s; time_left=140.9min
2026-09-26 23:26:23,853 INFO PROGRESS 1665092/1732544 enhanced_rows=1321485 fallback_rows=0
2026-09-26 23:26:25,266 INFO BATCH france 400 records: exact=0.99s ann=0.00s model=0.39s total=1.41s 283.3 rows/s; time_left=140.8min
2026-09-26 23:26:26,704 INFO BATCH france 400 records: exact=1.02s ann=0.00s model=0.38s total=1.43s 279.6 rows/s; time_left=140.8min
2026-09-26 23:26:27,898 INFO BATCH france 400 records: exact=0.81s ann=0.00s model=0.35s total=1.19s 337.0 rows/s; time_left=140.8min
2026-09-26 23:26:29,021 INFO BATCH france 400 records: exact=0.70s ann=0.00s model=0.38s total=1.12s 358.3 rows/s; time_left=140.8min
2026-09-26 23:26:30,277 INFO BATCH france 400 records: exact=0.86s ann=0.00s model=0.36s total=1.25s 320.4 rows/s; time_left=140.8min
2026-09-26 23:26:31,561 INFO BATCH france 400 records: exact=0.88s ann=0.00s model=0.37s total=1.28s 313.4 rows/s; time_left=140.7min
2026-09-26 23:26:32,628 INFO BATCH france 400 records: exact=0.69s ann=0.00s model=0.34s total=1.06s 377.1 rows/s; time_left=140.7min
2026-09-26 23:26:34,244 INFO BATCH france 400 records: exact=0.68s ann=0.00s model=0.90s total=1.61s 248.7 rows/s; time_left=140.7min
2026-09-26 23:26:35,280 INFO BATCH france 400 records: exact=0.67s ann=0.00s model=0.33s total=1.03s 389.1 rows/s; time_left=140.7min
2026-09-26 23:26:36,193 INFO BATCH france 400 records: exact=0.54s ann=0.00s model=0.34s total=0.91s 441.5 rows/s; time_left=140.7min
2026-09-26 23:26:37,407 INFO BATCH france 400 records: exact=0.83s ann=0.00s model=0.34s total=1.21s 331.2 rows/s; time_left=140.6min
2026-09-26 23:26:38,767 INFO BATCH france 400 records: exact=0.94s ann=0.00s model=0.38s total=1.35s 295.5 rows/s; time_left=140.6min
2026-09-26 23:26:39,960 INFO BATCH france 400 records: exact=0.79s ann=0.00s model=0.36s total=1.19s 337.4 rows/s; time_left=140.6min
2026-09-26 23:26:39,967 INFO PROGRESS 1670292/1732544 enhanced_rows=1325914 fallback_rows=0
2026-09-26 23:26:41,176 INFO BATCH france 400 records: exact=0.83s ann=0.00s model=0.36s total=1.21s 331.1 rows/s; time_left=140.6min
2026-09-26 23:26:42,223 INFO BATCH france 400 records: exact=0.68s ann=0.00s model=0.33s total=1.04s 384.6 rows/s; time_left=140.6min
2026-09-26 23:26:43,261 INFO BATCH france 400 records: exact=0.66s ann=0.00s model=0.34s total=1.03s 387.6 rows/s; time_left=140.5min
2026-09-26 23:26:44,200 INFO BATCH france 400 records: exact=0.55s ann=0.00s model=0.36s total=0.93s 429.4 rows/s; time_left=140.5min
2026-09-26 23:26:45,432 INFO BATCH france 400 records: exact=0.83s ann=0.00s model=0.37s total=1.23s 326.2 rows/s; time_left=140.5min
2026-09-26 23:26:46,701 INFO BATCH france 400 records: exact=0.90s ann=0.00s model=0.33s total=1.26s 317.3 rows/s; time_left=140.5min
2026-09-26 23:26:47,805 INFO BATCH france 400 records: exact=0.72s ann=0.00s model=0.35s total=1.10s 364.6 rows/s; time_left=140.5min
2026-09-26 23:26:48,777 INFO BATCH france 400 records: exact=0.57s ann=0.00s model=0.36s total=0.97s 414.2 rows/s; time_left=140.4min
2026-09-26 23:26:50,128 INFO BATCH france 400 records: exact=0.98s ann=0.00s model=0.34s total=1.34s 297.4 rows/s; time_left=140.4min
2026-09-26 23:26:51,077 INFO BATCH france 400 records: exact=0.57s ann=0.00s model=0.33s total=0.94s 424.6 rows/s; time_left=140.4min
2026-09-26 23:26:52,178 INFO BATCH france 400 records: exact=0.71s ann=0.00s model=0.36s total=1.10s 365.2 rows/s; time_left=140.4min
2026-09-26 23:26:53,222 INFO BATCH france 400 records: exact=0.67s ann=0.00s model=0.34s total=1.04s 385.5 rows/s; time_left=140.4min
2026-09-26 23:26:53,228 INFO PROGRESS 1675092/1732544 enhanced_rows=1329969 fallback_rows=0
2026-09-26 23:26:54,494 INFO BATCH france 400 records: exact=0.84s ann=0.00s model=0.39s total=1.27s 316.2 rows/s; time_left=140.3min
2026-09-26 23:26:55,606 INFO BATCH france 400 records: exact=0.62s ann=0.00s model=0.46s total=1.10s 362.4 rows/s; time_left=140.3min
2026-09-26 23:26:56,695 INFO BATCH france 400 records: exact=0.67s ann=0.00s model=0.38s total=1.08s 369.8 rows/s; time_left=140.3min
2026-09-26 23:26:57,795 INFO BATCH france 400 records: exact=0.66s ann=0.00s model=0.40s total=1.09s 366.4 rows/s; time_left=140.3min
2026-09-26 23:26:58,878 INFO BATCH france 400 records: exact=0.63s ann=0.00s model=0.40s total=1.08s 371.5 rows/s; time_left=140.3min
2026-09-26 23:26:59,838 INFO BATCH france 400 records: exact=0.55s ann=0.00s model=0.38s total=0.95s 420.5 rows/s; time_left=140.3min
2026-09-26 23:27:01,029 INFO BATCH france 400 records: exact=0.74s ann=0.00s model=0.42s total=1.18s 337.8 rows/s; time_left=140.2min
2026-09-26 23:27:01,945 INFO BATCH france 400 records: exact=0.50s ann=0.00s model=0.38s total=0.91s 439.7 rows/s; time_left=140.2min
2026-09-26 23:27:02,907 INFO BATCH france 400 records: exact=0.57s ann=0.00s model=0.36s total=0.95s 419.6 rows/s; time_left=140.2min
2026-09-26 23:27:04,181 INFO BATCH france 400 records: exact=0.85s ann=0.00s model=0.38s total=1.27s 315.6 rows/s; time_left=140.2min
2026-09-26 23:27:05,078 INFO BATCH france 400 records: exact=0.53s ann=0.00s model=0.32s total=0.89s 450.0 rows/s; time_left=140.2min
2026-09-26 23:27:06,445 INFO BATCH france 400 records: exact=0.97s ann=0.00s model=0.34s total=1.36s 294.1 rows/s; time_left=140.1min
2026-09-26 23:27:08,317 INFO BATCH france 400 records: exact=1.44s ann=0.00s model=0.38s total=1.86s 214.9 rows/s; time_left=140.1min
2026-09-26 23:27:08,323 INFO PROGRESS 1680292/1732544 enhanced_rows=1334385 fallback_rows=0
2026-09-26 23:27:10,103 INFO BATCH france 400 records: exact=1.32s ann=0.00s model=0.39s total=1.78s 224.9 rows/s; time_left=140.1min
2026-09-26 23:27:11,303 INFO BATCH france 400 records: exact=0.78s ann=0.00s model=0.37s total=1.19s 335.4 rows/s; time_left=140.1min
2026-09-26 23:27:12,666 INFO BATCH france 400 records: exact=0.96s ann=0.00s model=0.36s total=1.35s 295.3 rows/s; time_left=140.0min
2026-09-26 23:27:13,918 INFO BATCH france 400 records: exact=0.86s ann=0.00s model=0.35s total=1.24s 321.7 rows/s; time_left=140.0min
2026-09-26 23:27:15,116 INFO BATCH france 400 records: exact=0.77s ann=0.00s model=0.39s total=1.19s 336.8 rows/s; time_left=140.0min
2026-09-26 23:27:16,457 INFO BATCH france 400 records: exact=0.88s ann=0.00s model=0.41s total=1.33s 300.7 rows/s; time_left=140.0min
2026-09-26 23:27:17,599 INFO BATCH france 400 records: exact=0.70s ann=0.00s model=0.38s total=1.13s 353.5 rows/s; time_left=140.0min
2026-09-26 23:27:18,766 INFO BATCH france 400 records: exact=0.74s ann=0.00s model=0.39s total=1.16s 345.6 rows/s; time_left=139.9min
2026-09-26 23:27:19,803 INFO BATCH france 400 records: exact=0.63s ann=0.00s model=0.37s total=1.03s 388.9 rows/s; time_left=139.9min
2026-09-26 23:27:20,751 INFO BATCH france 400 records: exact=0.51s ann=0.00s model=0.39s total=0.94s 425.7 rows/s; time_left=139.9min
2026-09-26 23:27:21,771 INFO BATCH france 400 records: exact=0.60s ann=0.00s model=0.39s total=1.01s 395.4 rows/s; time_left=139.9min
2026-09-26 23:27:23,210 INFO BATCH france 400 records: exact=1.02s ann=0.00s model=0.37s total=1.43s 279.8 rows/s; time_left=139.9min
2026-09-26 23:27:23,217 INFO PROGRESS 1685092/1732544 enhanced_rows=1338457 fallback_rows=0
2026-09-26 23:27:24,313 INFO BATCH france 400 records: exact=0.69s ann=0.00s model=0.35s total=1.10s 365.1 rows/s; time_left=139.9min
2026-09-26 23:27:25,492 INFO BATCH france 400 records: exact=0.76s ann=0.00s model=0.37s total=1.17s 341.3 rows/s; time_left=139.8min
2026-09-26 23:27:27,003 INFO BATCH france 400 records: exact=1.06s ann=0.00s model=0.40s total=1.50s 266.2 rows/s; time_left=139.8min
2026-09-26 23:27:28,245 INFO BATCH france 400 records: exact=0.85s ann=0.00s model=0.34s total=1.23s 324.1 rows/s; time_left=139.8min
2026-09-26 23:27:29,505 INFO BATCH france 400 records: exact=0.85s ann=0.00s model=0.37s total=1.25s 319.5 rows/s; time_left=139.8min
2026-09-26 23:27:30,743 INFO BATCH france 400 records: exact=0.82s ann=0.00s model=0.37s total=1.23s 325.2 rows/s; time_left=139.7min
2026-09-26 23:27:32,075 INFO BATCH france 400 records: exact=0.93s ann=0.00s model=0.36s total=1.32s 302.0 rows/s; time_left=139.7min
2026-09-26 23:27:33,584 INFO BATCH france 400 records: exact=1.10s ann=0.00s model=0.37s total=1.50s 266.3 rows/s; time_left=139.7min
2026-09-26 23:27:34,505 INFO BATCH france 400 records: exact=0.55s ann=0.00s model=0.33s total=0.91s 437.5 rows/s; time_left=139.7min
2026-09-26 23:27:35,905 INFO BATCH france 400 records: exact=0.99s ann=0.00s model=0.36s total=1.39s 287.2 rows/s; time_left=139.7min
2026-09-26 23:27:37,106 INFO BATCH france 400 records: exact=0.82s ann=0.00s model=0.34s total=1.19s 335.1 rows/s; time_left=139.6min
2026-09-26 23:27:38,580 INFO BATCH france 400 records: exact=1.10s ann=0.00s model=0.33s total=1.47s 272.8 rows/s; time_left=139.6min
2026-09-26 23:27:39,795 INFO BATCH france 400 records: exact=0.84s ann=0.00s model=0.33s total=1.21s 330.9 rows/s; time_left=139.6min
2026-09-26 23:27:39,801 INFO PROGRESS 1690292/1732544 enhanced_rows=1342869 fallback_rows=0
2026-09-26 23:27:41,069 INFO BATCH france 400 records: exact=0.91s ann=0.00s model=0.33s total=1.27s 315.8 rows/s; time_left=139.6min
2026-09-26 23:27:42,122 INFO BATCH france 400 records: exact=0.69s ann=0.00s model=0.32s total=1.05s 382.8 rows/s; time_left=139.6min
2026-09-26 23:27:43,287 INFO BATCH france 400 records: exact=0.77s ann=0.00s model=0.34s total=1.16s 345.5 rows/s; time_left=139.5min
2026-09-26 23:27:44,369 INFO BATCH france 400 records: exact=0.67s ann=0.00s model=0.37s total=1.08s 371.8 rows/s; time_left=139.5min
2026-09-26 23:27:45,675 INFO BATCH france 400 records: exact=0.90s ann=0.00s model=0.36s total=1.30s 307.8 rows/s; time_left=139.5min
2026-09-26 23:27:46,834 INFO BATCH france 400 records: exact=0.77s ann=0.00s model=0.36s total=1.15s 346.5 rows/s; time_left=139.5min
2026-09-26 23:27:48,095 INFO BATCH france 400 records: exact=0.89s ann=0.00s model=0.34s total=1.26s 318.3 rows/s; time_left=139.5min
2026-09-26 23:27:49,268 INFO BATCH france 400 records: exact=0.81s ann=0.00s model=0.32s total=1.17s 342.4 rows/s; time_left=139.4min
2026-09-26 23:27:50,544 INFO BATCH france 400 records: exact=0.85s ann=0.00s model=0.39s total=1.27s 314.4 rows/s; time_left=139.4min
2026-09-26 23:27:51,715 INFO BATCH france 400 records: exact=0.78s ann=0.00s model=0.35s total=1.17s 343.3 rows/s; time_left=139.4min
2026-09-26 23:27:52,869 INFO BATCH france 400 records: exact=0.75s ann=0.00s model=0.37s total=1.15s 348.0 rows/s; time_left=139.4min
2026-09-26 23:27:53,947 INFO BATCH france 400 records: exact=0.67s ann=0.00s model=0.37s total=1.07s 372.8 rows/s; time_left=139.4min
2026-09-26 23:27:53,951 INFO PROGRESS 1695092/1732544 enhanced_rows=1346947 fallback_rows=0
2026-09-26 23:27:55,073 INFO BATCH france 400 records: exact=0.71s ann=0.00s model=0.39s total=1.12s 356.8 rows/s; time_left=139.3min
2026-09-26 23:27:56,096 INFO BATCH france 400 records: exact=0.59s ann=0.00s model=0.39s total=1.02s 393.4 rows/s; time_left=139.3min
2026-09-26 23:27:57,100 INFO BATCH france 400 records: exact=0.63s ann=0.00s model=0.34s total=1.00s 399.9 rows/s; time_left=139.3min
2026-09-26 23:27:58,121 INFO BATCH france 400 records: exact=0.64s ann=0.00s model=0.35s total=1.02s 393.7 rows/s; time_left=139.3min
2026-09-26 23:27:59,045 INFO BATCH france 400 records: exact=0.55s ann=0.00s model=0.33s total=0.92s 434.9 rows/s; time_left=139.3min
2026-09-26 23:28:00,346 INFO BATCH france 400 records: exact=0.91s ann=0.00s model=0.37s total=1.30s 308.4 rows/s; time_left=139.3min
2026-09-26 23:28:01,375 INFO BATCH france 400 records: exact=0.67s ann=0.00s model=0.32s total=1.02s 391.5 rows/s; time_left=139.2min
2026-09-26 23:28:02,640 INFO BATCH france 400 records: exact=0.88s ann=0.00s model=0.35s total=1.26s 317.7 rows/s; time_left=139.2min
2026-09-26 23:28:03,862 INFO BATCH france 400 records: exact=0.84s ann=0.00s model=0.34s total=1.22s 329.2 rows/s; time_left=139.2min
2026-09-26 23:28:05,211 INFO BATCH france 400 records: exact=0.94s ann=0.00s model=0.38s total=1.34s 297.9 rows/s; time_left=139.2min
2026-09-26 23:28:06,367 INFO BATCH france 400 records: exact=0.78s ann=0.00s model=0.33s total=1.15s 348.1 rows/s; time_left=139.2min
2026-09-26 23:28:07,272 INFO BATCH france 400 records: exact=0.56s ann=0.00s model=0.31s total=0.90s 445.6 rows/s; time_left=139.1min
2026-09-26 23:28:08,620 INFO BATCH france 400 records: exact=0.95s ann=0.00s model=0.35s total=1.34s 298.5 rows/s; time_left=139.1min
2026-09-26 23:28:08,630 INFO PROGRESS 1700292/1732544 enhanced_rows=1351375 fallback_rows=0
2026-09-26 23:28:09,738 INFO BATCH france 400 records: exact=0.72s ann=0.00s model=0.36s total=1.11s 361.3 rows/s; time_left=139.1min
2026-09-26 23:28:10,543 INFO BATCH france 400 records: exact=0.44s ann=0.00s model=0.33s total=0.80s 502.0 rows/s; time_left=139.1min
2026-09-26 23:28:11,502 INFO BATCH france 400 records: exact=0.57s ann=0.00s model=0.35s total=0.95s 420.3 rows/s; time_left=139.1min
2026-09-26 23:28:12,339 INFO BATCH france 400 records: exact=0.47s ann=0.00s model=0.33s total=0.83s 481.6 rows/s; time_left=139.1min
2026-09-26 23:28:13,186 INFO BATCH france 400 records: exact=0.47s ann=0.00s model=0.33s total=0.84s 475.8 rows/s; time_left=139.0min
2026-09-26 23:28:14,131 INFO BATCH france 400 records: exact=0.57s ann=0.00s model=0.33s total=0.94s 426.6 rows/s; time_left=139.0min
2026-09-26 23:28:14,990 INFO BATCH france 400 records: exact=0.48s ann=0.00s model=0.34s total=0.85s 469.1 rows/s; time_left=139.0min
2026-09-26 23:28:15,957 INFO BATCH france 400 records: exact=0.58s ann=0.00s model=0.34s total=0.96s 416.2 rows/s; time_left=139.0min
2026-09-26 23:28:17,006 INFO BATCH france 400 records: exact=0.65s ann=0.00s model=0.36s total=1.04s 383.7 rows/s; time_left=139.0min
2026-09-26 23:28:17,913 INFO BATCH france 400 records: exact=0.52s ann=0.00s model=0.36s total=0.90s 444.1 rows/s; time_left=139.0min
2026-09-26 23:28:18,814 INFO BATCH france 400 records: exact=0.52s ann=0.00s model=0.36s total=0.90s 446.8 rows/s; time_left=138.9min
2026-09-26 23:28:19,756 INFO BATCH france 400 records: exact=0.56s ann=0.00s model=0.34s total=0.93s 428.0 rows/s; time_left=138.9min
2026-09-26 23:28:19,762 INFO PROGRESS 1705092/1732544 enhanced_rows=1355436 fallback_rows=0
2026-09-26 23:28:20,497 INFO BATCH france 400 records: exact=0.40s ann=0.00s model=0.31s total=0.73s 544.8 rows/s; time_left=138.9min
2026-09-26 23:28:21,312 INFO BATCH france 400 records: exact=0.44s ann=0.00s model=0.33s total=0.81s 496.0 rows/s; time_left=138.9min
2026-09-26 23:28:22,184 INFO BATCH france 400 records: exact=0.52s ann=0.00s model=0.33s total=0.87s 461.3 rows/s; time_left=138.9min
2026-09-26 23:28:23,030 INFO BATCH france 400 records: exact=0.48s ann=0.00s model=0.33s total=0.84s 476.6 rows/s; time_left=138.9min
2026-09-26 23:28:23,842 INFO BATCH france 400 records: exact=0.44s ann=0.00s model=0.34s total=0.80s 497.3 rows/s; time_left=138.9min
2026-09-26 23:28:24,715 INFO BATCH france 400 records: exact=0.49s ann=0.00s model=0.35s total=0.87s 461.8 rows/s; time_left=138.8min
2026-09-26 23:28:25,522 INFO BATCH france 400 records: exact=0.46s ann=0.00s model=0.32s total=0.80s 499.8 rows/s; time_left=138.8min
2026-09-26 23:28:26,417 INFO BATCH france 400 records: exact=0.50s ann=0.00s model=0.35s total=0.89s 449.9 rows/s; time_left=138.8min
2026-09-26 23:28:27,188 INFO BATCH france 400 records: exact=0.41s ann=0.00s model=0.34s total=0.76s 523.3 rows/s; time_left=138.8min
2026-09-26 23:28:28,013 INFO BATCH france 400 records: exact=0.44s ann=0.00s model=0.35s total=0.82s 489.0 rows/s; time_left=138.8min
2026-09-26 23:28:28,839 INFO BATCH france 400 records: exact=0.46s ann=0.00s model=0.33s total=0.82s 487.9 rows/s; time_left=138.8min
2026-09-26 23:28:29,586 INFO BATCH france 400 records: exact=0.39s ann=0.00s model=0.33s total=0.74s 540.7 rows/s; time_left=138.8min
2026-09-26 23:28:30,316 INFO BATCH france 400 records: exact=0.37s ann=0.00s model=0.33s total=0.72s 552.6 rows/s; time_left=138.8min
2026-09-26 23:28:30,321 INFO PROGRESS 1710292/1732544 enhanced_rows=1359806 fallback_rows=0
2026-09-26 23:28:31,101 INFO BATCH france 400 records: exact=0.38s ann=0.00s model=0.37s total=0.78s 513.3 rows/s; time_left=138.7min
2026-09-26 23:28:31,836 INFO BATCH france 400 records: exact=0.37s ann=0.00s model=0.33s total=0.73s 548.7 rows/s; time_left=138.7min
2026-09-26 23:28:32,623 INFO BATCH france 400 records: exact=0.40s ann=0.00s model=0.35s total=0.78s 513.0 rows/s; time_left=138.7min
2026-09-26 23:28:33,372 INFO BATCH france 400 records: exact=0.38s ann=0.00s model=0.33s total=0.74s 538.9 rows/s; time_left=138.7min
2026-09-26 23:28:34,122 INFO BATCH france 400 records: exact=0.38s ann=0.00s model=0.34s total=0.74s 538.1 rows/s; time_left=138.7min
2026-09-26 23:28:34,895 INFO BATCH france 400 records: exact=0.37s ann=0.00s model=0.37s total=0.77s 521.4 rows/s; time_left=138.7min
2026-09-26 23:28:35,562 INFO BATCH france 400 records: exact=0.33s ann=0.00s model=0.31s total=0.66s 605.1 rows/s; time_left=138.7min
2026-09-26 23:28:36,273 INFO BATCH france 400 records: exact=0.32s ann=0.00s model=0.35s total=0.70s 567.5 rows/s; time_left=138.7min
2026-09-26 23:28:36,983 INFO BATCH france 400 records: exact=0.34s ann=0.00s model=0.34s total=0.70s 568.0 rows/s; time_left=138.6min
2026-09-26 23:28:37,717 INFO BATCH france 400 records: exact=0.35s ann=0.00s model=0.35s total=0.73s 549.9 rows/s; time_left=138.6min
2026-09-26 23:28:38,527 INFO BATCH france 400 records: exact=0.41s ann=0.00s model=0.36s total=0.80s 498.0 rows/s; time_left=138.6min
2026-09-26 23:28:39,362 INFO BATCH france 400 records: exact=0.44s ann=0.00s model=0.36s total=0.83s 483.3 rows/s; time_left=138.6min
2026-09-26 23:28:39,368 INFO PROGRESS 1715092/1732544 enhanced_rows=1363913 fallback_rows=0
2026-09-26 23:28:40,105 INFO BATCH france 400 records: exact=0.34s ann=0.00s model=0.36s total=0.74s 543.6 rows/s; time_left=138.6min
2026-09-26 23:28:40,765 INFO BATCH france 400 records: exact=0.30s ann=0.00s model=0.33s total=0.65s 612.3 rows/s; time_left=138.6min
2026-09-26 23:28:41,469 INFO BATCH france 400 records: exact=0.33s ann=0.00s model=0.34s total=0.70s 573.7 rows/s; time_left=138.6min
2026-09-26 23:28:42,126 INFO BATCH france 400 records: exact=0.31s ann=0.00s model=0.32s total=0.65s 617.3 rows/s; time_left=138.6min
2026-09-26 23:28:42,899 INFO BATCH france 400 records: exact=0.42s ann=0.00s model=0.32s total=0.77s 522.5 rows/s; time_left=138.5min
2026-09-26 23:28:43,592 INFO BATCH france 400 records: exact=0.32s ann=0.00s model=0.34s total=0.69s 582.9 rows/s; time_left=138.5min
2026-09-26 23:28:44,308 INFO BATCH france 400 records: exact=0.34s ann=0.00s model=0.34s total=0.71s 563.3 rows/s; time_left=138.5min
2026-09-26 23:28:44,984 INFO BATCH france 400 records: exact=0.32s ann=0.00s model=0.32s total=0.67s 598.0 rows/s; time_left=138.5min
2026-09-26 23:28:45,680 INFO BATCH france 400 records: exact=0.32s ann=0.00s model=0.35s total=0.69s 579.9 rows/s; time_left=138.5min
2026-09-26 23:28:46,380 INFO BATCH france 400 records: exact=0.32s ann=0.00s model=0.35s total=0.69s 576.0 rows/s; time_left=138.5min
2026-09-26 23:28:47,064 INFO BATCH france 400 records: exact=0.28s ann=0.00s model=0.37s total=0.68s 591.4 rows/s; time_left=138.5min
2026-09-26 23:28:47,777 INFO BATCH france 400 records: exact=0.32s ann=0.00s model=0.36s total=0.71s 566.8 rows/s; time_left=138.5min
2026-09-26 23:28:48,496 INFO BATCH france 400 records: exact=0.35s ann=0.00s model=0.34s total=0.71s 562.0 rows/s; time_left=138.4min
2026-09-26 23:28:48,502 INFO PROGRESS 1720292/1732544 enhanced_rows=1368323 fallback_rows=0
2026-09-26 23:28:49,214 INFO BATCH france 400 records: exact=0.32s ann=0.00s model=0.36s total=0.71s 561.9 rows/s; time_left=138.4min
2026-09-26 23:28:49,941 INFO BATCH france 400 records: exact=0.34s ann=0.00s model=0.36s total=0.72s 555.8 rows/s; time_left=138.4min
2026-09-26 23:28:50,646 INFO BATCH france 400 records: exact=0.32s ann=0.00s model=0.36s total=0.70s 572.0 rows/s; time_left=138.4min
2026-09-26 23:28:51,329 INFO BATCH france 400 records: exact=0.31s ann=0.00s model=0.34s total=0.68s 592.0 rows/s; time_left=138.4min
2026-09-26 23:28:52,073 INFO BATCH france 400 records: exact=0.34s ann=0.00s model=0.37s total=0.74s 543.2 rows/s; time_left=138.4min
2026-09-26 23:28:52,790 INFO BATCH france 400 records: exact=0.34s ann=0.00s model=0.35s total=0.71s 562.7 rows/s; time_left=138.4min
2026-09-26 23:28:53,404 INFO BATCH france 400 records: exact=0.27s ann=0.00s model=0.31s total=0.61s 658.1 rows/s; time_left=138.4min
2026-09-26 23:28:54,071 INFO BATCH france 400 records: exact=0.30s ann=0.00s model=0.34s total=0.66s 606.8 rows/s; time_left=138.4min
2026-09-26 23:28:54,779 INFO BATCH france 400 records: exact=0.31s ann=0.00s model=0.36s total=0.70s 570.2 rows/s; time_left=138.3min
2026-09-26 23:28:55,445 INFO BATCH france 400 records: exact=0.28s ann=0.00s model=0.35s total=0.66s 608.2 rows/s; time_left=138.3min
2026-09-26 23:28:56,142 INFO BATCH france 400 records: exact=0.32s ann=0.00s model=0.35s total=0.69s 580.4 rows/s; time_left=138.3min
2026-09-26 23:28:56,767 INFO BATCH france 400 records: exact=0.26s ann=0.00s model=0.33s total=0.62s 646.2 rows/s; time_left=138.3min
2026-09-26 23:28:56,772 INFO PROGRESS 1725092/1732544 enhanced_rows=1372387 fallback_rows=0
2026-09-26 23:28:57,446 INFO BATCH france 400 records: exact=0.31s ann=0.00s model=0.34s total=0.67s 594.2 rows/s; time_left=138.3min
2026-09-26 23:28:58,153 INFO BATCH france 400 records: exact=0.31s ann=0.00s model=0.36s total=0.70s 571.7 rows/s; time_left=138.3min
2026-09-26 23:28:58,865 INFO BATCH france 400 records: exact=0.33s ann=0.00s model=0.35s total=0.71s 566.9 rows/s; time_left=138.3min
2026-09-26 23:28:59,544 INFO BATCH france 400 records: exact=0.29s ann=0.00s model=0.36s total=0.67s 595.1 rows/s; time_left=138.3min
2026-09-26 23:29:00,349 INFO BATCH france 400 records: exact=0.36s ann=0.00s model=0.40s total=0.80s 501.2 rows/s; time_left=138.3min
2026-09-26 23:29:01,065 INFO BATCH france 400 records: exact=0.32s ann=0.00s model=0.36s total=0.71s 563.2 rows/s; time_left=138.2min
2026-09-26 23:29:01,763 INFO BATCH france 400 records: exact=0.30s ann=0.00s model=0.36s total=0.69s 578.9 rows/s; time_left=138.2min
2026-09-26 23:29:02,519 INFO BATCH france 400 records: exact=0.38s ann=0.00s model=0.35s total=0.75s 533.1 rows/s; time_left=138.2min
2026-09-26 23:29:03,260 INFO BATCH france 400 records: exact=0.35s ann=0.00s model=0.36s total=0.74s 544.0 rows/s; time_left=138.2min
2026-09-26 23:29:03,972 INFO BATCH france 400 records: exact=0.34s ann=0.00s model=0.34s total=0.70s 567.7 rows/s; time_left=138.2min
2026-09-26 23:29:04,694 INFO BATCH france 400 records: exact=0.37s ann=0.00s model=0.33s total=0.72s 558.3 rows/s; time_left=138.2min
2026-09-26 23:29:05,451 INFO BATCH france 400 records: exact=0.36s ann=0.00s model=0.36s total=0.75s 533.0 rows/s; time_left=138.2min
2026-09-26 23:29:06,192 INFO BATCH france 400 records: exact=0.35s ann=0.00s model=0.36s total=0.73s 544.9 rows/s; time_left=138.2min
2026-09-26 23:29:06,196 INFO PROGRESS 1730292/1732544 enhanced_rows=1376804 fallback_rows=0
2026-09-26 23:29:07,016 INFO BATCH france 400 records: exact=0.43s ann=0.00s model=0.35s total=0.82s 488.6 rows/s; time_left=138.1min
2026-09-26 23:29:07,762 INFO BATCH france 400 records: exact=0.39s ann=0.00s model=0.33s total=0.74s 540.9 rows/s; time_left=138.1min
2026-09-26 23:29:08,455 INFO BATCH france 400 records: exact=0.34s ann=0.00s model=0.32s total=0.69s 583.4 rows/s; time_left=138.1min
2026-09-26 23:29:09,197 INFO BATCH france 400 records: exact=0.35s ann=0.00s model=0.36s total=0.74s 543.3 rows/s; time_left=138.1min
2026-09-26 23:29:09,973 INFO BATCH france 400 records: exact=0.38s ann=0.00s model=0.36s total=0.77s 520.5 rows/s; time_left=138.1min
2026-09-26 23:29:10,450 INFO BATCH france 252 records: exact=0.24s ann=0.00s model=0.22s total=0.47s 536.9 rows/s; time_left=138.1min
2026-09-26 23:29:10,590 INFO Completed country france
2026-09-26 23:29:11,100 INFO SUBMISSION READY: student_resource\output_v9 (processed=1732544, improvements=1378695, V1 fallback=0)
